Department O department 0 0 0 0 0 0 1 link link no-js 12 2
of O of 0 1 0 0 0 0 0 link link no-js 12 2
Computer O computer 0 0 0 0 0 0 1 link link no-js 12 2
Science O science 0 0 0 0 0 0 1 link link no-js 12 2
, O , 0 0 0 0 0 0 0 link link no-js 12 2
University O university 0 1 0 0 0 0 1 link link no-js 12 2
of O of 0 1 0 0 0 0 0 link link no-js 12 2
Oxford O oxford 0 1 0 0 0 0 1 link link no-js 12 2
: O : 0 0 0 0 0 0 0 link link no-js 12 2
People O people 0 1 0 0 0 0 1 link link no-js 12 2
: O : 0 0 0 0 0 0 0 link link no-js 12 2
Faculty O faculty 0 0 0 0 0 0 1 link link no-js 12 2
members O members 0 0 0 0 0 0 0 link link no-js 12 2

Skip O skip 0 1 0 0 0 0 1 body html screen-reader-shortcut 4 0
to O to 0 0 0 0 0 0 0 body html screen-reader-shortcut 4 0
main O main 0 0 0 0 0 0 0 body html screen-reader-shortcut 4 0
content O content 0 0 0 0 0 0 0 body html screen-reader-shortcut 4 0

University O university 0 1 0 0 0 0 1 body html print-title 4 2
of O of 0 1 0 0 0 0 0 body html print-title 4 2
Oxford O oxford 0 1 0 0 0 0 1 body html print-title 4 2
Department O department 0 0 0 0 0 0 1 body html print-title 4 2
of O of 0 1 0 0 0 0 0 body html print-title 4 2
Computer O computer 0 0 0 0 0 0 1 body html print-title 4 2
Science O science 0 0 0 0 0 0 1 body html print-title 4 2

Search O search 0 0 0 0 0 0 1 div form sr-only 9 0
for O for 0 1 0 0 0 0 0 div form sr-only 9 0

Search O search 0 0 0 0 0 0 1 img button text-uppercase 11 0

Toggle O toggle 0 0 0 0 0 0 1 button div sr-only 8 0
Main O main 0 1 0 0 0 0 1 div div collapsed 7 0
Menu O menu 0 1 0 0 0 0 1 div div collapsed 7 0

Home O home 0 1 0 0 0 0 1 li ul text-uppercase 9 0

Admissions O admissions 0 0 0 0 0 0 1 li ul text-uppercase 9 0

Research O research 0 1 0 0 0 0 1 li ul text-uppercase 9 0

News O news 0 0 0 0 0 0 1 li ul text-uppercase 9 0
& O & 0 0 0 0 0 0 0 li ul text-uppercase 9 0
Events O events 0 0 0 0 0 0 1 li ul text-uppercase 9 0

About O about 0 0 0 0 0 0 1 li ul text-uppercase 9 0
Us O us 0 1 0 0 0 0 1 li ul text-uppercase 9 0
( O ( 0 0 0 0 0 0 0 a li sr-only 10 0
current O current 0 0 0 0 0 0 0 a li sr-only 10 0
) O ) 0 0 0 0 0 0 0 a li sr-only 10 0

Alumni O alumni 0 0 0 0 0 0 1 li ul text-uppercase 9 0

Our O our 0 0 0 0 0 0 1 li ul text-uppercase 9 0
Students O students 0 0 0 0 0 0 1 li ul text-uppercase 9 0

Innovation O innovation 0 0 0 0 0 0 1 li ul text-uppercase 9 0

Home O home 0 1 0 0 0 0 1 li ol text-uppercase 7 0

About O about 0 0 0 0 0 0 1 li ol text-uppercase 7 0
us O us 0 1 0 0 0 0 0 li ol text-uppercase 7 0

People O people 0 1 0 0 0 0 1 li ol text-uppercase 7 0

Faculty O faculty 0 0 0 0 0 0 1 ol div active 6 6

Faculty O faculty 0 0 0 0 0 0 1 div div page-title 8 0

A O a 0 1 0 0 0 0 1 li ul list-a-z 11 0

B O b 0 1 0 0 0 0 1 li ul list-a-z 11 0

C O c 0 1 0 0 0 0 1 li ul list-a-z 11 0

D O d 0 1 0 0 0 0 1 li ul list-a-z 11 0

E O e 0 1 0 0 0 0 1 li ul list-a-z 11 0

F O f 0 0 0 0 0 0 1 li ul list-a-z 11 0

G O g 0 1 0 0 0 0 1 li ul list-a-z 11 0

H O h 0 1 0 0 0 0 1 li ul list-a-z 11 0

I O i 0 1 0 0 0 0 1 ul a-to-z disabled 10 16

J O j 0 1 0 0 0 0 1 li ul list-a-z 11 0

K O k 0 1 0 0 0 0 1 li ul list-a-z 11 0

L O l 0 1 0 0 0 0 1 li ul list-a-z 11 0

M O m 0 1 0 0 0 0 1 li ul list-a-z 11 0

N O n 0 1 0 0 0 0 1 li ul list-a-z 11 0

O O o 0 1 0 0 0 0 1 li ul list-a-z 11 0

P O p 0 1 0 0 0 0 1 li ul list-a-z 11 0

Q O q 0 1 0 0 0 0 1 ul a-to-z disabled 10 31

R O r 0 1 0 0 0 0 1 li ul list-a-z 11 0

S O s 0 1 0 0 0 0 1 li ul list-a-z 11 0

T O t 0 1 0 0 0 0 1 li ul list-a-z 11 0

U O u 0 1 0 0 0 0 1 ul a-to-z disabled 10 38

V O v 0 1 0 0 0 0 1 li ul list-a-z 11 0

W O w 0 1 0 0 0 0 1 li ul list-a-z 11 0

X O x 0 0 0 0 0 0 1 ul a-to-z disabled 10 43

Y O y 0 1 0 0 0 0 1 ul a-to-z disabled 10 44

Z O z 0 1 0 0 0 0 1 li ul list-a-z 11 0

A O a 0 1 0 0 0 0 1 h2 div underlined-text 8 0

Alessandro B-PER alessandro 1 1 0 0 0 0 1 a li personIndex 10 0
Abate I-PER abate 1 1 0 0 0 0 1 a li personIndex 10 0
Associate O associate 0 1 0 0 0 0 1 li ul list-unbulleted-extra 9 2
Professor O professor 0 0 0 0 1 0 1 li ul list-unbulleted-extra 9 2

Samson B-PER samson 1 1 0 0 0 0 1 a li personIndex 10 0
Abramsky I-PER abramsky 1 1 0 0 0 0 1 a li personIndex 10 0
Christopher O christopher 1 1 0 0 0 0 1 li ul list-unbulleted-extra 9 2
Strachey O strachey 1 1 0 0 0 0 1 li ul list-unbulleted-extra 9 2
Professor O professor 0 0 0 0 1 0 1 li ul list-unbulleted-extra 9 2
of O of 0 1 0 0 0 0 0 li ul list-unbulleted-extra 9 2
Computing O computing 0 0 0 0 0 0 1 li ul list-unbulleted-extra 9 2

B O b 0 1 0 0 0 0 1 h2 div underlined-text 8 0

Jonathan B-PER jonathan 1 1 0 0 0 0 1 a li personIndex 10 0
Barrett I-PER barrett 1 1 0 0 0 0 1 a li personIndex 10 0
Associate O associate 0 1 0 0 0 0 1 li ul list-unbulleted-extra 9 2
Professor O professor 0 0 0 0 1 0 1 li ul list-unbulleted-extra 9 2

Michael B-PER michael 1 1 0 0 0 0 1 a li personIndex 10 0
Benedikt I-PER benedikt 1 1 0 0 0 0 1 a li personIndex 10 0
Professor O professor 0 0 0 0 1 0 1 li ul list-unbulleted-extra 9 2
of O of 0 1 0 0 0 0 0 li ul list-unbulleted-extra 9 2
Computing O computing 0 0 0 0 0 0 1 li ul list-unbulleted-extra 9 2
Science O science 0 0 0 0 0 0 1 li ul list-unbulleted-extra 9 2

Tim B-PER tim 0 1 0 0 0 0 1 a li personIndex 10 0
Berners I-PER berners 0 1 0 0 0 0 1 a li personIndex 10 0
- I-PER - 0 0 0 0 0 0 0 a li personIndex 10 0
Lee I-PER lee 1 1 0 0 0 0 1 a li personIndex 10 0
Professorial O professorial 0 0 0 0 1 0 1 li ul list-unbulleted-extra 9 2
Research O research 0 1 0 0 0 0 1 li ul list-unbulleted-extra 9 2
Fellow O fellow 0 0 0 0 0 0 1 li ul list-unbulleted-extra 9 2

Richard B-PER richard 1 1 0 0 0 0 1 a li personIndex 10 0
Bird I-PER bird 0 1 0 0 0 0 1 a li personIndex 10 0
Emeritus O emeritus 0 1 0 0 1 0 1 li ul list-unbulleted-extra 9 2
Professor O professor 0 0 0 0 1 0 1 li ul list-unbulleted-extra 9 2

Peter B-PER peter 1 1 0 0 0 0 1 a li personIndex 10 0
Bloodsworth I-PER bloodsworth 1 1 0 0 0 0 1 a li personIndex 10 0
Project O project 0 1 0 0 0 0 1 li ul list-unbulleted-extra 9 2
Supervisor O supervisor 0 0 0 0 0 0 1 li ul list-unbulleted-extra 9 2

Phil B-PER phil 1 1 0 0 0 0 1 a li personIndex 10 0
Blunsom I-PER blunsom 1 1 0 0 0 0 1 a li personIndex 10 0
Associate O associate 0 1 0 0 0 0 1 li ul list-unbulleted-extra 9 2
Professor O professor 0 0 0 0 1 0 1 li ul list-unbulleted-extra 9 2
, O , 0 0 0 0 0 0 0 li ul list-unbulleted-extra 9 2
EPSRC O epsrc 0 0 0 0 0 0 1 li ul list-unbulleted-extra 9 2
Early O early 0 1 0 0 0 0 1 li ul list-unbulleted-extra 9 2
Career O career 0 0 0 0 0 0 1 li ul list-unbulleted-extra 9 2
Fellow O fellow 0 0 0 0 0 0 1 li ul list-unbulleted-extra 9 2

Alexander B-PER alexander 0 1 0 0 0 0 1 a li personIndex 10 0
Buckley I-PER buckley 0 1 0 0 0 0 1 a li personIndex 10 0
Senior O senior 0 1 0 0 0 0 1 li ul list-unbulleted-extra 9 2
Researcher O researcher 0 0 0 0 0 0 1 li ul list-unbulleted-extra 9 2

Alfonso B-PER alfonso 0 1 0 0 0 0 1 a li personIndex 10 0
Bueno I-PER bueno 0 1 0 0 0 0 1 a li personIndex 10 0
- I-PER - 0 0 0 0 0 0 0 a li personIndex 10 0
Orovio I-PER orovio 0 0 0 0 0 0 1 a li personIndex 10 0
Senior O senior 0 1 0 0 0 0 1 li ul list-unbulleted-extra 9 2
Researcher O researcher 0 0 0 0 0 0 1 li ul list-unbulleted-extra 9 2

C O c 0 1 0 0 0 0 1 h2 div underlined-text 8 0

Anisoara B-PER anisoara 1 1 0 0 0 0 1 a li personIndex 10 0
Calinescu I-PER calinescu 1 1 0 0 0 0 1 a li personIndex 10 0
Senior O senior 0 1 0 0 0 0 1 li ul list-unbulleted-extra 9 2
Lecturer O lecturer 0 0 0 0 0 0 1 li ul list-unbulleted-extra 9 2

Stephen B-PER stephen 1 1 0 0 0 0 1 a li personIndex 10 0
Cameron I-PER cameron 1 1 0 0 0 0 1 a li personIndex 10 0
Reader O reader 0 1 0 0 0 0 1 li ul list-unbulleted-extra 9 2
in O in 0 1 0 0 0 0 0 li ul list-unbulleted-extra 9 2
Computing O computing 0 0 0 0 0 0 1 li ul list-unbulleted-extra 9 2
Science O science 0 0 0 0 0 0 1 li ul list-unbulleted-extra 9 2
, O , 0 0 0 0 0 0 0 li ul list-unbulleted-extra 9 2
Associate O associate 0 1 0 0 0 0 1 li ul list-unbulleted-extra 9 2
Professor O professor 0 0 0 0 1 0 1 li ul list-unbulleted-extra 9 2

Luca B-PER luca 1 1 0 0 0 0 1 a li personIndex 10 0
Cardelli I-PER cardelli 1 1 0 0 0 0 1 a li personIndex 10 0
Royal O royal 0 1 0 0 0 0 1 li ul list-unbulleted-extra 9 2
Society O society 0 0 0 0 0 0 1 li ul list-unbulleted-extra 9 2
Research O research 0 1 0 0 0 0 1 li ul list-unbulleted-extra 9 2
Professor O professor 0 0 0 0 1 0 1 li ul list-unbulleted-extra 9 2

Alessandra B-PER alessandra 1 1 0 0 0 0 1 a li personIndex 10 0
Cavarra I-PER cavarra 1 1 0 0 0 0 1 a li personIndex 10 0
University O university 0 1 0 0 0 0 1 li ul list-unbulleted-extra 9 2
Lecturer O lecturer 0 0 0 0 0 0 1 li ul list-unbulleted-extra 9 2

Giulio B-PER giulio 1 1 0 0 0 0 1 a li personIndex 10 0
Chiribella I-PER chiribella 1 1 0 0 0 0 1 a li personIndex 10 0
Professor O professor 0 0 0 0 1 0 1 li ul list-unbulleted-extra 9 2
of O of 0 1 0 0 0 0 0 li ul list-unbulleted-extra 9 2
Computer O computer 0 0 0 0 0 0 1 li ul list-unbulleted-extra 9 2
Science O science 0 0 0 0 0 0 1 li ul list-unbulleted-extra 9 2

Bob B-PER bob 1 1 0 0 0 0 1 a li personIndex 10 0
Coecke I-PER coecke 1 1 0 0 0 0 1 a li personIndex 10 0
Professor O professor 0 0 0 0 1 0 1 li ul list-unbulleted-extra 9 2
of O of 0 1 0 0 0 0 0 li ul list-unbulleted-extra 9 2
Quantum O quantum 0 0 0 0 0 0 1 li ul list-unbulleted-extra 9 2
Foundations O foundations 0 0 0 0 0 0 1 li ul list-unbulleted-extra 9 2
, O , 0 0 0 0 0 0 0 li ul list-unbulleted-extra 9 2
Logics O logics 0 0 0 0 0 0 1 li ul list-unbulleted-extra 9 2
and O and 0 1 0 0 0 0 0 li ul list-unbulleted-extra 9 2
Structures O structures 0 0 0 0 0 0 1 li ul list-unbulleted-extra 9 2

Sadie B-PER sadie 1 1 0 0 0 0 1 a li personIndex 10 0
Creese I-PER creese 1 1 0 0 0 0 1 a li personIndex 10 0
Professor O professor 0 0 0 0 1 0 1 li ul list-unbulleted-extra 9 2
of O of 0 1 0 0 0 0 0 li ul list-unbulleted-extra 9 2
Cybersecurity O cybersecurity 0 0 0 0 0 0 1 li ul list-unbulleted-extra 9 2

Cas B-PER cas 1 1 0 0 0 0 1 a li personIndex 10 0
Cremers I-PER cremers 1 1 0 0 0 0 1 a li personIndex 10 0
Professor O professor 0 0 0 0 1 0 1 li ul list-unbulleted-extra 9 2
of O of 0 1 0 0 0 0 0 li ul list-unbulleted-extra 9 2
Information O information 0 1 0 0 0 0 1 li ul list-unbulleted-extra 9 2
Security O security 0 0 0 0 0 0 1 li ul list-unbulleted-extra 9 2

Bernardo B-PER bernardo 1 1 0 0 0 0 1 a li personIndex 10 0
Cuenca I-PER cuenca 1 1 0 0 0 0 1 a li personIndex 10 0
Grau I-PER grau 1 1 0 0 0 0 1 a li personIndex 10 0
Professor O professor 0 0 0 0 1 0 1 li ul list-unbulleted-extra 9 2
of O of 0 1 0 0 0 0 0 li ul list-unbulleted-extra 9 2
Computer O computer 0 0 0 0 0 0 1 li ul list-unbulleted-extra 9 2
Science O science 0 0 0 0 0 0 1 li ul list-unbulleted-extra 9 2
, O , 0 0 0 0 0 0 0 li ul list-unbulleted-extra 9 2
Royal O royal 0 1 0 0 0 0 1 li ul list-unbulleted-extra 9 2
Society O society 0 0 0 0 0 0 1 li ul list-unbulleted-extra 9 2
Research O research 0 1 0 0 0 0 1 li ul list-unbulleted-extra 9 2
Fellow O fellow 0 0 0 0 0 0 1 li ul list-unbulleted-extra 9 2

D O d 0 1 0 0 0 0 1 h2 div underlined-text 8 0

Jim B-PER jim 1 1 0 0 0 0 1 a li personIndex 10 0
Davies I-PER davies 1 1 0 0 0 0 1 a li personIndex 10 0
Professor O professor 0 0 0 0 1 0 1 li ul list-unbulleted-extra 9 2
of O of 0 1 0 0 0 0 0 li ul list-unbulleted-extra 9 2
Software O software 0 1 0 0 0 0 1 li ul list-unbulleted-extra 9 2
Engineering O engineering 0 0 0 0 0 0 1 li ul list-unbulleted-extra 9 2
, O , 0 0 0 0 0 0 0 li ul list-unbulleted-extra 9 2
Director O director 0 1 0 0 0 0 1 li ul list-unbulleted-extra 9 2
, O , 0 0 0 0 0 0 0 li ul list-unbulleted-extra 9 2
Software O software 0 1 0 0 0 0 1 li ul list-unbulleted-extra 9 2
Engineering O engineering 0 0 0 0 0 0 1 li ul list-unbulleted-extra 9 2
Programme O programme 0 0 0 0 0 0 1 li ul list-unbulleted-extra 9 2

E O e 0 1 0 0 0 0 1 h2 div underlined-text 8 0

Edith B-PER edith 1 1 0 0 0 0 1 a li personIndex 10 0
Elkind I-PER elkind 1 1 0 0 0 0 1 a li personIndex 10 0
Professor O professor 0 0 0 0 1 0 1 li ul list-unbulleted-extra 9 2
of O of 0 1 0 0 0 0 0 li ul list-unbulleted-extra 9 2
Computing O computing 0 0 0 0 0 0 1 li ul list-unbulleted-extra 9 2
Science O science 0 0 0 0 0 0 1 li ul list-unbulleted-extra 9 2

Zohar B-PER zohar 1 1 0 0 0 0 1 a li personIndex 10 0
Etzioni I-PER etzioni 1 1 0 0 0 0 1 a li personIndex 10 0
Project O project 0 1 0 0 0 0 1 li ul list-unbulleted-extra 9 2
Supervisor O supervisor 0 0 0 0 0 0 1 li ul list-unbulleted-extra 9 2

F O f 0 0 0 0 0 0 1 h2 div underlined-text 8 0

Ivan B-PER ivan 1 1 0 0 0 0 1 a li personIndex 10 0
Flechais I-PER flechais 1 1 0 0 0 0 1 a li personIndex 10 0
Associate O associate 0 1 0 0 0 0 1 li ul list-unbulleted-extra 9 2
Professor O professor 0 0 0 0 1 0 1 li ul list-unbulleted-extra 9 2

Tim B-PER tim 1 1 0 0 0 0 1 a li personIndex 10 0
Furche I-PER furche 1 1 0 0 0 0 1 a li personIndex 10 0
Departmental O departmental 0 0 0 0 0 0 1 li ul list-unbulleted-extra 9 2
Lecturer O lecturer 0 0 0 0 0 0 1 li ul list-unbulleted-extra 9 2
, O , 0 0 0 0 0 0 0 li ul list-unbulleted-extra 9 2
EPSRC O epsrc 0 0 0 0 0 0 1 li ul list-unbulleted-extra 9 2
Post O post 0 1 0 0 0 0 1 li ul list-unbulleted-extra 9 2
- O - 0 0 0 0 0 0 0 li ul list-unbulleted-extra 9 2
Doctoral O doctoral 0 0 0 0 0 0 1 li ul list-unbulleted-extra 9 2
Research O research 0 1 0 0 0 0 1 li ul list-unbulleted-extra 9 2
Fellow O fellow 0 0 0 0 0 0 1 li ul list-unbulleted-extra 9 2

G O g 0 1 0 0 0 0 1 h2 div underlined-text 8 0

Yarin B-PER yarin 1 1 0 0 0 0 1 a li personIndex 10 0
Gal I-PER gal 1 1 0 0 0 0 1 a li personIndex 10 0
Associate O associate 0 1 0 0 0 0 1 li ul list-unbulleted-extra 9 2
Professor O professor 0 0 0 0 1 0 1 li ul list-unbulleted-extra 9 2

David B-PER david 1 1 0 0 0 0 1 a li personIndex 10 0
Gavaghan I-PER gavaghan 1 1 0 0 0 0 1 a li personIndex 10 0
Professor O professor 0 0 0 0 1 0 1 li ul list-unbulleted-extra 9 2
of O of 0 1 0 0 0 0 0 li ul list-unbulleted-extra 9 2
Computational O computational 0 0 0 0 0 0 1 li ul list-unbulleted-extra 9 2
Biology O biology 0 0 0 0 0 0 1 li ul list-unbulleted-extra 9 2

Jeremy B-PER jeremy 1 1 0 0 0 0 1 a li personIndex 10 0
Gibbons I-PER gibbons 1 1 0 0 0 0 1 a li personIndex 10 0
Professor O professor 0 0 0 0 1 0 1 li ul list-unbulleted-extra 9 2
of O of 0 1 0 0 0 0 0 li ul list-unbulleted-extra 9 2
Computing O computing 0 0 0 0 0 0 1 li ul list-unbulleted-extra 9 2

Thomas B-PER thomas 1 1 0 0 0 0 1 a li personIndex 10 0
Gibson I-PER gibson 1 1 0 0 0 0 1 a li personIndex 10 0
- I-PER - 0 0 0 0 0 0 0 a li personIndex 10 0
Robinson I-PER robinson 0 1 0 0 0 0 1 a li personIndex 10 0
Senior O senior 0 1 0 0 0 0 1 li ul list-unbulleted-extra 9 2
Researcher O researcher 0 0 0 0 0 0 1 li ul list-unbulleted-extra 9 2

Leslie B-PER leslie 1 1 0 0 0 0 1 a li personIndex 10 0
Ann I-PER ann 1 1 0 0 0 0 1 a li personIndex 10 0
Goldberg I-PER goldberg 1 1 0 0 0 0 1 a li personIndex 10 0
Professor O professor 0 0 0 0 1 0 1 li ul list-unbulleted-extra 9 2
of O of 0 1 0 0 0 0 0 li ul list-unbulleted-extra 9 2
Computer O computer 0 0 0 0 0 0 1 li ul list-unbulleted-extra 9 2
Science O science 0 0 0 0 0 0 1 li ul list-unbulleted-extra 9 2

Paul B-PER paul 0 1 0 0 0 0 1 a li personIndex 10 0
Goldberg I-PER goldberg 0 1 0 0 0 0 1 a li personIndex 10 0
Professor O professor 0 0 0 0 1 0 1 li ul list-unbulleted-extra 9 2
of O of 0 1 0 0 0 0 0 li ul list-unbulleted-extra 9 2
Computer O computer 0 0 0 0 0 0 1 li ul list-unbulleted-extra 9 2
Science O science 0 0 0 0 0 0 1 li ul list-unbulleted-extra 9 2

Michael B-PER michael 1 1 0 0 0 0 1 a li personIndex 10 0
Goldsmith I-PER goldsmith 1 1 0 0 0 0 1 a li personIndex 10 0
Senior O senior 0 1 0 0 0 0 1 li ul list-unbulleted-extra 9 2
Research O research 0 1 0 0 0 0 1 li ul list-unbulleted-extra 9 2
Fellow O fellow 0 0 0 0 0 0 1 li ul list-unbulleted-extra 9 2

Georg B-PER georg 1 1 0 0 0 0 1 a li personIndex 10 0
Gottlob I-PER gottlob 1 1 0 0 0 0 1 a li personIndex 10 0
Professor O professor 0 0 0 0 1 0 1 li ul list-unbulleted-extra 9 2
of O of 0 1 0 0 0 0 0 li ul list-unbulleted-extra 9 2
Informatics O informatics 0 0 0 0 0 0 1 li ul list-unbulleted-extra 9 2

Julian B-PER julian 1 1 0 0 0 0 1 a li personIndex 10 0
Gutierrez I-PER gutierrez 1 1 0 0 0 0 1 a li personIndex 10 0
Departmental O departmental 0 0 0 0 0 0 1 li ul list-unbulleted-extra 9 2
Lecturer O lecturer 0 0 0 0 0 0 1 li ul list-unbulleted-extra 9 2

H O h 0 1 0 0 0 0 1 h2 div underlined-text 8 0

Christoph B-PER christoph 1 1 0 0 0 0 1 a li personIndex 10 0
Haase I-PER haase 1 1 0 0 0 0 1 a li personIndex 10 0
Departmental O departmental 0 0 0 0 0 0 1 li ul list-unbulleted-extra 9 2
Lecturer O lecturer 0 0 0 0 0 0 1 li ul list-unbulleted-extra 9 2

Tony B-PER tony 1 1 0 0 0 0 1 a li personIndex 10 0
Hoare I-PER hoare 1 1 0 0 0 0 1 a li personIndex 10 0
Emeritus O emeritus 0 1 0 0 1 0 1 li ul list-unbulleted-extra 9 2
Professor O professor 0 0 0 0 1 0 1 li ul list-unbulleted-extra 9 2

Philippa B-PER philippa 0 1 0 0 0 0 1 a li personIndex 10 0
Hopcroft I-PER hopcroft 0 1 0 0 0 0 1 a li personIndex 10 0
Senior O senior 0 1 0 0 0 0 1 li ul list-unbulleted-extra 9 2
Research O research 0 1 0 0 0 0 1 li ul list-unbulleted-extra 9 2
Fellow O fellow 0 0 0 0 0 0 1 li ul list-unbulleted-extra 9 2

Ian B-PER ian 1 1 0 0 0 0 1 a li personIndex 10 0
Horrocks I-PER horrocks 1 1 0 0 0 0 1 a li personIndex 10 0
Professor O professor 0 0 0 0 1 0 1 li ul list-unbulleted-extra 9 2
of O of 0 1 0 0 0 0 0 li ul list-unbulleted-extra 9 2
Computer O computer 0 0 0 0 0 0 1 li ul list-unbulleted-extra 9 2
Science O science 0 0 0 0 0 0 1 li ul list-unbulleted-extra 9 2

J O j 0 1 0 0 0 0 1 h2 div underlined-text 8 0

Peter B-PER peter 1 1 0 0 0 0 1 a li personIndex 10 0
Jeavons I-PER jeavons 1 1 0 0 0 0 1 a li personIndex 10 0
Professor O professor 0 0 0 0 1 0 1 li ul list-unbulleted-extra 9 2
of O of 0 1 0 0 0 0 0 li ul list-unbulleted-extra 9 2
Computer O computer 0 0 0 0 0 0 1 li ul list-unbulleted-extra 9 2
Science O science 0 0 0 0 0 0 1 li ul list-unbulleted-extra 9 2

Marina B-PER marina 1 1 0 0 0 0 1 a li personIndex 10 0
Jirotka I-PER jirotka 1 1 0 0 0 0 1 a li personIndex 10 0
Professor O professor 0 0 0 0 1 0 1 li ul list-unbulleted-extra 9 2
of O of 0 1 0 0 0 0 0 li ul list-unbulleted-extra 9 2
Human O human 0 1 0 0 0 0 1 li ul list-unbulleted-extra 9 2
Centred O centred 0 0 0 0 0 0 1 li ul list-unbulleted-extra 9 2
Computing O computing 0 0 0 0 0 0 1 li ul list-unbulleted-extra 9 2

Geraint B-PER geraint 1 1 0 0 0 0 1 a li personIndex 10 0
Jones I-PER jones 1 1 0 0 0 0 1 a li personIndex 10 0
University O university 0 1 0 0 0 0 1 li ul list-unbulleted-extra 9 2
Lecturer O lecturer 0 0 0 0 0 0 1 li ul list-unbulleted-extra 9 2

K O k 0 1 0 0 0 0 1 h2 div underlined-text 8 0

Mark B-PER mark 1 1 0 0 0 0 1 a li personIndex 10 0
Kaminski I-PER kaminski 1 1 0 0 0 0 1 a li personIndex 10 0
Senior O senior 0 1 0 0 0 0 1 li ul list-unbulleted-extra 9 2
Researcher O researcher 0 0 0 0 0 0 1 li ul list-unbulleted-extra 9 2

Varun B-PER varun 1 1 0 0 0 0 1 a li personIndex 10 0
Kanade I-PER kanade 1 1 0 0 0 0 1 a li personIndex 10 0
Associate O associate 0 1 0 0 0 0 1 li ul list-unbulleted-extra 9 2
Professor O professor 0 0 0 0 1 0 1 li ul list-unbulleted-extra 9 2

David B-PER david 1 1 0 0 0 0 1 a li personIndex 10 0
Kay I-PER kay 1 1 0 0 0 0 1 a li personIndex 10 0
Associate O associate 0 1 0 0 0 0 1 li ul list-unbulleted-extra 9 2
Professor O professor 0 0 0 0 1 0 1 li ul list-unbulleted-extra 9 2
, O , 0 0 0 0 0 0 0 li ul list-unbulleted-extra 9 2
Director O director 0 1 0 0 0 0 1 li ul list-unbulleted-extra 9 2
of O of 0 1 0 0 0 0 0 li ul list-unbulleted-extra 9 2
Graduate O graduate 1 1 0 0 0 0 1 li ul list-unbulleted-extra 9 2
Studies O studies 0 0 0 0 0 0 1 li ul list-unbulleted-extra 9 2

Andrew B-PER andrew 1 1 0 0 1 0 1 a li personIndex 10 0
D. I-PER d. 1 1 0 0 0 0 1 a li personIndex 10 0
Ker I-PER ker 1 1 0 0 0 0 1 a li personIndex 10 0
Associate O associate 0 1 0 0 0 0 1 li ul list-unbulleted-extra 9 2
Professor O professor 0 0 0 0 1 0 1 li ul list-unbulleted-extra 9 2

Evgeny B-PER evgeny 1 1 0 0 0 0 1 a li personIndex 10 0
Kharlamov I-PER kharlamov 1 1 0 0 0 0 1 a li personIndex 10 0
Senior O senior 0 1 0 0 0 0 1 li ul list-unbulleted-extra 9 2
Research O research 0 1 0 0 0 0 1 li ul list-unbulleted-extra 9 2
Fellow O fellow 0 0 0 0 0 0 1 li ul list-unbulleted-extra 9 2

Stefan B-PER stefan 1 1 0 0 0 0 1 a li personIndex 10 0
Kiefer I-PER kiefer 1 1 0 0 0 0 1 a li personIndex 10 0
Associate O associate 0 1 0 0 0 0 1 li ul list-unbulleted-extra 9 2
Professor O professor 0 0 0 0 1 0 1 li ul list-unbulleted-extra 9 2
, O , 0 0 0 0 0 0 0 li ul list-unbulleted-extra 9 2
Royal O royal 0 1 0 0 0 0 1 li ul list-unbulleted-extra 9 2
Society O society 0 0 0 0 0 0 1 li ul list-unbulleted-extra 9 2
Research O research 0 1 0 0 0 0 1 li ul list-unbulleted-extra 9 2
Fellow O fellow 0 0 0 0 0 0 1 li ul list-unbulleted-extra 9 2

Egor B-PER egor 1 1 0 0 0 0 1 a li personIndex 10 0
V. I-PER v. 1 1 0 0 0 0 1 a li personIndex 10 0
Kostylev I-PER kostylev 1 1 0 0 0 0 1 a li personIndex 10 0
Departmental O departmental 0 0 0 0 0 0 1 li ul list-unbulleted-extra 9 2
Lecturer O lecturer 0 0 0 0 0 0 1 li ul list-unbulleted-extra 9 2

Elias B-PER elias 1 1 0 0 0 0 1 a li personIndex 10 0
Koutsoupias I-PER koutsoupias 1 1 0 0 0 0 1 a li personIndex 10 0
Professor O professor 0 0 0 0 1 0 1 li ul list-unbulleted-extra 9 2
of O of 0 1 0 0 0 0 0 li ul list-unbulleted-extra 9 2
Computer O computer 0 0 0 0 0 0 1 li ul list-unbulleted-extra 9 2
Science O science 0 0 0 0 0 0 1 li ul list-unbulleted-extra 9 2

Daniel B-PER daniel 1 1 0 0 0 0 1 a li personIndex 10 0
Kroening I-PER kroening 1 1 0 0 0 0 1 a li personIndex 10 0
Professor O professor 0 0 0 0 1 0 1 li ul list-unbulleted-extra 9 2
of O of 0 1 0 0 0 0 0 li ul list-unbulleted-extra 9 2
Computer O computer 0 0 0 0 0 0 1 li ul list-unbulleted-extra 9 2
Science O science 0 0 0 0 0 0 1 li ul list-unbulleted-extra 9 2

Marta B-PER marta 0 1 0 0 0 0 1 a li personIndex 10 0
Kwiatkowska I-PER kwiatkowska 0 1 0 0 0 0 1 a li personIndex 10 0
Professor O professor 0 0 0 0 1 0 1 li ul list-unbulleted-extra 9 2
of O of 0 1 0 0 0 0 0 li ul list-unbulleted-extra 9 2
Computing O computing 0 0 0 0 0 0 1 li ul list-unbulleted-extra 9 2
Systems O systems 0 0 0 0 0 0 1 li ul list-unbulleted-extra 9 2

L O l 0 1 0 0 0 0 1 h2 div underlined-text 8 0

Anthony B-PER anthony 0 1 0 0 0 0 1 a li personIndex 10 0
W. I-PER w. 1 1 0 0 0 0 1 a li personIndex 10 0
Lin I-PER lin 1 1 0 0 0 0 1 a li personIndex 10 0
Associate O associate 0 1 0 0 0 0 1 li ul list-unbulleted-extra 9 2
Professor O professor 0 0 0 0 1 0 1 li ul list-unbulleted-extra 9 2
in O in 0 1 0 0 0 0 0 li ul list-unbulleted-extra 9 2
Programming O programming 0 1 0 0 0 0 1 li ul list-unbulleted-extra 9 2
Languages O languages 0 0 0 0 0 0 1 li ul list-unbulleted-extra 9 2

Gavin B-PER gavin 1 1 0 0 0 0 1 a li personIndex 10 0
Lowe I-PER lowe 1 1 0 0 0 0 1 a li personIndex 10 0
Professor O professor 0 0 0 0 1 0 1 li ul list-unbulleted-extra 9 2
of O of 0 1 0 0 0 0 0 li ul list-unbulleted-extra 9 2
Computer O computer 0 0 0 0 0 0 1 li ul list-unbulleted-extra 9 2
Science O science 0 0 0 0 0 0 1 li ul list-unbulleted-extra 9 2

Thomas B-PER thomas 1 1 0 0 0 0 1 a li personIndex 10 0
Lukasiewicz I-PER lukasiewicz 1 1 0 0 0 0 1 a li personIndex 10 0
Professor O professor 0 0 0 0 1 0 1 li ul list-unbulleted-extra 9 2
of O of 0 1 0 0 0 0 0 li ul list-unbulleted-extra 9 2
Computer O computer 0 0 0 0 0 0 1 li ul list-unbulleted-extra 9 2
Science O science 0 0 0 0 0 0 1 li ul list-unbulleted-extra 9 2
, O , 0 0 0 0 0 0 0 li ul list-unbulleted-extra 9 2
Yahoo! O yahoo! 0 0 0 0 0 0 1 li ul list-unbulleted-extra 9 2
Research O research 0 1 0 0 0 0 1 li ul list-unbulleted-extra 9 2
Fellow O fellow 0 0 0 0 0 0 1 li ul list-unbulleted-extra 9 2

M O m 0 1 0 0 0 0 1 h2 div underlined-text 8 0

Andrew B-PER andrew 1 1 0 0 1 0 1 a li personIndex 10 0
Markham I-PER markham 1 1 0 0 0 0 1 a li personIndex 10 0
Associate O associate 0 1 0 0 0 0 1 li ul list-unbulleted-extra 9 2
Professor O professor 0 0 0 0 1 0 1 li ul list-unbulleted-extra 9 2

Andrew B-PER andrew 1 1 0 0 1 0 1 a li personIndex 10 0
Martin I-PER martin 1 1 0 0 0 0 1 a li personIndex 10 0
Professor O professor 0 0 0 0 1 0 1 li ul list-unbulleted-extra 9 2
of O of 0 1 0 0 0 0 0 li ul list-unbulleted-extra 9 2
Systems O systems 0 0 0 0 0 0 1 li ul list-unbulleted-extra 9 2
Security O security 0 0 0 0 0 0 1 li ul list-unbulleted-extra 9 2

Ursula B-PER ursula 1 1 0 0 0 0 1 a li personIndex 10 0
Martin I-PER martin 1 1 0 0 0 0 1 a li personIndex 10 0
Professor O professor 0 0 0 0 1 0 1 li ul list-unbulleted-extra 9 2
of O of 0 1 0 0 0 0 0 li ul list-unbulleted-extra 9 2
Computer O computer 0 0 0 0 0 0 1 li ul list-unbulleted-extra 9 2
Science O science 0 0 0 0 0 0 1 li ul list-unbulleted-extra 9 2

Ivan B-PER ivan 1 1 0 0 0 0 1 a li personIndex 10 0
Martinovic I-PER martinovic 1 1 0 0 0 0 1 a li personIndex 10 0
Associate O associate 0 1 0 0 0 0 1 li ul list-unbulleted-extra 9 2
Professor O professor 0 0 0 0 1 0 1 li ul list-unbulleted-extra 9 2

Tom B-PER tom 1 1 0 0 0 0 1 a li personIndex 10 0
Melham I-PER melham 1 1 0 0 0 0 1 a li personIndex 10 0
Professor O professor 0 0 0 0 1 0 1 li ul list-unbulleted-extra 9 2
of O of 0 1 0 0 0 0 0 li ul list-unbulleted-extra 9 2
Computer O computer 0 0 0 0 0 0 1 li ul list-unbulleted-extra 9 2
Science O science 0 0 0 0 0 0 1 li ul list-unbulleted-extra 9 2

Peter B-PER peter 1 1 0 0 0 0 1 a li personIndex 10 0
Minary I-PER minary 1 1 0 0 0 0 1 a li personIndex 10 0
Research O research 0 1 0 0 0 0 1 li ul list-unbulleted-extra 9 2
Lecturer O lecturer 0 0 0 0 0 0 1 li ul list-unbulleted-extra 9 2
in O in 0 1 0 0 0 0 0 li ul list-unbulleted-extra 9 2
Computational O computational 0 0 0 0 0 0 1 li ul list-unbulleted-extra 9 2
Biology O biology 0 0 0 0 0 0 1 li ul list-unbulleted-extra 9 2

Boris B-PER boris 1 1 0 0 0 0 1 a li personIndex 10 0
Motik I-PER motik 1 1 0 0 0 0 1 a li personIndex 10 0
Professor O professor 0 0 0 0 1 0 1 li ul list-unbulleted-extra 9 2
of O of 0 1 0 0 0 0 0 li ul list-unbulleted-extra 9 2
Computer O computer 0 0 0 0 0 0 1 li ul list-unbulleted-extra 9 2
Science O science 0 0 0 0 0 0 1 li ul list-unbulleted-extra 9 2

Andrzej B-PER andrzej 0 1 0 0 1 0 1 a li personIndex 10 0
Murawski I-PER murawski 0 1 0 0 0 0 1 a li personIndex 10 0
Associate O associate 0 1 0 0 0 0 1 li ul list-unbulleted-extra 9 2
Professor O professor 0 0 0 0 1 0 1 li ul list-unbulleted-extra 9 2

N O n 0 1 0 0 0 0 1 h2 div underlined-text 8 0

Hanno B-PER hanno 1 1 0 0 0 0 1 a li personIndex 10 0
Nickau I-PER nickau 1 1 0 0 0 0 1 a li personIndex 10 0
Departmental O departmental 0 0 0 0 0 0 1 li ul list-unbulleted-extra 9 2
Lecturer O lecturer 0 0 0 0 0 0 1 li ul list-unbulleted-extra 9 2

Nadeschda B-PER nadeschda 1 1 0 0 0 0 1 a li personIndex 10 0
Nikitina I-PER nikitina 1 1 0 0 0 0 1 a li personIndex 10 0
Departmental O departmental 0 0 0 0 0 0 1 li ul list-unbulleted-extra 9 2
Lecturer O lecturer 0 0 0 0 0 0 1 li ul list-unbulleted-extra 9 2

Milos B-PER milos 1 1 0 0 0 0 1 a li personIndex 10 0
Nikolic I-PER nikolic 1 1 0 0 0 0 1 a li personIndex 10 0
Departmental O departmental 0 0 0 0 0 0 1 li ul list-unbulleted-extra 9 2
Lecturer O lecturer 0 0 0 0 0 0 1 li ul list-unbulleted-extra 9 2

O O o 0 1 0 0 0 0 1 h2 div underlined-text 8 0

Dan B-PER dan 1 1 0 0 0 0 1 a li personIndex 10 0
Olteanu I-PER olteanu 1 1 0 0 0 0 1 a li personIndex 10 0
Professor O professor 0 0 0 0 1 0 1 li ul list-unbulleted-extra 9 2
of O of 0 1 0 0 0 0 0 li ul list-unbulleted-extra 9 2
Computer O computer 0 0 0 0 0 0 1 li ul list-unbulleted-extra 9 2
Science O science 0 0 0 0 0 0 1 li ul list-unbulleted-extra 9 2

Luke B-PER luke 1 1 0 0 0 0 1 a li personIndex 10 0
Ong I-PER ong 1 1 0 0 0 0 1 a li personIndex 10 0
Professor O professor 0 0 0 0 1 0 1 li ul list-unbulleted-extra 9 2
of O of 0 1 0 0 0 0 0 li ul list-unbulleted-extra 9 2
Computer O computer 0 0 0 0 0 0 1 li ul list-unbulleted-extra 9 2
Science O science 0 0 0 0 0 0 1 li ul list-unbulleted-extra 9 2

Joel B-PER joel 0 1 0 0 0 0 1 a li personIndex 10 0
Ouaknine I-PER ouaknine 0 1 0 0 0 0 1 a li personIndex 10 0
Professor O professor 0 0 0 0 1 0 1 li ul list-unbulleted-extra 9 2
of O of 0 1 0 0 0 0 0 li ul list-unbulleted-extra 9 2
Computer O computer 0 0 0 0 0 0 1 li ul list-unbulleted-extra 9 2
Science O science 0 0 0 0 0 0 1 li ul list-unbulleted-extra 9 2

P O p 0 1 0 0 0 0 1 h2 div underlined-text 8 0

Dmitrii B-PER dmitrii 0 1 0 0 0 0 1 a li personIndex 10 0
Pasechnik I-PER pasechnik 0 1 0 0 0 0 1 a li personIndex 10 0
Senior O senior 0 1 0 0 0 0 1 li ul list-unbulleted-extra 9 2
Research O research 0 1 0 0 0 0 1 li ul list-unbulleted-extra 9 2
Fellow O fellow 0 0 0 0 0 0 1 li ul list-unbulleted-extra 9 2

Joe B-PER joe 0 1 0 0 0 0 1 a li personIndex 10 0
Pitt I-PER pitt 0 1 0 0 0 0 1 a li personIndex 10 0
- I-PER - 0 0 0 0 0 0 0 a li personIndex 10 0
Francis I-PER francis 0 1 0 0 0 0 1 a li personIndex 10 0
Research O research 0 1 0 0 0 0 1 li ul list-unbulleted-extra 9 2
Assistant O assistant 0 0 0 0 0 0 1 li ul list-unbulleted-extra 9 2
, O , 0 0 0 0 0 0 0 li ul list-unbulleted-extra 9 2
Associate O associate 0 1 0 0 0 0 1 li ul list-unbulleted-extra 9 2
Director O director 0 1 0 0 0 0 1 li ul list-unbulleted-extra 9 2
, O , 0 0 0 0 0 0 0 li ul list-unbulleted-extra 9 2
Doctoral O doctoral 0 0 0 0 0 0 1 li ul list-unbulleted-extra 9 2
Training O training 0 0 0 0 0 0 1 li ul list-unbulleted-extra 9 2
Center O center 0 1 0 0 0 0 1 li ul list-unbulleted-extra 9 2
, O , 0 0 0 0 0 0 0 li ul list-unbulleted-extra 9 2
Departmental O departmental 0 0 0 0 0 0 1 li ul list-unbulleted-extra 9 2
Lecturer O lecturer 0 0 0 0 0 0 1 li ul list-unbulleted-extra 9 2

Stephen B-PER stephen 1 1 0 0 0 0 1 a li personIndex 10 0
Pulman I-PER pulman 1 1 0 0 0 0 1 a li personIndex 10 0
Professor O professor 0 0 0 0 1 0 1 li ul list-unbulleted-extra 9 2
of O of 0 1 0 0 0 0 0 li ul list-unbulleted-extra 9 2
Computational O computational 0 0 0 0 0 0 1 li ul list-unbulleted-extra 9 2
Linguistics O linguistics 0 0 0 0 0 0 1 li ul list-unbulleted-extra 9 2

R O r 0 1 0 0 0 0 1 h2 div underlined-text 8 0

Kasper B-PER kasper 0 1 0 0 0 0 1 a li personIndex 10 0
Rasmussen I-PER rasmussen 0 1 0 0 0 0 1 a li personIndex 10 0
Associate O associate 0 1 0 0 0 0 1 li ul list-unbulleted-extra 9 2
Professor O professor 0 0 0 0 1 0 1 li ul list-unbulleted-extra 9 2
, O , 0 0 0 0 0 0 0 li ul list-unbulleted-extra 9 2
Royal O royal 0 1 0 0 0 0 1 li ul list-unbulleted-extra 9 2
Society O society 0 0 0 0 0 0 1 li ul list-unbulleted-extra 9 2
Research O research 0 1 0 0 0 0 1 li ul list-unbulleted-extra 9 2
Fellow O fellow 0 0 0 0 0 0 1 li ul list-unbulleted-extra 9 2

Stephane B-PER stephane 0 1 0 0 0 0 1 a li personIndex 10 0
Reissfelder I-PER reissfelder 0 1 0 0 0 0 1 a li personIndex 10 0
Senior O senior 0 1 0 0 0 0 1 li ul list-unbulleted-extra 9 2
Researcher O researcher 0 0 0 0 0 0 1 li ul list-unbulleted-extra 9 2

Blanca B-PER blanca 0 1 0 0 0 0 1 a li personIndex 10 0
Rodriguez I-PER rodriguez 0 1 0 0 0 0 1 a li personIndex 10 0
Professor O professor 0 0 0 0 1 0 1 li ul list-unbulleted-extra 9 2
of O of 0 1 0 0 0 0 0 li ul list-unbulleted-extra 9 2
Computational O computational 0 0 0 0 0 0 1 li ul list-unbulleted-extra 9 2
Medicine O medicine 0 0 0 0 0 0 1 li ul list-unbulleted-extra 9 2
, O , 0 0 0 0 0 0 0 li ul list-unbulleted-extra 9 2
Wellcome O wellcome 0 1 0 0 0 0 1 li ul list-unbulleted-extra 9 2
Trust O trust 0 1 0 0 0 0 1 li ul list-unbulleted-extra 9 2
Senior O senior 0 1 0 0 0 0 1 li ul list-unbulleted-extra 9 2
Research O research 0 1 0 0 0 0 1 li ul list-unbulleted-extra 9 2
Fellow O fellow 0 0 0 0 0 0 1 li ul list-unbulleted-extra 9 2
in O in 0 1 0 0 0 0 0 li ul list-unbulleted-extra 9 2
Basic O basic 0 1 0 0 0 0 1 li ul list-unbulleted-extra 9 2
Biomedical O biomedical 0 0 0 0 0 0 1 li ul list-unbulleted-extra 9 2
Sciences O sciences 0 0 0 0 0 0 1 li ul list-unbulleted-extra 9 2

Alex B-PER alex 1 1 0 0 0 0 1 a li personIndex 10 0
Rogers I-PER rogers 1 1 0 0 0 0 1 a li personIndex 10 0
Professor O professor 0 0 0 0 1 0 1 li ul list-unbulleted-extra 9 2
of O of 0 1 0 0 0 0 0 li ul list-unbulleted-extra 9 2
Computer O computer 0 0 0 0 0 0 1 li ul list-unbulleted-extra 9 2
Science O science 0 0 0 0 0 0 1 li ul list-unbulleted-extra 9 2

Bill B-PER bill 1 1 0 0 0 0 1 a li personIndex 10 0
Roscoe I-PER roscoe 1 1 0 0 0 0 1 a li personIndex 10 0
Professor O professor 0 0 0 0 1 0 1 li ul list-unbulleted-extra 9 2
of O of 0 1 0 0 0 0 0 li ul list-unbulleted-extra 9 2
Computing O computing 0 0 0 0 0 0 1 li ul list-unbulleted-extra 9 2
Science O science 0 0 0 0 0 0 1 li ul list-unbulleted-extra 9 2

S O s 0 1 0 0 0 0 1 h2 div underlined-text 8 0

Emanuel B-PER emanuel 1 1 0 0 1 0 1 a li personIndex 10 0
Sallinger I-PER sallinger 1 1 0 0 0 0 1 a li personIndex 10 0
Senior O senior 0 1 0 0 0 0 1 li ul list-unbulleted-extra 9 2
Researcher O researcher 0 0 0 0 0 0 1 li ul list-unbulleted-extra 9 2

Rahul B-PER rahul 1 1 0 0 0 0 1 a li personIndex 10 0
Santhanam I-PER santhanam 1 1 0 0 0 0 1 a li personIndex 10 0
Professor O professor 0 0 0 0 1 0 1 li ul list-unbulleted-extra 9 2
of O of 0 1 0 0 0 0 0 li ul list-unbulleted-extra 9 2
Computing O computing 0 0 0 0 0 0 1 li ul list-unbulleted-extra 9 2
Science O science 0 0 0 0 0 0 1 li ul list-unbulleted-extra 9 2

Nigel B-PER nigel 1 1 0 0 0 0 1 a li personIndex 10 0
Shadbolt I-PER shadbolt 1 1 0 0 0 0 1 a li personIndex 10 0
Professor O professor 0 0 0 0 1 0 1 li ul list-unbulleted-extra 9 2
of O of 0 1 0 0 0 0 0 li ul list-unbulleted-extra 9 2
Computing O computing 0 0 0 0 0 0 1 li ul list-unbulleted-extra 9 2
Science O science 0 0 0 0 0 0 1 li ul list-unbulleted-extra 9 2

Seyyed B-PER seyyed 0 1 0 0 0 0 1 a li personIndex 10 0
M I-PER m 0 1 0 0 0 0 1 a li personIndex 10 0
Shah I-PER shah 0 1 0 0 0 0 1 a li personIndex 10 0
Senior O senior 0 1 0 0 0 0 1 li ul list-unbulleted-extra 9 2
Researcher O researcher 0 0 0 0 0 0 1 li ul list-unbulleted-extra 9 2

Andrew B-PER andrew 1 1 0 0 1 0 1 a li personIndex 10 0
Simpson I-PER simpson 1 1 0 0 0 0 1 a li personIndex 10 0
Associate O associate 0 1 0 0 0 0 1 li ul list-unbulleted-extra 9 2
Professor O professor 0 0 0 0 1 0 1 li ul list-unbulleted-extra 9 2

Monika B-PER monika 1 1 0 0 0 0 1 a li personIndex 10 0
Solanki I-PER solanki 1 1 0 0 0 0 1 a li personIndex 10 0
Senior O senior 0 1 0 0 0 0 1 li ul list-unbulleted-extra 9 2
Researcher O researcher 0 0 0 0 0 0 1 li ul list-unbulleted-extra 9 2

Mike B-PER mike 0 1 0 0 0 0 1 a li personIndex 10 0
Spivey I-PER spivey 0 1 0 0 0 0 1 a li personIndex 10 0
Director O director 0 1 0 0 0 0 1 li ul list-unbulleted-extra 9 2
of O of 0 1 0 0 0 0 0 li ul list-unbulleted-extra 9 2
Teaching O teaching 0 0 0 0 0 0 1 li ul list-unbulleted-extra 9 2
, O , 0 0 0 0 0 0 0 li ul list-unbulleted-extra 9 2
Associate O associate 0 1 0 0 0 0 1 li ul list-unbulleted-extra 9 2
Professor O professor 0 0 0 0 1 0 1 li ul list-unbulleted-extra 9 2

Sam B-PER sam 1 1 0 0 0 0 1 a li personIndex 10 0
Staton I-PER staton 1 1 0 0 0 0 1 a li personIndex 10 0
Research O research 0 1 0 0 0 0 1 li ul list-unbulleted-extra 9 2
Lecturer O lecturer 0 0 0 0 0 0 1 li ul list-unbulleted-extra 9 2
, O , 0 0 0 0 0 0 0 li ul list-unbulleted-extra 9 2
Associate O associate 0 1 0 0 0 0 1 li ul list-unbulleted-extra 9 2
Professor O professor 0 0 0 0 1 0 1 li ul list-unbulleted-extra 9 2

Bernard B-PER bernard 1 1 0 0 0 0 1 a li personIndex 10 0
Sufrin I-PER sufrin 1 1 0 0 0 0 1 a li personIndex 10 0
Emeritus O emeritus 0 1 0 0 1 0 1 li ul list-unbulleted-extra 9 2
Fellow O fellow 0 0 0 0 0 0 1 li ul list-unbulleted-extra 9 2

T O t 0 1 0 0 0 0 1 h2 div underlined-text 8 0

Andreas B-PER andreas 1 1 0 0 1 0 1 a li personIndex 10 0
Tiemeyer I-PER tiemeyer 1 1 0 0 0 0 1 a li personIndex 10 0
Senior O senior 0 1 0 0 0 0 1 li ul list-unbulleted-extra 9 2
Researcher O researcher 0 0 0 0 0 0 1 li ul list-unbulleted-extra 9 2

Niki B-PER niki 1 1 0 0 0 0 1 a li personIndex 10 0
Trigoni I-PER trigoni 1 1 0 0 0 0 1 a li personIndex 10 0
Professor O professor 0 0 0 0 1 0 1 li ul list-unbulleted-extra 9 2
of O of 0 1 0 0 0 0 0 li ul list-unbulleted-extra 9 2
Computing O computing 0 0 0 0 0 0 1 li ul list-unbulleted-extra 9 2
Science O science 0 0 0 0 0 0 1 li ul list-unbulleted-extra 9 2

V O v 0 1 0 0 0 0 1 h2 div underlined-text 8 0

Max O max 1 1 0 0 0 0 1 a li personIndex 10 0
Van O van 1 1 0 0 0 0 1 a li personIndex 10 0
Kleek O kleek 1 1 0 0 0 0 1 a li personIndex 10 0
Associate O associate 0 1 0 0 0 0 1 li ul list-unbulleted-extra 9 2
Professor O professor 0 0 0 0 1 0 1 li ul list-unbulleted-extra 9 2

Jamie O jamie 1 1 0 0 0 0 1 a li personIndex 10 0
Vicary O vicary 1 1 0 0 0 0 1 a li personIndex 10 0
Senior O senior 0 1 0 0 0 0 1 li ul list-unbulleted-extra 9 2
Research O research 0 1 0 0 0 0 1 li ul list-unbulleted-extra 9 2
Fellow O fellow 0 0 0 0 0 0 1 li ul list-unbulleted-extra 9 2

Irina O irina 1 1 0 0 0 0 1 a li personIndex 10 0
Voiculescu O voiculescu 1 1 0 0 0 0 1 a li personIndex 10 0
Senior O senior 0 1 0 0 0 0 1 li ul list-unbulleted-extra 9 2
Lecturer O lecturer 0 0 0 0 0 0 1 li ul list-unbulleted-extra 9 2

W O w 0 1 0 0 0 0 1 h2 div underlined-text 8 0

Helena O helena 0 1 0 0 0 0 1 a li personIndex 10 0
Webb O webb 0 1 0 0 0 0 1 a li personIndex 10 0
Senior O senior 0 1 0 0 0 0 1 li ul list-unbulleted-extra 9 2
Researcher O researcher 0 0 0 0 0 0 1 li ul list-unbulleted-extra 9 2

Jonathan O jonathan 0 1 0 0 0 0 1 a li personIndex 10 0
Whiteley O whiteley 0 1 0 0 0 0 1 a li personIndex 10 0
Associate O associate 0 1 0 0 0 0 1 li ul list-unbulleted-extra 9 2
Professor O professor 0 0 0 0 1 0 1 li ul list-unbulleted-extra 9 2

Shimon O shimon 1 1 0 0 0 0 1 a li personIndex 10 0
Whiteson O whiteson 1 1 0 0 0 0 1 a li personIndex 10 0
Associate O associate 0 1 0 0 0 0 1 li ul list-unbulleted-extra 9 2
Professor O professor 0 0 0 0 1 0 1 li ul list-unbulleted-extra 9 2

Michael O michael 1 1 0 0 0 0 1 a li personIndex 10 0
Wooldridge O wooldridge 1 1 0 0 0 0 1 a li personIndex 10 0
Head O head 0 1 0 0 0 0 1 li ul list-unbulleted-extra 9 2
of O of 0 1 0 0 0 0 0 li ul list-unbulleted-extra 9 2
Department O department 0 0 0 0 0 0 1 li ul list-unbulleted-extra 9 2
of O of 0 1 0 0 0 0 0 li ul list-unbulleted-extra 9 2
Computer O computer 0 0 0 0 0 0 1 li ul list-unbulleted-extra 9 2
Science O science 0 0 0 0 0 0 1 li ul list-unbulleted-extra 9 2
, O , 0 0 0 0 0 0 0 li ul list-unbulleted-extra 9 2
Professor O professor 0 0 0 0 1 0 1 li ul list-unbulleted-extra 9 2
of O of 0 1 0 0 0 0 0 li ul list-unbulleted-extra 9 2
Computer O computer 0 0 0 0 0 0 1 li ul list-unbulleted-extra 9 2
Science O science 0 0 0 0 0 0 1 li ul list-unbulleted-extra 9 2

James O james 1 1 0 0 0 0 1 a li personIndex 10 0
Worrell O worrell 1 1 0 0 0 0 1 a li personIndex 10 0
Professor O professor 0 0 0 0 1 0 1 li ul list-unbulleted-extra 9 2
of O of 0 1 0 0 0 0 0 li ul list-unbulleted-extra 9 2
Computer O computer 0 0 0 0 0 0 1 li ul list-unbulleted-extra 9 2
Science O science 0 0 0 0 0 0 1 li ul list-unbulleted-extra 9 2

Z O z 0 1 0 0 0 0 1 h2 div underlined-text 8 0

Jun O jun 1 1 0 0 0 0 1 a li personIndex 10 0
Zhao O zhao 1 1 0 0 0 0 1 a li personIndex 10 0
Senior O senior 0 1 0 0 0 0 1 li ul list-unbulleted-extra 9 2
Research O research 0 1 0 0 0 0 1 li ul list-unbulleted-extra 9 2
Fellow O fellow 0 0 0 0 0 0 1 li ul list-unbulleted-extra 9 2

Standa O standa 0 0 0 0 0 0 1 a li personIndex 10 0
Živný O zivny 0 0 0 0 0 0 1 a li personIndex 10 0
Associate O associate 0 1 0 0 0 0 1 li ul list-unbulleted-extra 9 2
Professor O professor 0 0 0 0 1 0 1 li ul list-unbulleted-extra 9 2
, O , 0 0 0 0 0 0 0 li ul list-unbulleted-extra 9 2
Royal O royal 0 1 0 0 0 0 1 li ul list-unbulleted-extra 9 2
Society O society 0 0 0 0 0 0 1 li ul list-unbulleted-extra 9 2
Research O research 0 1 0 0 0 0 1 li ul list-unbulleted-extra 9 2
Fellow O fellow 0 0 0 0 0 0 1 li ul list-unbulleted-extra 9 2

About O about 0 0 0 0 0 0 1 h2 div text-uppercase 8 0
Us O us 0 1 0 0 0 0 1 h2 div text-uppercase 8 0

People O people 0 1 0 0 0 0 1 li ul mobile-menu-source 9 0

Faculty O faculty 0 0 0 0 0 0 1 li ul active 11 0

Research O research 0 1 0 0 0 0 1 li ul mobile-menu-source 11 0

Students O students 0 0 0 0 0 0 1 li ul mobile-menu-source 11 0

Admin O admin 0 0 0 0 0 0 1 li ul mobile-menu-source 11 0
& O & 0 0 0 0 0 0 0 li ul mobile-menu-source 11 0
Support O support 0 0 0 0 0 0 1 li ul mobile-menu-source 11 0

Vacancies O vacancies 0 0 0 0 0 0 1 li ul side-menu 9 0

History O history 0 0 0 0 0 0 1 li ul side-menu 9 0

Contact O contact 0 0 0 0 0 0 1 li ul side-menu 9 0
Us O us 0 1 0 0 0 0 1 li ul side-menu 9 0

Back O back 0 1 0 0 0 0 1 div div scroll-to-anchor 7 0
to O to 0 0 0 0 0 0 0 div div scroll-to-anchor 7 0
Top O top 0 1 0 0 0 0 1 div div scroll-to-anchor 7 0

Calendars O calendars 0 0 0 0 0 0 1 li ul site-footer-links 11 0

Internal O internal 0 0 0 0 0 0 1 li ul site-footer-links 11 0

RSS O rss 0 0 0 0 0 0 1 li ul site-footer-links 11 0
Feeds O feeds 0 0 0 0 0 0 1 li ul site-footer-links 11 0

Sitemap O sitemap 0 0 0 0 0 0 1 li ul site-footer-links 11 0

Privacy O privacy 0 0 0 0 0 0 1 li ul site-footer-links 11 0
& O & 0 0 0 0 0 0 0 li ul site-footer-links 11 0
Cookies O cookies 0 0 0 0 0 0 1 li ul site-footer-links 11 0

© O © 0 0 0 0 0 0 0 p div site-footer-copyright 9 0
University O university 0 1 0 0 0 0 1 small p site-footer-copyright 10 0
of O of 0 1 0 0 0 0 0 small p site-footer-copyright 10 0
Oxford O oxford 0 1 0 0 0 0 1 small p site-footer-copyright 10 0

/people/faculty.html O /people/faculty.html 0 0 0 0 0 0 0 div div site-footer-url 8 3
