Faculty O faculty 0 0 0 0 0 0 1 meta link none 12 0
of O of 0 1 0 0 0 0 0 meta link none 12 0
Science O science 0 0 0 0 0 0 1 meta link none 12 0
Educational O educational 0 0 0 0 0 0 1 meta link none 12 0
Staff O staff 0 1 0 0 0 0 1 meta link none 12 0
| O | 0 0 0 0 0 0 0 meta link none 12 0
Anadolu O anadolu 0 0 0 0 0 0 1 meta link none 12 0
University O university 0 1 0 0 0 0 1 meta link none 12 0

HOMEPAGE O homepage 0 0 0 0 0 0 1 li ul none 8 0

UNIVERSITY O university 0 0 0 0 0 0 1 li ul none 8 0

ACADEMICS O academics 0 0 0 0 0 0 1 li ul none 8 0

OPEN O open 0 0 0 0 0 0 1 li ul none 8 0
EDUCATION O education 0 0 0 0 0 0 1 li ul none 8 0

STUDENT O student 0 0 0 0 0 0 1 li ul none 8 0
AFFAIRS O affairs 0 0 0 0 0 0 1 li ul none 8 0

RESEARCH O research 0 0 0 0 0 0 1 li ul none 8 0

CAMPUS O campus 0 0 0 0 0 0 1 li ul none 8 0
LIFE O life 0 0 0 0 0 0 1 li ul none 8 0

E O e 0 1 0 0 0 0 1 li ul none 8 0
- O - 0 0 0 0 0 0 0 li ul none 8 0
EDUCATION O education 0 0 0 0 0 0 1 li ul none 8 0

LIBRARY O library 0 0 0 0 0 0 1 li ul none 8 0

WEBMAIL O webmail 0 0 0 0 0 0 1 li ul none 8 0

MEDIA O media 0 0 0 0 0 0 1 li ul none 8 0

DIRECTORY O directory 0 0 0 0 0 0 1 li ul none 8 0

EVENTS O events 0 0 0 0 0 0 1 li ul none 8 0

ANNOUNCEMENTS O announcements 0 0 0 0 0 0 1 li ul more 8 0

ACADEMIC O academic 0 0 0 0 0 0 1 li ul none 8 0
CALENDAR O calendar 0 0 0 0 0 0 1 li ul none 8 0

STUDENTS O students 0 0 0 0 0 0 1 li ul none 8 0

PROSPECTIVE O prospective 0 0 0 0 0 0 1 li ul none 8 0
STUDENTS O students 0 0 0 0 0 0 1 li ul none 8 0

FACULTY O faculty 0 0 0 0 0 0 1 li ul none 8 0
& O & 0 0 0 0 0 0 0 li ul none 8 0
STAFF O staff 0 0 0 0 0 0 1 li ul none 8 0

ALUMNI O alumni 0 0 0 0 0 0 1 li ul none 8 0

SEARCH O search 0 0 0 0 0 0 1 div div searchButton 8 0

STUDENTS O students 0 0 0 0 0 0 1 li ul  10 0

PROSPECTIVE O prospective 0 0 0 0 0 0 1 li ul  10 0
STUDENTS O students 0 0 0 0 0 0 1 li ul  10 0

FACULTY O faculty 0 0 0 0 0 0 1 li ul  10 0
& O & 0 0 0 0 0 0 0 li ul  10 0
STAFF O staff 0 0 0 0 0 0 1 li ul  10 0

ALUMNI O alumni 0 0 0 0 0 0 1 li ul  10 0

menu.kurumsal_strateji O menu.kurumsal_strateji 0 0 0 0 0 0 0 li ul sub 10 0

2019 O 2019 0 0 0 1 0 0 0 li ul sub 12 0
- O - 0 0 0 0 0 0 0 li ul sub 12 0
2023 O 2023 0 0 0 1 0 0 0 li ul sub 12 0
Stratejik O stratejik 0 0 0 0 0 0 1 li ul sub 12 0
Plan O plan 0 1 0 0 0 0 1 li ul sub 12 0
Hazırlığı O hazırlığı 0 0 0 0 0 0 1 li ul sub 12 0

Genelge O genelge 0 0 0 0 0 0 1 li ul sub 14 0
- O - 0 0 0 0 0 0 0 li ul sub 14 0
1 O 1 0 0 0 1 0 0 0 li ul sub 14 0

Genelge O genelge 0 0 0 0 0 0 1 li ul sub 14 0
- O - 0 0 0 0 0 0 0 li ul sub 14 0
2 O 2 0 0 0 1 0 0 0 li ul sub 14 0

GZFT O gzft 0 0 0 0 0 0 1 li ul sub 14 0
Analiz O analiz 0 0 0 0 0 0 1 li ul sub 14 0
Formu O formu 0 0 0 0 0 0 1 li ul sub 14 0

2014 O 2014 0 0 0 1 0 0 0 li ul sub 12 0
- O - 0 0 0 0 0 0 0 li ul sub 12 0
2018 O 2018 0 0 0 1 0 0 0 li ul sub 12 0
Strategic O strategic 0 0 0 0 0 0 1 li ul sub 12 0
Plan O plan 0 1 0 0 0 0 1 li ul sub 12 0

menu.eua_sub O menu.eua_sub 0 0 0 0 0 0 0 li ul sub 12 0

EUA O eua 0 0 0 0 0 0 1 li ul sub 14 0
Self O self 0 1 0 0 0 0 1 li ul sub 14 0
- O - 0 0 0 0 0 0 0 li ul sub 14 0
Evaluation O evaluation 0 0 0 0 0 0 1 li ul sub 14 0
Report O report 0 0 0 0 0 0 1 li ul sub 14 0

EUA O eua 0 0 0 0 0 0 1 li ul sub 14 0
Evaluation O evaluation 0 0 0 0 0 0 1 li ul sub 14 0
Report O report 0 0 0 0 0 0 1 li ul sub 14 0
- O - 0 0 0 0 0 0 0 li ul sub 14 0
2015 O 2015 0 0 0 1 0 0 0 li ul sub 14 0

Menü O menu 0 0 0 0 0 0 1 div header panelToggle 7 33

TR O tr 0 0 0 0 0 0 1 li ul  10 0

EN O en 0 0 0 0 0 0 1 li ul language 10 0

UNIVERSITY O university 0 0 0 0 0 0 1 li ul first 11 0

Rektörlük O rektorluk 0 0 0 0 0 0 1 div div caption 14 2
Önü O onu 0 0 0 0 0 0 1 div div caption 14 2

Quick O quick 0 1 0 0 0 0 1 div div headLine 14 0
Links O links 0 1 0 0 0 0 1 div div headLine 14 0

Library O library 0 0 0 0 0 0 1 li ul quickMenu 16 0

Webmail O webmail 0 0 0 0 0 0 1 li ul quickMenu 16 0

Dining O dining 0 0 0 0 0 0 1 li ul quickMenu 16 0

Restaurants O restaurants 0 0 0 0 0 0 1 li ul quickMenu 16 0

Directory O directory 0 0 0 0 0 0 1 li ul quickMenu 16 0

Events O events 0 0 0 0 0 0 1 li ul quickMenu 16 0

Announcements O announcements 0 0 0 0 0 0 1 li ul quickMenu 16 0

Academic O academic 0 0 0 0 0 0 1 li ul quickMenu 16 0
Calendar O calendar 0 0 0 0 0 0 1 li ul quickMenu 16 0

Institutional O institutional 0 0 0 0 0 0 1 li ul menu 17 0

Anadolu O anadolu 0 0 0 0 0 0 1 li ul menu 17 0
at O at 0 0 0 0 0 0 0 li ul menu 17 0
a O a 0 1 0 0 0 0 0 li ul menu 17 0
Glance O glance 0 1 0 0 0 0 1 li ul menu 17 0

Why O why 0 1 0 0 0 0 1 li ul menu 17 0
Anadolu O anadolu 0 0 0 0 0 0 1 li ul menu 17 0
University O university 0 1 0 0 0 0 1 li ul menu 17 0

Administration O administration 0 0 0 0 0 0 1 li ul menu 17 0

Contact O contact 0 0 0 0 0 0 1 li ul menu 17 0
Info O info 0 0 0 0 0 0 1 li ul menu 17 0

Corporate O corporate 0 0 0 0 0 0 1 li ul menu 17 0
Identity O identity 0 0 0 0 0 0 1 li ul menu 17 0

Sayılarla O sayılarla 0 0 0 0 0 0 1 li ul menu 17 0
Üniversitemiz O universitemiz 0 0 0 0 0 0 1 li ul menu 17 0

Office O office 0 0 0 0 0 0 1 li ul menu 17 0
of O of 0 1 0 0 0 0 0 li ul menu 17 0
Secretary O secretary 0 0 0 0 0 0 1 li ul menu 17 0
General O general 0 1 0 0 0 0 1 li ul menu 17 0

Administrative O administrative 0 0 0 0 0 0 1 li ul menu 17 0
Units O units 0 0 0 0 0 0 1 li ul menu 17 0

Units O units 0 0 0 0 0 0 1 li ul menu 17 0

Centers O centers 0 0 0 0 0 0 1 li ul menu 17 0

Units O units 0 0 0 0 0 0 1 li ul menu 17 0

Boards O boards 0 0 0 0 0 0 1 li ul menu 17 0

Media O media 0 1 0 0 0 0 1 li ul menu 17 0
Center O center 0 1 0 0 0 0 1 li ul menu 17 0

Information O information 0 1 0 0 0 0 1 li ul menu 17 0
and O and 0 1 0 0 0 0 0 li ul menu 17 0
Documents O documents 0 0 0 0 0 0 1 li ul menu 17 0

Right O right 0 0 0 0 0 0 1 li ul menu 17 0
to O to 0 0 0 0 0 0 0 li ul menu 17 0
Information O information 0 1 0 0 0 0 1 li ul menu 17 0

Mevzuat O mevzuat 0 0 0 0 0 0 1 li ul menu 17 0

ACADEMICS O academics 0 0 0 0 0 0 1 li ul first 11 0

OPEN O open 0 0 0 0 0 0 1 li ul first 11 0
EDUCATION O education 0 0 0 0 0 0 1 li ul first 11 0

STUDENT O student 0 0 0 0 0 0 1 li ul first 11 0
AFFAIRS O affairs 0 0 0 0 0 0 1 li ul first 11 0

Rektörlük O rektorluk 0 0 0 0 0 0 1 div div caption 14 2
Önü O onu 0 0 0 0 0 0 1 div div caption 14 2

Quick O quick 0 1 0 0 0 0 1 div div headLine 14 0
Links O links 0 1 0 0 0 0 1 div div headLine 14 0

Library O library 0 0 0 0 0 0 1 li ul quickMenu 16 0

Webmail O webmail 0 0 0 0 0 0 1 li ul quickMenu 16 0

Dining O dining 0 0 0 0 0 0 1 li ul quickMenu 16 0

Restaurants O restaurants 0 0 0 0 0 0 1 li ul quickMenu 16 0

Directory O directory 0 0 0 0 0 0 1 li ul quickMenu 16 0

Events O events 0 0 0 0 0 0 1 li ul quickMenu 16 0

Announcements O announcements 0 0 0 0 0 0 1 li ul quickMenu 16 0

Academic O academic 0 0 0 0 0 0 1 li ul quickMenu 16 0
Calendar O calendar 0 0 0 0 0 0 1 li ul quickMenu 16 0

Online O online 0 0 0 0 0 0 1 div div headLine 15 0
Services O services 0 0 0 0 0 0 1 div div headLine 15 0
for O for 0 1 0 0 0 0 0 div div headLine 15 0
On O on 0 1 0 0 0 0 1 div div headLine 15 0
- O - 0 0 0 0 0 0 0 div div headLine 15 0
Campus O campus 0 1 0 0 0 0 1 div div headLine 15 0
Students O students 0 0 0 0 0 0 1 div div headLine 15 0

On O on 0 1 0 0 0 0 1 li ul menu 17 0
- O - 0 0 0 0 0 0 0 li ul menu 17 0
Campus O campus 0 1 0 0 0 0 1 li ul menu 17 0
Student O student 0 1 0 0 0 0 1 li ul menu 17 0
System O system 0 0 0 0 0 0 1 li ul menu 17 0
( O ( 0 0 0 0 0 0 0 li ul menu 17 0
ANASIS O anasis 0 0 0 0 0 0 1 li ul menu 17 0
) O ) 0 0 0 0 0 0 0 li ul menu 17 0

Student O student 0 1 0 0 0 0 1 li ul menu 17 0
Information O information 0 1 0 0 0 0 1 li ul menu 17 0
System O system 0 0 0 0 0 0 1 li ul menu 17 0

Online O online 0 0 0 0 0 0 1 li ul menu 17 0
Semester O semester 0 0 0 0 0 0 1 li ul menu 17 0
Registration O registration 0 0 0 0 0 0 1 li ul menu 17 0

Summer O summer 0 1 0 0 0 0 1 li ul menu 17 0
School O school 0 1 0 0 0 0 1 li ul menu 17 0

Student O student 0 1 0 0 0 0 1 li ul menu 17 0
Account O account 0 0 0 0 0 0 1 li ul menu 17 0

Registration O registration 0 0 0 0 0 0 1 li ul menu 17 0
and O and 0 1 0 0 0 0 0 li ul menu 17 0
Exemption O exemption 0 0 0 0 0 0 1 li ul menu 17 0
Exams O exams 0 0 0 0 0 0 1 li ul menu 17 0

Confirmation O confirmation 0 0 0 0 0 0 1 li ul menu 17 0
of O of 0 1 0 0 0 0 0 li ul menu 17 0
Degree O degree 0 0 0 0 0 0 1 li ul menu 17 0

Information O information 0 1 0 0 0 0 1 div div headLine 15 0
and O and 0 1 0 0 0 0 0 div div headLine 15 0
Documents O documents 0 0 0 0 0 0 1 div div headLine 15 0

Rules O rules 0 0 0 0 0 0 1 li ul menu 17 0
and O and 0 1 0 0 0 0 0 li ul menu 17 0
Regulations O regulations 0 0 0 0 0 0 1 li ul menu 17 0

Practicum O practicum 0 0 0 0 0 0 1 li ul menu 17 0
Guidelines O guidelines 0 0 0 0 0 0 1 li ul menu 17 0

Double O double 0 1 0 0 0 0 1 li ul menu 17 0
Major/Minor O major/minor 0 0 0 0 0 0 1 li ul menu 17 0

Interuniversity/Intrauniversity O interuniversity/intrauniversity 0 0 0 0 0 0 1 li ul menu 17 0
Transfer O transfer 0 0 0 0 0 0 1 li ul menu 17 0

International O international 0 0 0 0 0 0 1 li ul menu 17 0
Student O student 0 1 0 0 0 0 1 li ul menu 17 0
Application O application 0 0 0 0 0 0 1 li ul menu 17 0

Academic O academic 0 0 0 0 0 0 1 li ul menu 17 0
Catalogues O catalogues 0 0 0 0 0 0 1 li ul menu 17 0

Admission O admission 0 0 0 0 0 0 1 li ul menu 17 0
of O of 0 1 0 0 0 0 0 li ul menu 17 0
Foreign O foreign 0 0 0 0 0 0 1 li ul menu 17 0
Nationals O nationals 0 0 0 0 0 0 1 li ul menu 17 0

Information O information 0 1 0 0 0 0 1 div div headLine 15 0
for O for 0 1 0 0 0 0 0 div div headLine 15 0
Students O students 0 0 0 0 0 0 1 div div headLine 15 0

Admission O admission 0 0 0 0 0 0 1 li ul menu 17 0
Requirements O requirements 0 0 0 0 0 0 1 li ul menu 17 0

Registration O registration 0 0 0 0 0 0 1 li ul menu 17 0
Process O process 0 0 0 0 0 0 1 li ul menu 17 0

ECTS O ects 0 0 0 0 0 0 1 li ul menu 17 0

Academic O academic 0 0 0 0 0 0 1 li ul menu 17 0
Advising O advising 0 0 0 0 0 0 1 li ul menu 17 0

Recognition O recognition 0 0 0 0 0 0 1 li ul menu 17 0
of O of 0 1 0 0 0 0 0 li ul menu 17 0
Prior O prior 0 1 0 0 0 0 1 li ul menu 17 0
Learning O learning 0 1 0 0 0 0 1 li ul menu 17 0

International O international 0 0 0 0 0 0 1 li ul menu 17 0
Programs O programs 0 0 0 0 0 0 1 li ul menu 17 0

Practicum O practicum 0 0 0 0 0 0 1 li ul menu 17 0

RESEARCH O research 0 0 0 0 0 0 1 li ul first 11 0

Rektörlük O rektorluk 0 0 0 0 0 0 1 div div caption 14 2
Önü O onu 0 0 0 0 0 0 1 div div caption 14 2

Quick O quick 0 1 0 0 0 0 1 div div headLine 14 0
Links O links 0 1 0 0 0 0 1 div div headLine 14 0

Library O library 0 0 0 0 0 0 1 li ul quickMenu 16 0

Webmail O webmail 0 0 0 0 0 0 1 li ul quickMenu 16 0

Dining O dining 0 0 0 0 0 0 1 li ul quickMenu 16 0

Restaurants O restaurants 0 0 0 0 0 0 1 li ul quickMenu 16 0

Directory O directory 0 0 0 0 0 0 1 li ul quickMenu 16 0

Events O events 0 0 0 0 0 0 1 li ul quickMenu 16 0

Announcements O announcements 0 0 0 0 0 0 1 li ul quickMenu 16 0

Academic O academic 0 0 0 0 0 0 1 li ul quickMenu 16 0
Calendar O calendar 0 0 0 0 0 0 1 li ul quickMenu 16 0

Scientific O scientific 0 0 0 0 0 0 1 li ul shortMenu 16 0
Research O research 0 1 0 0 0 0 1 li ul shortMenu 16 0
Projects O projects 0 0 0 0 0 0 1 li ul shortMenu 16 0

ARİNKOM O ari̇nkom 0 0 0 0 0 0 1 li ul shortMenu 16 0
Technology O technology 0 0 0 0 0 0 1 li ul shortMenu 16 0
Transfer O transfer 0 0 0 0 0 0 1 li ul shortMenu 16 0
Office O office 0 0 0 0 0 0 1 li ul shortMenu 16 0

Journals O journals 0 0 0 0 0 0 1 li ul shortMenu 16 0

Research O research 0 1 0 0 0 0 1 li ul shortMenu 16 0
Units O units 0 0 0 0 0 0 1 li ul shortMenu 16 0

Board O board 0 1 0 0 0 0 1 li ul shortMenu 16 0
of O of 0 1 0 0 0 0 0 li ul shortMenu 16 0
Ethics O ethics 0 0 0 0 0 0 1 li ul shortMenu 16 0

Fikri O fikri 0 1 0 0 0 0 1 li ul dropdown_menu 16 0
ve O ve 0 0 0 0 0 0 0 li ul dropdown_menu 16 0
Sınai O sınai 0 0 0 0 0 0 1 li ul dropdown_menu 16 0
Mülkiyet O mulkiyet 0 0 0 0 0 0 1 li ul dropdown_menu 16 0
Hakları O hakları 0 0 0 0 0 0 1 li ul dropdown_menu 16 0
, O , 0 0 0 0 0 0 0 li ul dropdown_menu 16 0
Politika O politika 0 0 0 0 0 0 1 li ul dropdown_menu 16 0
ve O ve 0 0 0 0 0 0 0 li ul dropdown_menu 16 0
Esaslar O esaslar 0 0 0 0 0 0 1 li ul dropdown_menu 16 0

Politika O politika 0 0 0 0 0 0 1 li ul shortMenu 18 0
ve O ve 0 0 0 0 0 0 0 li ul shortMenu 18 0
Esaslar O esaslar 0 0 0 0 0 0 1 li ul shortMenu 18 0

Buluş O buluş 0 0 0 0 0 0 1 li ul shortMenu 18 0
Bildirim O bildirim 0 0 0 0 0 0 1 li ul shortMenu 18 0
Formu O formu 0 0 0 0 0 0 1 li ul shortMenu 18 0

Kısa O kısa 0 0 0 0 0 0 1 div div container 13 42
adıyla O adıyla 0 0 0 0 0 0 0 div div container 13 42
BAP O bap 0 0 0 0 0 0 1 div div container 13 42
( O ( 0 0 0 0 0 0 0 div div container 13 42
Bilimsel O bilimsel 0 0 0 0 0 0 1 div div container 13 42
Araştırma O araştırma 0 0 0 0 0 0 1 div div container 13 42
Projeleri O projeleri 0 0 0 0 0 0 1 div div container 13 42
) O ) 0 0 0 0 0 0 0 div div container 13 42
, O , 0 0 0 0 0 0 0 div div container 13 42
yüksek O yuksek 0 0 0 0 0 0 0 div div container 13 42
öğretim O oğretim 0 0 0 0 0 0 0 div div container 13 42
kurumlarındaki O kurumlarındaki 0 0 0 0 0 0 0 div div container 13 42
bilimsel O bilimsel 0 0 0 0 0 0 0 div div container 13 42
araştırmaların O araştırmaların 0 0 0 0 0 0 0 div div container 13 42
desteklenmesi O desteklenmesi 0 0 0 0 0 0 0 div div container 13 42
amacıyla O amacıyla 0 0 0 0 0 0 0 div div container 13 42
geliştirilmiş O geliştirilmiş 0 0 0 0 0 0 0 div div container 13 42
bir O bir 0 0 0 0 0 0 0 div div container 13 42
uygulamadır. O uygulamadır. 0 0 0 0 0 0 0 div div container 13 42

Bu O bu 0 1 0 0 0 0 1 div div container 13 42
uygulama O uygulama 0 0 0 0 0 0 0 div div container 13 42
YÖK O yok 0 0 0 0 0 0 1 div div container 13 42
' O ' 0 0 0 0 0 0 0 div div container 13 42
ün O un 0 0 0 0 0 0 0 div div container 13 42
01.01.2002 O 01.01.2002 0 0 0 1 0 0 0 div div container 13 42
tarihinden O tarihinden 0 0 0 0 0 0 0 div div container 13 42
geçerli O gecerli 0 0 0 0 0 0 0 div div container 13 42
olmak O olmak 0 0 0 0 0 0 0 div div container 13 42
üzere O uzere 0 0 0 0 0 0 0 div div container 13 42
yürülüğe O yuruluğe 0 0 0 0 0 0 0 div div container 13 42
aldığı O aldığı 0 0 0 0 1 0 0 div div container 13 42
Yükseköğretim O yuksekoğretim 0 0 0 0 0 0 1 div div container 13 42
Kurumları O kurumları 0 0 0 0 0 0 1 div div container 13 42
Bilimsel O bilimsel 0 0 0 0 0 0 1 div div container 13 42
Araştırma O araştırma 0 0 0 0 0 0 1 div div container 13 42
Projeleri O projeleri 0 0 0 0 0 0 1 div div container 13 42
Hakkında O hakkında 0 0 0 0 0 0 1 div div container 13 42
Yönetmelik O yonetmelik 0 0 0 0 0 0 1 div div container 13 42
uyarınca O uyarınca 0 0 0 0 0 0 0 div div container 13 42
gerçekleştirilmektedir. O gercekleştirilmektedir. 0 0 0 0 0 0 0 div div container 13 42

Üniversitemizin O universitemizin 0 0 0 0 0 0 1 div div container 13 42
tüm O tum 0 0 0 0 0 0 0 div div container 13 42
öğretim O oğretim 0 0 0 0 0 0 0 div div container 13 42
elemanları O elemanları 0 0 0 0 0 0 0 div div container 13 42
BAP O bap 0 0 0 0 0 0 1 div div container 13 42
Komisyonuna O komisyonuna 0 0 0 0 0 0 1 div div container 13 42
başvurarak O başvurarak 0 0 0 0 0 0 0 div div container 13 42
bilimsel O bilimsel 0 0 0 0 0 0 0 div div container 13 42
araştırmaları O araştırmaları 0 0 0 0 0 0 0 div div container 13 42
için O icin 0 0 0 0 0 0 0 div div container 13 42
kaynak O kaynak 0 0 0 0 0 0 0 div div container 13 42
alabilirler. O alabilirler. 0 0 0 0 0 0 0 div div container 13 42

Details O details 0 0 0 0 0 0 1 span summary container 15 0

CAMPUS O campus 0 0 0 0 0 0 1 li ul first 11 0
LIFE O life 0 0 0 0 0 0 1 li ul first 11 0

Rektörlük O rektorluk 0 0 0 0 0 0 1 div div caption 14 2
Önü O onu 0 0 0 0 0 0 1 div div caption 14 2

Quick O quick 0 1 0 0 0 0 1 div div headLine 14 0
Links O links 0 1 0 0 0 0 1 div div headLine 14 0

Library O library 0 0 0 0 0 0 1 li ul quickMenu 16 0

Webmail O webmail 0 0 0 0 0 0 1 li ul quickMenu 16 0

Dining O dining 0 0 0 0 0 0 1 li ul quickMenu 16 0

Restaurants O restaurants 0 0 0 0 0 0 1 li ul quickMenu 16 0

Directory O directory 0 0 0 0 0 0 1 li ul quickMenu 16 0

Events O events 0 0 0 0 0 0 1 li ul quickMenu 16 0

Announcements O announcements 0 0 0 0 0 0 1 li ul quickMenu 16 0

Academic O academic 0 0 0 0 0 0 1 li ul quickMenu 16 0
Calendar O calendar 0 0 0 0 0 0 1 li ul quickMenu 16 0

Social O social 0 0 0 0 0 0 1 li ul shortMenu 16 0
Facilities O facilities 0 0 0 0 0 0 1 li ul shortMenu 16 0

Culture O culture 0 0 0 0 0 0 1 li ul shortMenu 16 0
and O and 0 1 0 0 0 0 0 li ul shortMenu 16 0
Arts O arts 0 1 0 0 0 0 1 li ul shortMenu 16 0
Centers O centers 0 0 0 0 0 0 1 li ul shortMenu 16 0

Museums O museums 0 0 0 0 1 0 1 li ul shortMenu 16 0

Sports O sports 0 0 0 0 0 0 1 li ul shortMenu 16 0
Facilities O facilities 0 0 0 0 0 0 1 li ul shortMenu 16 0

Ensembles O ensembles 0 0 0 0 0 0 1 li ul shortMenu 16 0

Student O student 0 1 0 0 0 0 1 li ul shortMenu 16 0
Clubs O clubs 0 0 0 0 0 0 1 li ul shortMenu 16 0

Campus O campus 0 1 0 0 0 0 1 li ul shortMenu 16 0
Information O information 0 1 0 0 0 0 1 li ul shortMenu 16 0

Photo O photo 0 0 0 0 0 0 1 li ul shortMenu 16 0
Gallery O gallery 0 1 0 0 0 0 1 li ul shortMenu 16 0

At O at 0 1 0 0 0 0 1 div div container 13 41
Anadolu O anadolu 0 0 0 0 0 0 1 div div container 13 41
University O university 0 1 0 0 0 0 1 div div container 13 41
, O , 0 0 0 0 0 0 0 div div container 13 41
social O social 0 0 0 0 0 0 0 div div container 13 41
and O and 0 1 0 0 0 0 0 div div container 13 41
cultural O cultural 0 0 0 0 0 0 0 div div container 13 41
activities O activities 0 0 0 0 0 0 0 div div container 13 41
are O are 0 0 0 0 0 0 0 div div container 13 41
as O as 0 0 0 0 0 0 0 div div container 13 41
important O important 0 0 0 0 0 0 0 div div container 13 41
as O as 0 0 0 0 0 0 0 div div container 13 41
education O education 0 0 0 0 0 0 0 div div container 13 41
and O and 0 1 0 0 0 0 0 div div container 13 41
scientific O scientific 0 0 0 0 0 0 0 div div container 13 41
research. O research. 0 0 0 0 0 0 0 div div container 13 41

The O the 0 1 0 0 0 0 1 div div container 13 41
University O university 0 1 0 0 0 0 1 div div container 13 41
frequently O frequently 0 0 0 0 0 0 0 div div container 13 41
holds O holds 0 0 0 0 0 0 0 div div container 13 41
scientific O scientific 0 0 0 0 0 0 0 div div container 13 41
events O events 0 0 0 0 0 0 0 div div container 13 41
such O such 0 0 0 0 0 0 0 div div container 13 41
as O as 0 0 0 0 0 0 0 div div container 13 41
conferences O conferences 0 0 0 0 0 0 0 div div container 13 41
, O , 0 0 0 0 0 0 0 div div container 13 41
seminars O seminars 0 0 0 0 0 0 0 div div container 13 41
, O , 0 0 0 0 0 0 0 div div container 13 41
panels O panels 0 0 0 0 0 0 0 div div container 13 41
, O , 0 0 0 0 0 0 0 div div container 13 41
congresses O congresses 0 0 0 0 0 0 0 div div container 13 41
and O and 0 1 0 0 0 0 0 div div container 13 41
symposia O symposia 0 0 0 0 0 0 0 div div container 13 41
, O , 0 0 0 0 0 0 0 div div container 13 41
and O and 0 1 0 0 0 0 0 div div container 13 41
cultural O cultural 0 0 0 0 0 0 0 div div container 13 41
activities O activities 0 0 0 0 0 0 0 div div container 13 41
such O such 0 0 0 0 0 0 0 div div container 13 41
as O as 0 0 0 0 0 0 0 div div container 13 41
exhibitions O exhibitions 0 0 0 0 0 0 0 div div container 13 41
, O , 0 0 0 0 0 0 0 div div container 13 41
stage O stage 0 0 0 0 0 0 0 div div container 13 41
performances O performances 0 0 0 0 0 0 0 div div container 13 41
and O and 0 1 0 0 0 0 0 div div container 13 41
concerts. O concerts. 0 0 0 0 0 0 0 div div container 13 41

In O in 0 1 0 0 0 0 1 div div container 13 41
addition O addition 0 0 0 0 1 0 0 div div container 13 41
to O to 0 0 0 0 0 0 0 div div container 13 41
smaller O smaller 0 0 0 0 0 0 0 div div container 13 41
conference O conference 0 0 0 0 0 0 0 div div container 13 41
halls O halls 0 0 0 0 0 0 0 div div container 13 41
in O in 0 1 0 0 0 0 0 div div container 13 41
each O each 0 0 0 0 0 0 0 div div container 13 41
unit O unit 0 0 0 0 0 0 0 div div container 13 41
, O , 0 0 0 0 0 0 0 div div container 13 41
Atatürk O ataturk 0 0 0 0 0 0 1 div div container 13 41
Culture O culture 0 0 0 0 0 0 1 div div container 13 41
and O and 0 1 0 0 0 0 0 div div container 13 41
Arts O arts 0 1 0 0 0 0 1 div div container 13 41
Center O center 0 1 0 0 0 0 1 div div container 13 41
, O , 0 0 0 0 0 0 0 div div container 13 41
Congress O congress 0 0 0 0 0 0 1 div div container 13 41
Center O center 0 1 0 0 0 0 1 div div container 13 41
and O and 0 1 0 0 0 0 0 div div container 13 41
Cinema O cinema 0 0 0 0 0 0 1 div div container 13 41
Anadolu O anadolu 0 0 0 0 0 0 1 div div container 13 41
on O on 0 0 0 0 0 0 0 div div container 13 41
Yunusemre O yunusemre 0 1 0 0 0 0 1 div div container 13 41
Campus O campus 0 1 0 0 0 0 1 div div container 13 41
house O house 0 0 0 0 0 0 0 div div container 13 41
many O many 0 0 0 0 0 0 0 div div container 13 41
activities O activities 0 0 0 0 0 0 0 div div container 13 41
throughout O throughout 0 0 0 0 0 0 0 div div container 13 41
the O the 0 1 0 0 0 0 0 div div container 13 41
year. O year. 0 0 0 0 0 0 0 div div container 13 41

E O e 0 1 0 0 0 0 1 li ul first 11 0
- O - 0 0 0 0 0 0 0 li ul first 11 0
EDUCATION O education 0 0 0 0 0 0 1 li ul first 11 0

FACULTY O faculty 0 0 0 0 0 0 1 div div container 8 0

OF O of 0 0 0 0 0 0 1 h1 div container 9 0

SCIENCE O science 0 0 0 0 0 0 1 h1 div container 9 1

Homepage O homepage 0 0 0 0 0 0 1 li ul container 10 0

Academics O academics 0 0 0 0 0 0 1 li ul container 10 0

Faculties O faculties 0 0 0 0 0 0 1 li ul container 10 0

Faculty O faculty 0 0 0 0 0 0 1 li ul container 10 0
of O of 0 1 0 0 0 0 0 li ul container 10 0
Science O science 0 0 0 0 0 0 1 li ul container 10 0

Educational O educational 0 0 0 0 0 0 1 li ul container 10 0
Staff O staff 0 1 0 0 0 0 1 li ul container 10 0

Educational O educational 0 0 0 0 0 0 1 article aside rightSidebar 10 0
Staff O staff 0 1 0 0 0 0 1 article aside rightSidebar 10 0

PROFESSOR O professor 0 0 0 0 1 0 1 tr thead content 14 0
DOCTOR O doctor 0 0 0 0 0 0 1 tr thead content 14 0

PROF. O prof. 0 0 0 0 1 0 1 a td content 16 0
DR. O dr. 0 0 0 0 1 0 1 a td content 16 0
ADNAN B-PER adnan 0 0 0 0 0 0 1 a td content 16 0
ÖZCAN I-PER ozcan 0 0 0 0 0 0 1 a td content 16 0

ANALİTİK O anali̇ti̇k 0 0 0 0 0 0 1 br td content 16 0
KİMYA O ki̇mya 0 0 0 0 0 0 1 br td content 16 0
ANABİLİM O anabi̇li̇m 0 0 0 0 0 0 1 br td content 16 0
DALI O dali 0 0 0 0 0 0 1 br td content 16 0

PROF. O prof. 0 0 0 0 1 0 1 a td content 16 0
DR. O dr. 0 0 0 0 1 0 1 a td content 16 0
ALADDIN B-PER aladdin 0 0 0 0 0 0 1 a td content 16 0
SHAMILOV I-PER shamilov 0 0 0 0 0 0 1 a td content 16 0

FEN O fen 0 0 0 0 0 0 1 br td content 16 0
FAKÜLTESİ O fakultesi̇ 0 0 0 0 0 0 1 br td content 16 0

PROF. O prof. 0 0 0 0 1 0 1 a td content 16 0
DR. O dr. 0 0 0 0 1 0 1 a td content 16 0
ALAETTİN B-PER alaetti̇n 0 0 0 0 0 0 1 a td content 16 0
GÜVEN I-PER guven 0 0 0 0 0 0 1 a td content 16 0

ORGANİK O organi̇k 0 0 0 0 0 0 1 br td content 16 0
KİMYA O ki̇mya 0 0 0 0 0 0 1 br td content 16 0
ANABİLİM O anabi̇li̇m 0 0 0 0 0 0 1 br td content 16 0
DALI O dali 0 0 0 0 0 0 1 br td content 16 0

PROF. O prof. 0 0 0 0 1 0 1 a td content 16 0
DR. O dr. 0 0 0 0 1 0 1 a td content 16 0
ARZU B-PER arzu 0 0 0 0 0 0 1 a td content 16 0
ERSÖZ I-PER ersoz 0 0 0 0 0 0 1 a td content 16 0

BİYOKİMYA O bi̇yoki̇mya 0 0 0 0 0 0 1 br td content 16 0
ANABİLİM O anabi̇li̇m 0 0 0 0 0 0 1 br td content 16 0
DALI O dali 0 0 0 0 0 0 1 br td content 16 0

PROF. O prof. 0 0 0 0 1 0 1 a td content 16 0
DR. O dr. 0 0 0 0 1 0 1 a td content 16 0
ASİYE B-PER asi̇ye 0 0 0 0 0 0 1 a td content 16 0
SAFA I-PER safa 0 0 0 0 0 0 1 a td content 16 0
ÖZCAN I-PER ozcan 0 0 0 0 0 0 1 a td content 16 0

FİZİKOKİMYA O fi̇zi̇koki̇mya 0 0 0 0 0 0 1 br td content 16 0
ANABİLİM O anabi̇li̇m 0 0 0 0 0 0 1 br td content 16 0
DALI O dali 0 0 0 0 0 0 1 br td content 16 0

PROF. O prof. 0 0 0 0 1 0 1 a td content 16 0
DR. O dr. 0 0 0 0 1 0 1 a td content 16 0
AYŞE B-PER ayşe 0 0 0 0 0 0 1 a td content 16 0
TANSU I-PER tansu 0 0 0 0 0 0 1 a td content 16 0
KOPARAL I-PER koparal 0 0 0 0 0 0 1 a td content 16 0

MOLEKÜLER O molekuler 0 0 0 0 0 0 1 br td content 16 0
BİYOLOJİ O bi̇yoloji̇ 0 0 0 0 0 0 1 br td content 16 0
ANABİLİM O anabi̇li̇m 0 0 0 0 0 0 1 br td content 16 0
DALI O dali 0 0 0 0 0 0 1 br td content 16 0

PROF. O prof. 0 0 0 0 1 0 1 a td content 16 0
DR. O dr. 0 0 0 0 1 0 1 a td content 16 0
AYŞEN B-PER ayşen 0 0 0 0 0 0 1 a td content 16 0
TÜRK I-PER turk 0 0 0 0 0 0 1 a td content 16 0

BOTANİK O botani̇k 0 0 0 0 0 0 1 br td content 16 0
ANABİLİM O anabi̇li̇m 0 0 0 0 0 0 1 br td content 16 0
DALI O dali 0 0 0 0 0 0 1 br td content 16 0

PROF. O prof. 0 0 0 0 1 0 1 a td content 16 0
DR. O dr. 0 0 0 0 1 0 1 a td content 16 0
BERNA B-PER berna 0 0 0 0 0 0 1 a td content 16 0
YAZICI I-PER yazici 0 0 0 0 0 0 1 a td content 16 0

UYGULAMALI O uygulamali 0 0 0 0 0 0 1 br td content 16 0
İSTATİSTİK O i̇stati̇sti̇k 0 0 0 0 0 0 1 br td content 16 0
ANABİLİM O anabi̇li̇m 0 0 0 0 0 0 1 br td content 16 0
DALI O dali 0 0 0 0 0 0 1 br td content 16 0

PROF. O prof. 0 0 0 0 1 0 1 a td content 16 0
DR. O dr. 0 0 0 0 1 0 1 a td content 16 0
BÜNYAMİN B-PER bunyami̇n 0 0 0 0 0 0 1 a td content 16 0
DEMİR I-PER demi̇r 0 0 0 0 0 0 1 a td content 16 0

ANALİZ O anali̇z 0 0 0 0 0 0 1 br td content 16 0
VE O ve 0 0 0 0 0 0 1 br td content 16 0
FONKSİYONLAR O fonksi̇yonlar 0 0 0 0 0 0 1 br td content 16 0
TEORİSİ O teori̇si̇ 0 0 0 0 0 0 1 br td content 16 0
ANABİLİM O anabi̇li̇m 0 0 0 0 0 0 1 br td content 16 0
DALI O dali 0 0 0 0 0 0 1 br td content 16 0

PROF. O prof. 0 0 0 0 1 0 1 a td content 16 0
DR. O dr. 0 0 0 0 1 0 1 a td content 16 0
CEM B-PER cem 0 0 0 0 0 0 1 a td content 16 0
YÜCE I-PER yuce 0 0 0 0 0 0 1 a td content 16 0

YÜKSEK O yuksek 0 0 0 0 0 0 1 br td content 16 0
ENERJİ O enerji̇ 0 0 0 0 0 0 1 br td content 16 0
VE O ve 0 0 0 0 0 0 1 br td content 16 0
PLAZMA O plazma 0 0 0 0 0 0 1 br td content 16 0
FİZİĞİ O fi̇zi̇ği̇ 0 0 0 0 0 0 1 br td content 16 0
ANABİLİM O anabi̇li̇m 0 0 0 0 0 0 1 br td content 16 0
DALI O dali 0 0 0 0 0 0 1 br td content 16 0

PROF. O prof. 0 0 0 0 1 0 1 a td content 16 0
DR. O dr. 0 0 0 0 1 0 1 a td content 16 0
CENGİZ B-PER cengi̇z 0 0 0 0 0 0 1 a td content 16 0
TÜRE I-PER ture 0 0 0 0 0 0 1 a td content 16 0

EKOLOJİ O ekoloji̇ 0 0 0 0 0 0 1 br td content 16 0
ANABİLİM O anabi̇li̇m 0 0 0 0 0 0 1 br td content 16 0
DALI O dali 0 0 0 0 0 0 1 br td content 16 0

PROF. O prof. 0 0 0 0 1 0 1 a td content 16 0
DR. O dr. 0 0 0 0 1 0 1 a td content 16 0
DENİZ B-PER deni̇z 0 0 0 0 0 0 1 a td content 16 0
HÜR I-PER hur 0 0 0 0 0 0 1 a td content 16 0

ORGANİK O organi̇k 0 0 0 0 0 0 1 br td content 16 0
KİMYA O ki̇mya 0 0 0 0 0 0 1 br td content 16 0
ANABİLİM O anabi̇li̇m 0 0 0 0 0 0 1 br td content 16 0
DALI O dali 0 0 0 0 0 0 1 br td content 16 0

PROF. O prof. 0 0 0 0 1 0 1 a td content 16 0
DR. O dr. 0 0 0 0 1 0 1 a td content 16 0
EMRAH B-PER emrah 0 0 0 0 1 0 1 a td content 16 0
AKYAR I-PER akyar 0 0 0 0 0 0 1 a td content 16 0

ANALİZ O anali̇z 0 0 0 0 0 0 1 br td content 16 0
VE O ve 0 0 0 0 0 0 1 br td content 16 0
FONKSİYONLAR O fonksi̇yonlar 0 0 0 0 0 0 1 br td content 16 0
TEORİSİ O teori̇si̇ 0 0 0 0 0 0 1 br td content 16 0
ANABİLİM O anabi̇li̇m 0 0 0 0 0 0 1 br td content 16 0
DALI O dali 0 0 0 0 0 0 1 br td content 16 0

PROF. O prof. 0 0 0 0 1 0 1 a td content 16 0
DR. O dr. 0 0 0 0 1 0 1 a td content 16 0
ENGİN B-PER engi̇n 0 0 0 0 0 0 1 a td content 16 0
TIRAŞ I-PER tiraş 0 0 0 0 0 0 1 a td content 16 0

KATIHAL O katihal 0 0 0 0 0 0 1 br td content 16 0
FİZİĞİ O fi̇zi̇ği̇ 0 0 0 0 0 0 1 br td content 16 0
ANABİLİM O anabi̇li̇m 0 0 0 0 0 0 1 br td content 16 0
DALI O dali 0 0 0 0 0 0 1 br td content 16 0

PROF. O prof. 0 0 0 0 1 0 1 a td content 16 0
DR. O dr. 0 0 0 0 1 0 1 a td content 16 0
ERSİN B-PER ersi̇n 0 0 0 0 0 0 1 a td content 16 0
YÜCEL I-PER yucel 0 0 0 0 0 0 1 a td content 16 0

BOTANİK O botani̇k 0 0 0 0 0 0 1 br td content 16 0
ANABİLİM O anabi̇li̇m 0 0 0 0 0 0 1 br td content 16 0
DALI O dali 0 0 0 0 0 0 1 br td content 16 0

PROF. O prof. 0 0 0 0 1 0 1 a td content 16 0
DR. O dr. 0 0 0 0 1 0 1 a td content 16 0
ERTUĞRUL B-PER ertuğrul 0 0 0 0 0 0 1 a td content 16 0
YÖRÜKOĞULLARI I-PER yorukoğullari 0 0 0 0 0 0 1 a td content 16 0

GENEL O genel 0 0 0 0 0 0 1 br td content 16 0
FİZİK O fi̇zi̇k 0 0 0 0 0 0 1 br td content 16 0
ANABİLİM O anabi̇li̇m 0 0 0 0 0 0 1 br td content 16 0
DALI O dali 0 0 0 0 0 0 1 br td content 16 0

PROF. O prof. 0 0 0 0 1 0 1 a td content 16 0
DR. O dr. 0 0 0 0 1 0 1 a td content 16 0
HAKAN B-PER hakan 0 0 0 0 0 0 1 a td content 16 0
DAL I-PER dal 0 0 0 0 0 0 1 a td content 16 0

ANORGANİK O anorgani̇k 0 0 0 0 0 0 1 br td content 16 0
KİMYA O ki̇mya 0 0 0 0 0 0 1 br td content 16 0
ANABİLİM O anabi̇li̇m 0 0 0 0 0 0 1 br td content 16 0
DALI O dali 0 0 0 0 0 0 1 br td content 16 0

PROF. O prof. 0 0 0 0 1 0 1 a td content 16 0
DR. O dr. 0 0 0 0 1 0 1 a td content 16 0
HALUK B-PER haluk 0 0 0 0 0 0 1 a td content 16 0
HÜSEYİN I-PER huseyi̇n 0 0 0 0 0 0 1 a td content 16 0

UYGULAMALI O uygulamali 0 0 0 0 0 0 1 br td content 16 0
MATEMATİK O matemati̇k 0 0 0 0 0 0 1 br td content 16 0
ANABİLİM O anabi̇li̇m 0 0 0 0 0 0 1 br td content 16 0
DALI O dali 0 0 0 0 0 0 1 br td content 16 0

PROF. O prof. 0 0 0 0 1 0 1 a td content 16 0
DR. O dr. 0 0 0 0 1 0 1 a td content 16 0
HATİCE B-PER hati̇ce 0 0 0 0 0 0 1 a td content 16 0
MEHTAP I-PER mehtap 0 0 0 0 0 0 1 a td content 16 0
KUTLU I-PER kutlu 0 0 0 0 0 0 1 a td content 16 0

MOLEKÜLER O molekuler 0 0 0 0 0 0 1 br td content 16 0
BİYOLOJİ O bi̇yoloji̇ 0 0 0 0 0 0 1 br td content 16 0
ANABİLİM O anabi̇li̇m 0 0 0 0 0 0 1 br td content 16 0
DALI O dali 0 0 0 0 0 0 1 br td content 16 0

PROF. O prof. 0 0 0 0 1 0 1 a td content 16 0
DR. O dr. 0 0 0 0 1 0 1 a td content 16 0
HAYRETTİN B-PER hayretti̇n 0 0 0 0 0 0 1 a td content 16 0
TÜRK I-PER turk 0 0 0 0 0 0 1 a td content 16 0

FİZİKOKİMYA O fi̇zi̇koki̇mya 0 0 0 0 0 0 1 br td content 16 0
ANABİLİM O anabi̇li̇m 0 0 0 0 0 0 1 br td content 16 0
DALI O dali 0 0 0 0 0 0 1 br td content 16 0

PROF. O prof. 0 0 0 0 1 0 1 a td content 16 0
DR. O dr. 0 0 0 0 1 0 1 a td content 16 0
HÜLYA B-PER hulya 0 0 0 0 0 0 1 a td content 16 0
SİVAS I-PER si̇vas 0 0 0 0 0 0 1 a td content 16 0

MOLEKÜLER O molekuler 0 0 0 0 0 0 1 br td content 16 0
BİYOLOJİ O bi̇yoloji̇ 0 0 0 0 0 0 1 br td content 16 0
ANABİLİM O anabi̇li̇m 0 0 0 0 0 0 1 br td content 16 0
DALI O dali 0 0 0 0 0 0 1 br td content 16 0

PROF. O prof. 0 0 0 0 1 0 1 a td content 16 0
DR. O dr. 0 0 0 0 1 0 1 a td content 16 0
HÜSEYİN B-PER huseyi̇n 0 0 0 0 0 0 1 a td content 16 0
AZCAN I-PER azcan 0 0 0 0 0 0 1 a td content 16 0

UYGULAMALI O uygulamali 0 0 0 0 0 0 1 br td content 16 0
MATEMATİK O matemati̇k 0 0 0 0 0 0 1 br td content 16 0
ANABİLİM O anabi̇li̇m 0 0 0 0 0 0 1 br td content 16 0
DALI O dali 0 0 0 0 0 0 1 br td content 16 0

PROF. O prof. 0 0 0 0 1 0 1 a td content 16 0
DR. O dr. 0 0 0 0 1 0 1 a td content 16 0
İBRAHİM B-PER i̇brahi̇m 0 0 0 0 0 0 1 a td content 16 0
KANİ I-PER kani̇ 0 0 0 0 0 0 1 a td content 16 0

ANORGANİK O anorgani̇k 0 0 0 0 0 0 1 br td content 16 0
KİMYA O ki̇mya 0 0 0 0 0 0 1 br td content 16 0
ANABİLİM O anabi̇li̇m 0 0 0 0 0 0 1 br td content 16 0
DALI O dali 0 0 0 0 0 0 1 br td content 16 0

PROF. O prof. 0 0 0 0 1 0 1 a td content 16 0
DR. O dr. 0 0 0 0 1 0 1 a td content 16 0
KIYMET B-PER kiymet 0 0 0 0 0 0 1 a td content 16 0
GÜVEN I-PER guven 0 0 0 0 0 0 1 a td content 16 0

GENEL O genel 0 0 0 0 0 0 1 br td content 16 0
BİYOLOJİ O bi̇yoloji̇ 0 0 0 0 0 0 1 br td content 16 0
ANABİLİM O anabi̇li̇m 0 0 0 0 0 0 1 br td content 16 0
DALI O dali 0 0 0 0 0 0 1 br td content 16 0

PROF. O prof. 0 0 0 0 1 0 1 a td content 16 0
DR. O dr. 0 0 0 0 1 0 1 a td content 16 0
MAHİDE B-PER mahi̇de 0 0 0 0 0 0 1 a td content 16 0
KÜÇÜK I-PER kucuk 0 0 0 0 0 0 1 a td content 16 0

ANALİZ O anali̇z 0 0 0 0 0 0 1 br td content 16 0
VE O ve 0 0 0 0 0 0 1 br td content 16 0
FONKSİYONLAR O fonksi̇yonlar 0 0 0 0 0 0 1 br td content 16 0
TEORİSİ O teori̇si̇ 0 0 0 0 0 0 1 br td content 16 0
ANABİLİM O anabi̇li̇m 0 0 0 0 0 0 1 br td content 16 0
DALI O dali 0 0 0 0 0 0 1 br td content 16 0

PROF. O prof. 0 0 0 0 1 0 1 a td content 16 0
DR. O dr. 0 0 0 0 1 0 1 a td content 16 0
MERİH B-PER meri̇h 0 0 0 0 0 0 1 a td content 16 0
KIVANÇ I-PER kivanc 0 0 0 0 0 0 1 a td content 16 0

GENEL O genel 0 0 0 0 0 0 1 br td content 16 0
BİYOLOJİ O bi̇yoloji̇ 0 0 0 0 0 0 1 br td content 16 0
ANABİLİM O anabi̇li̇m 0 0 0 0 0 0 1 br td content 16 0
DALI O dali 0 0 0 0 0 0 1 br td content 16 0

PROF. O prof. 0 0 0 0 1 0 1 a td content 16 0
DR. O dr. 0 0 0 0 1 0 1 a td content 16 0
MURAT B-PER murat 0 0 0 0 0 0 1 a td content 16 0
LİMONCU I-PER li̇moncu 0 0 0 0 0 0 1 a td content 16 0

GEOMETRİ O geometri̇ 0 0 0 0 0 0 1 br td content 16 0
ANABİLİM O anabi̇li̇m 0 0 0 0 0 0 1 br td content 16 0
DALI O dali 0 0 0 0 0 0 1 br td content 16 0

PROF. O prof. 0 0 0 0 1 0 1 a td content 16 0
DR. O dr. 0 0 0 0 1 0 1 a td content 16 0
MURAT B-PER murat 0 0 0 0 0 0 1 a td content 16 0
TANIŞLI I-PER tanişli 0 0 0 0 0 0 1 a td content 16 0

MATEMATİKSEL O matemati̇ksel 0 0 0 0 0 0 1 br td content 16 0
FİZİK O fi̇zi̇k 0 0 0 0 0 0 1 br td content 16 0
ANABİLİM O anabi̇li̇m 0 0 0 0 0 0 1 br td content 16 0
DALI O dali 0 0 0 0 0 0 1 br td content 16 0

PROF. O prof. 0 0 0 0 1 0 1 a td content 16 0
DR. O dr. 0 0 0 0 1 0 1 a td content 16 0
MUSTAFA B-PER mustafa 0 0 0 0 1 0 1 a td content 16 0
ŞENYEL I-PER şenyel 0 0 0 0 0 0 1 a td content 16 0

ATOM O atom 0 0 0 0 0 0 1 br td content 16 0
VE O ve 0 0 0 0 0 0 1 br td content 16 0
MOLEKÜL O molekul 0 0 0 0 0 0 1 br td content 16 0
FİZİĞİ O fi̇zi̇ği̇ 0 0 0 0 0 0 1 br td content 16 0
ANABİLİM O anabi̇li̇m 0 0 0 0 0 0 1 br td content 16 0
DALI O dali 0 0 0 0 0 0 1 br td content 16 0

PROF. O prof. 0 0 0 0 1 0 1 a td content 16 0
DR. O dr. 0 0 0 0 1 0 1 a td content 16 0
MÜJDAT B-PER mujdat 0 0 0 0 0 0 1 a td content 16 0
ÇAĞLAR I-PER cağlar 0 0 0 0 0 0 1 a td content 16 0

KATIHAL O katihal 0 0 0 0 0 0 1 br td content 16 0
FİZİĞİ O fi̇zi̇ği̇ 0 0 0 0 0 0 1 br td content 16 0
ANABİLİM O anabi̇li̇m 0 0 0 0 0 0 1 br td content 16 0
DALI O dali 0 0 0 0 0 0 1 br td content 16 0

PROF. O prof. 0 0 0 0 1 0 1 a td content 16 0
DR. O dr. 0 0 0 0 1 0 1 a td content 16 0
NEDİM B-PER nedi̇m 0 0 0 0 0 0 1 a td content 16 0
DEĞİRMENCİ I-PER deği̇rmenci̇ 0 0 0 0 0 0 1 a td content 16 0

TOPOLOJİ O topoloji̇ 0 0 0 0 0 0 1 br td content 16 0
ANABİLİM O anabi̇li̇m 0 0 0 0 0 0 1 br td content 16 0
DALI O dali 0 0 0 0 0 0 1 br td content 16 0

PROF. O prof. 0 0 0 0 1 0 1 a td content 16 0
DR. O dr. 0 0 0 0 1 0 1 a td content 16 0
NÜLİFER B-PER nuli̇fer 0 0 0 0 0 0 1 a td content 16 0
ÖZDEMİR I-PER ozdemi̇r 0 0 0 0 0 0 1 a td content 16 0

GEOMETRİ O geometri̇ 0 0 0 0 0 0 1 br td content 16 0
ANABİLİM O anabi̇li̇m 0 0 0 0 0 0 1 br td content 16 0
DALI O dali 0 0 0 0 0 0 1 br td content 16 0

PROF. O prof. 0 0 0 0 1 0 1 a td content 16 0
DR. O dr. 0 0 0 0 1 0 1 a td content 16 0
SALİHA B-PER sali̇ha 0 0 0 0 0 0 1 a td content 16 0
ILICAN I-PER ilican 0 0 0 0 0 0 1 a td content 16 0

KATIHAL O katihal 0 0 0 0 0 0 1 br td content 16 0
FİZİĞİ O fi̇zi̇ği̇ 0 0 0 0 0 0 1 br td content 16 0
ANABİLİM O anabi̇li̇m 0 0 0 0 0 0 1 br td content 16 0
DALI O dali 0 0 0 0 0 0 1 br td content 16 0

PROF. O prof. 0 0 0 0 1 0 1 a td content 16 0
DR. O dr. 0 0 0 0 1 0 1 a td content 16 0
SERKAN B-PER serkan 0 0 0 0 0 0 1 a td content 16 0
ALİ I-PER ali̇ 0 0 0 0 0 0 1 a td content 16 0
DÜZCE I-PER duzce 0 0 0 0 0 0 1 a td content 16 0

ANALİZ O anali̇z 0 0 0 0 0 0 1 br td content 16 0
VE O ve 0 0 0 0 0 0 1 br td content 16 0
FONKSİYONLAR O fonksi̇yonlar 0 0 0 0 0 0 1 br td content 16 0
TEORİSİ O teori̇si̇ 0 0 0 0 0 0 1 br td content 16 0
ANABİLİM O anabi̇li̇m 0 0 0 0 0 0 1 br td content 16 0
DALI O dali 0 0 0 0 0 0 1 br td content 16 0

PROF. O prof. 0 0 0 0 1 0 1 a td content 16 0
DR. O dr. 0 0 0 0 1 0 1 a td content 16 0
SÜLEYMAN B-PER suleyman 0 0 0 0 0 0 1 a td content 16 0
DEMİR I-PER demi̇r 0 0 0 0 0 0 1 a td content 16 0

MATEMATİKSEL O matemati̇ksel 0 0 0 0 0 0 1 br td content 16 0
FİZİK O fi̇zi̇k 0 0 0 0 0 0 1 br td content 16 0
ANABİLİM O anabi̇li̇m 0 0 0 0 0 0 1 br td content 16 0
DALI O dali 0 0 0 0 0 0 1 br td content 16 0

PROF. O prof. 0 0 0 0 1 0 1 a td content 16 0
DR. O dr. 0 0 0 0 1 0 1 a td content 16 0
ÜLKÜ B-PER ulku 0 0 0 0 0 0 1 a td content 16 0
DİLEK I-PER di̇lek 0 0 0 0 0 0 1 a td content 16 0
UYSAL I-PER uysal 0 0 0 0 0 0 1 a td content 16 0

ANALİTİK O anali̇ti̇k 0 0 0 0 0 0 1 br td content 16 0
KİMYA O ki̇mya 0 0 0 0 0 0 1 br td content 16 0
ANABİLİM O anabi̇li̇m 0 0 0 0 0 0 1 br td content 16 0
DALI O dali 0 0 0 0 0 0 1 br td content 16 0

PROF. O prof. 0 0 0 0 1 0 1 a td content 16 0
DR. O dr. 0 0 0 0 1 0 1 a td content 16 0
VAKIF B-PER vakif 0 0 0 0 0 0 1 a td content 16 0
CAFER I-PER cafer 0 0 0 0 0 0 1 a td content 16 0

UYGULAMALI O uygulamali 0 0 0 0 0 0 1 br td content 16 0
MATEMATİK O matemati̇k 0 0 0 0 0 0 1 br td content 16 0
ANABİLİM O anabi̇li̇m 0 0 0 0 0 0 1 br td content 16 0
DALI O dali 0 0 0 0 0 0 1 br td content 16 0

PROF. O prof. 0 0 0 0 1 0 1 a td content 16 0
DR. O dr. 0 0 0 0 1 0 1 a td content 16 0
YALÇIN B-PER yalcin 0 0 0 0 0 0 1 a td content 16 0
KÜÇÜK I-PER kucuk 0 0 0 0 0 0 1 a td content 16 0

ANALİZ O anali̇z 0 0 0 0 0 0 1 br td content 16 0
VE O ve 0 0 0 0 0 0 1 br td content 16 0
FONKSİYONLAR O fonksi̇yonlar 0 0 0 0 0 0 1 br td content 16 0
TEORİSİ O teori̇si̇ 0 0 0 0 0 0 1 br td content 16 0
ANABİLİM O anabi̇li̇m 0 0 0 0 0 0 1 br td content 16 0
DALI O dali 0 0 0 0 0 0 1 br td content 16 0

PROF. O prof. 0 0 0 0 1 0 1 a td content 16 0
DR. O dr. 0 0 0 0 1 0 1 a td content 16 0
YASEMİN B-PER yasemi̇n 0 0 0 0 0 0 1 a td content 16 0
ÇAĞLAR I-PER cağlar 0 0 0 0 0 0 1 a td content 16 0

KATIHAL O katihal 0 0 0 0 0 0 1 br td content 16 0
FİZİĞİ O fi̇zi̇ği̇ 0 0 0 0 0 0 1 br td content 16 0
ANABİLİM O anabi̇li̇m 0 0 0 0 0 0 1 br td content 16 0
DALI O dali 0 0 0 0 0 0 1 br td content 16 0

PROF. O prof. 0 0 0 0 1 0 1 a td content 16 0
DR. O dr. 0 0 0 0 1 0 1 a td content 16 0
YELİZ B-PER yeli̇z 0 0 0 0 0 0 1 a td content 16 0
MERT I-PER mert 0 0 0 0 0 0 1 a td content 16 0
KANTAR I-PER kantar 0 0 0 0 0 0 1 a td content 16 0

İSTATİSTİK O i̇stati̇sti̇k 0 0 0 0 0 0 1 br td content 16 0
TEORİSİ O teori̇si̇ 0 0 0 0 0 0 1 br td content 16 0
ANABİLİM O anabi̇li̇m 0 0 0 0 0 0 1 br td content 16 0
DALI O dali 0 0 0 0 0 0 1 br td content 16 0

PROF. O prof. 0 0 0 0 1 0 1 a td content 16 0
DR. O dr. 0 0 0 0 1 0 1 a td content 16 0
YÜKSEL B-PER yuksel 0 0 0 0 0 0 1 a td content 16 0
ERGÜN I-PER ergun 0 0 0 0 0 0 1 a td content 16 0

KATIHAL O katihal 0 0 0 0 0 0 1 br td content 16 0
FİZİĞİ O fi̇zi̇ği̇ 0 0 0 0 0 0 1 br td content 16 0
ANABİLİM O anabi̇li̇m 0 0 0 0 0 0 1 br td content 16 0
DALI O dali 0 0 0 0 0 0 1 br td content 16 0

ASSOCIATE O associate 0 0 0 0 0 0 1 tr thead content 14 0
PROFESSOR O professor 0 0 0 0 1 0 1 tr thead content 14 0
DOCTOR O doctor 0 0 0 0 0 0 1 tr thead content 14 0

ASSOC. O assoc. 0 0 0 0 0 0 1 a td content 16 0
PROF. O prof. 0 0 0 0 1 0 1 a td content 16 0
DR. O dr. 0 0 0 0 1 0 1 a td content 16 0
ABİDİN B-PER abi̇di̇n 0 0 0 0 0 0 1 a td content 16 0
KILIÇ I-PER kilic 0 0 0 0 0 0 1 a td content 16 0

GENEL O genel 0 0 0 0 0 0 1 br td content 16 0
FİZİK O fi̇zi̇k 0 0 0 0 0 0 1 br td content 16 0
ANABİLİM O anabi̇li̇m 0 0 0 0 0 0 1 br td content 16 0
DALI O dali 0 0 0 0 0 0 1 br td content 16 0

ASSOC. O assoc. 0 0 0 0 0 0 1 a td content 16 0
PROF. O prof. 0 0 0 0 1 0 1 a td content 16 0
DR. O dr. 0 0 0 0 1 0 1 a td content 16 0
ADEM B-PER adem 0 0 0 0 0 0 1 a td content 16 0
ERSİN I-PER ersi̇n 0 0 0 0 0 0 1 a td content 16 0
ÜREYEN I-PER ureyen 0 0 0 0 0 0 1 a td content 16 0

ANALİZ O anali̇z 0 0 0 0 0 0 1 br td content 16 0
VE O ve 0 0 0 0 0 0 1 br td content 16 0
FONKSİYONLAR O fonksi̇yonlar 0 0 0 0 0 0 1 br td content 16 0
TEORİSİ O teori̇si̇ 0 0 0 0 0 0 1 br td content 16 0
ANABİLİM O anabi̇li̇m 0 0 0 0 0 0 1 br td content 16 0
DALI O dali 0 0 0 0 0 0 1 br td content 16 0

ASSOC. O assoc. 0 0 0 0 0 0 1 a td content 16 0
PROF. O prof. 0 0 0 0 1 0 1 a td content 16 0
DR. O dr. 0 0 0 0 1 0 1 a td content 16 0
AHMET B-PER ahmet 0 0 0 0 0 0 1 a td content 16 0
SEZER I-PER sezer 0 0 0 0 0 0 1 a td content 16 0

İSTATİSTİK O i̇stati̇sti̇k 0 0 0 0 0 0 1 br td content 16 0
TEORİSİ O teori̇si̇ 0 0 0 0 0 0 1 br td content 16 0
ANABİLİM O anabi̇li̇m 0 0 0 0 0 0 1 br td content 16 0
DALI O dali 0 0 0 0 0 0 1 br td content 16 0

ASSOC. O assoc. 0 0 0 0 0 0 1 a td content 16 0
PROF. O prof. 0 0 0 0 1 0 1 a td content 16 0
DR. O dr. 0 0 0 0 1 0 1 a td content 16 0
AHMET B-PER ahmet 0 0 0 0 0 0 1 a td content 16 0
ŞENOL I-PER şenol 0 0 0 0 0 0 1 a td content 16 0
AYBEK I-PER aybek 0 0 0 0 0 0 1 a td content 16 0

KATIHAL O katihal 0 0 0 0 0 0 1 br td content 16 0
FİZİĞİ O fi̇zi̇ği̇ 0 0 0 0 0 0 1 br td content 16 0
ANABİLİM O anabi̇li̇m 0 0 0 0 0 0 1 br td content 16 0
DALI O dali 0 0 0 0 0 0 1 br td content 16 0

ASSOC. O assoc. 0 0 0 0 0 0 1 a td content 16 0
PROF. O prof. 0 0 0 0 1 0 1 a td content 16 0
DR. O dr. 0 0 0 0 1 0 1 a td content 16 0
ALİ B-PER ali̇ 0 0 0 0 0 0 1 a td content 16 0
DENİZ I-PER deni̇z 0 0 0 0 0 0 1 a td content 16 0

GEOMETRİ O geometri̇ 0 0 0 0 0 0 1 br td content 16 0
ANABİLİM O anabi̇li̇m 0 0 0 0 0 0 1 br td content 16 0
DALI O dali 0 0 0 0 0 0 1 br td content 16 0

ASSOC. O assoc. 0 0 0 0 0 0 1 a td content 16 0
PROF. O prof. 0 0 0 0 1 0 1 a td content 16 0
DR. O dr. 0 0 0 0 1 0 1 a td content 16 0
ALİ B-PER ali̇ 0 0 0 0 0 0 1 a td content 16 0
ÖZCAN I-PER ozcan 0 0 0 0 0 0 1 a td content 16 0

ANALİTİK O anali̇ti̇k 0 0 0 0 0 0 1 br td content 16 0
KİMYA O ki̇mya 0 0 0 0 0 0 1 br td content 16 0
ANABİLİM O anabi̇li̇m 0 0 0 0 0 0 1 br td content 16 0
DALI O dali 0 0 0 0 0 0 1 br td content 16 0

ASSOC. O assoc. 0 0 0 0 0 0 1 a td content 16 0
PROF. O prof. 0 0 0 0 1 0 1 a td content 16 0
DR. O dr. 0 0 0 0 1 0 1 a td content 16 0
AYÇA B-PER ayca 0 0 0 0 0 0 1 a td content 16 0
ÖZCAN I-PER ozcan 0 0 0 0 0 0 1 a td content 16 0

ANALİTİK O anali̇ti̇k 0 0 0 0 0 0 1 br td content 16 0
KİMYA O ki̇mya 0 0 0 0 0 0 1 br td content 16 0
ANABİLİM O anabi̇li̇m 0 0 0 0 0 0 1 br td content 16 0
DALI O dali 0 0 0 0 0 0 1 br td content 16 0

ASSOC. O assoc. 0 0 0 0 0 0 1 a td content 16 0
PROF. O prof. 0 0 0 0 1 0 1 a td content 16 0
DR. O dr. 0 0 0 0 1 0 1 a td content 16 0
BARIŞ B-PER bariş 0 0 0 0 0 0 1 a td content 16 0
ERBAŞ I-PER erbaş 0 0 0 0 0 0 1 a td content 16 0

UYGULAMALI O uygulamali 0 0 0 0 0 0 1 br td content 16 0
MATEMATİK O matemati̇k 0 0 0 0 0 0 1 br td content 16 0
ANABİLİM O anabi̇li̇m 0 0 0 0 0 0 1 br td content 16 0
DALI O dali 0 0 0 0 0 0 1 br td content 16 0

ASSOC. O assoc. 0 0 0 0 0 0 1 a td content 16 0
PROF. O prof. 0 0 0 0 1 0 1 a td content 16 0
DR. O dr. 0 0 0 0 1 0 1 a td content 16 0
BERRİN B-PER berri̇n 0 0 0 0 0 0 1 a td content 16 0
TÜYLÜ I-PER tuylu 0 0 0 0 0 0 1 a td content 16 0

MOLEKÜLER O molekuler 0 0 0 0 0 0 1 br td content 16 0
BİYOLOJİ O bi̇yoloji̇ 0 0 0 0 0 0 1 br td content 16 0
ANABİLİM O anabi̇li̇m 0 0 0 0 0 0 1 br td content 16 0
DALI O dali 0 0 0 0 0 0 1 br td content 16 0

ASSOC. O assoc. 0 0 0 0 0 0 1 a td content 16 0
PROF. O prof. 0 0 0 0 1 0 1 a td content 16 0
DR. O dr. 0 0 0 0 1 0 1 a td content 16 0
BETÜL B-PER betul 0 0 0 0 0 0 1 a td content 16 0
KAN I-PER kan 0 0 0 0 0 0 1 a td content 16 0
KILINÇ I-PER kilinc 0 0 0 0 0 0 1 a td content 16 0

İSTATİSTİK O i̇stati̇sti̇k 0 0 0 0 0 0 1 br td content 16 0
TEORİSİ O teori̇si̇ 0 0 0 0 0 0 1 br td content 16 0
ANABİLİM O anabi̇li̇m 0 0 0 0 0 0 1 br td content 16 0
DALI O dali 0 0 0 0 0 0 1 br td content 16 0

ASSOC. O assoc. 0 0 0 0 0 0 1 a td content 16 0
PROF. O prof. 0 0 0 0 1 0 1 a td content 16 0
DR. O dr. 0 0 0 0 1 0 1 a td content 16 0
BURCU B-PER burcu 0 0 0 0 0 0 1 a td content 16 0
ERDOĞAN I-PER erdoğan 0 0 0 0 0 0 1 a td content 16 0
ALVER I-PER alver 0 0 0 0 0 0 1 a td content 16 0

GENEL O genel 0 0 0 0 0 0 1 br td content 16 0
FİZİK O fi̇zi̇k 0 0 0 0 0 0 1 br td content 16 0
ANABİLİM O anabi̇li̇m 0 0 0 0 0 0 1 br td content 16 0
DALI O dali 0 0 0 0 0 0 1 br td content 16 0

ASSOC. O assoc. 0 0 0 0 0 0 1 a td content 16 0
PROF. O prof. 0 0 0 0 1 0 1 a td content 16 0
DR. O dr. 0 0 0 0 1 0 1 a td content 16 0
ELİF B-PER eli̇f 0 0 0 0 0 0 1 a td content 16 0
ÖZTETİK I-PER ozteti̇k 0 0 0 0 0 0 1 a td content 16 0

MOLEKÜLER O molekuler 0 0 0 0 0 0 1 br td content 16 0
BİYOLOJİ O bi̇yoloji̇ 0 0 0 0 0 0 1 br td content 16 0
ANABİLİM O anabi̇li̇m 0 0 0 0 0 0 1 br td content 16 0
DALI O dali 0 0 0 0 0 0 1 br td content 16 0

ASSOC. O assoc. 0 0 0 0 0 0 1 a td content 16 0
PROF. O prof. 0 0 0 0 1 0 1 a td content 16 0
DR. O dr. 0 0 0 0 1 0 1 a td content 16 0
ELİF B-PER eli̇f 0 0 0 0 0 0 1 a td content 16 0
YAMAÇ I-PER yamac 0 0 0 0 0 0 1 a td content 16 0

ZOOLOJİ O zooloji̇ 0 0 0 0 0 0 1 br td content 16 0
ANABİLİM O anabi̇li̇m 0 0 0 0 0 0 1 br td content 16 0
DALI O dali 0 0 0 0 0 0 1 br td content 16 0

ASSOC. O assoc. 0 0 0 0 0 0 1 a td content 16 0
PROF. O prof. 0 0 0 0 1 0 1 a td content 16 0
DR. O dr. 0 0 0 0 1 0 1 a td content 16 0
EMEL B-PER emel 0 0 0 0 1 0 1 a td content 16 0
ERGENE I-PER ergene 0 0 0 0 0 0 1 a td content 16 0

MOLEKÜLER O molekuler 0 0 0 0 0 0 1 br td content 16 0
BİYOLOJİ O bi̇yoloji̇ 0 0 0 0 0 0 1 br td content 16 0
ANABİLİM O anabi̇li̇m 0 0 0 0 0 0 1 br td content 16 0
DALI O dali 0 0 0 0 0 0 1 br td content 16 0

ASSOC. O assoc. 0 0 0 0 0 0 1 a td content 16 0
PROF. O prof. 0 0 0 0 1 0 1 a td content 16 0
DR. O dr. 0 0 0 0 1 0 1 a td content 16 0
EMEL B-PER emel 0 0 0 0 1 0 1 a td content 16 0
SÖZEN I-PER sozen 0 0 0 0 0 0 1 a td content 16 0

BOTANİK O botani̇k 0 0 0 0 0 0 1 br td content 16 0
ANABİLİM O anabi̇li̇m 0 0 0 0 0 0 1 br td content 16 0
DALI O dali 0 0 0 0 0 0 1 br td content 16 0

ASSOC. O assoc. 0 0 0 0 0 0 1 a td content 16 0
PROF. O prof. 0 0 0 0 1 0 1 a td content 16 0
DR. O dr. 0 0 0 0 1 0 1 a td content 16 0
EVREN B-PER evren 0 0 0 0 0 0 1 a td content 16 0
TURAN I-PER turan 0 0 0 0 0 0 1 a td content 16 0

KATIHAL O katihal 0 0 0 0 0 0 1 br td content 16 0
FİZİĞİ O fi̇zi̇ği̇ 0 0 0 0 0 0 1 br td content 16 0
ANABİLİM O anabi̇li̇m 0 0 0 0 0 0 1 br td content 16 0
DALI O dali 0 0 0 0 0 0 1 br td content 16 0

ASSOC. O assoc. 0 0 0 0 0 0 1 a td content 16 0
PROF. O prof. 0 0 0 0 1 0 1 a td content 16 0
DR. O dr. 0 0 0 0 1 0 1 a td content 16 0
FERHAT B-PER ferhat 0 0 0 0 0 0 1 a td content 16 0
ALTUNSOY I-PER altunsoy 0 0 0 0 0 0 1 a td content 16 0

ZOOLOJİ O zooloji̇ 0 0 0 0 0 0 1 br td content 16 0
ANABİLİM O anabi̇li̇m 0 0 0 0 0 0 1 br td content 16 0
DALI O dali 0 0 0 0 0 0 1 br td content 16 0

ASSOC. O assoc. 0 0 0 0 0 0 1 a td content 16 0
PROF. O prof. 0 0 0 0 1 0 1 a td content 16 0
DR. O dr. 0 0 0 0 1 0 1 a td content 16 0
FİLİZ B-PER fi̇li̇z 0 0 0 0 0 0 1 a td content 16 0
ALANYALI I-PER alanyali 0 0 0 0 0 0 1 a td content 16 0

MOLEKÜLER O molekuler 0 0 0 0 0 0 1 br td content 16 0
BİYOLOJİ O bi̇yoloji̇ 0 0 0 0 0 0 1 br td content 16 0
ANABİLİM O anabi̇li̇m 0 0 0 0 0 0 1 br td content 16 0
DALI O dali 0 0 0 0 0 0 1 br td content 16 0

ASSOC. O assoc. 0 0 0 0 0 0 1 a td content 16 0
PROF. O prof. 0 0 0 0 1 0 1 a td content 16 0
DR. O dr. 0 0 0 0 1 0 1 a td content 16 0
FİLİZ B-PER fi̇li̇z 0 0 0 0 0 0 1 a td content 16 0
YILMAZ I-PER yilmaz 0 0 0 0 0 0 1 a td content 16 0

ANORGANİK O anorgani̇k 0 0 0 0 0 0 1 br td content 16 0
KİMYA O ki̇mya 0 0 0 0 0 0 1 br td content 16 0
ANABİLİM O anabi̇li̇m 0 0 0 0 0 0 1 br td content 16 0
DALI O dali 0 0 0 0 0 0 1 br td content 16 0

ASSOC. O assoc. 0 0 0 0 0 0 1 a td content 16 0
PROF. O prof. 0 0 0 0 1 0 1 a td content 16 0
DR. O dr. 0 0 0 0 1 0 1 a td content 16 0
GÖZDE B-PER gozde 0 0 0 0 0 0 1 a td content 16 0
AYDOĞAN I-PER aydoğan 0 0 0 0 1 0 1 a td content 16 0
KILIÇ I-PER kilic 0 0 0 0 0 0 1 a td content 16 0

MOLEKÜLER O molekuler 0 0 0 0 0 0 1 br td content 16 0
BİYOLOJİ O bi̇yoloji̇ 0 0 0 0 0 0 1 br td content 16 0
ANABİLİM O anabi̇li̇m 0 0 0 0 0 0 1 br td content 16 0
DALI O dali 0 0 0 0 0 0 1 br td content 16 0

ASSOC. O assoc. 0 0 0 0 0 0 1 a td content 16 0
PROF. O prof. 0 0 0 0 1 0 1 a td content 16 0
DR. O dr. 0 0 0 0 1 0 1 a td content 16 0
HAKAN B-PER hakan 0 0 0 0 0 0 1 a td content 16 0
CEBECİ I-PER cebeci̇ 0 0 0 0 0 0 1 a td content 16 0

YÜKSEK O yuksek 0 0 0 0 0 0 1 br td content 16 0
ENERJİ O enerji̇ 0 0 0 0 0 0 1 br td content 16 0
VE O ve 0 0 0 0 0 0 1 br td content 16 0
PLAZMA O plazma 0 0 0 0 0 0 1 br td content 16 0
FİZİĞİ O fi̇zi̇ği̇ 0 0 0 0 0 0 1 br td content 16 0
ANABİLİM O anabi̇li̇m 0 0 0 0 0 0 1 br td content 16 0
DALI O dali 0 0 0 0 0 0 1 br td content 16 0

ASSOC. O assoc. 0 0 0 0 0 0 1 a td content 16 0
PROF. O prof. 0 0 0 0 1 0 1 a td content 16 0
DR. O dr. 0 0 0 0 1 0 1 a td content 16 0
HANDAN B-PER handan 0 0 0 0 0 0 1 a td content 16 0
AKYAR I-PER akyar 0 0 0 0 0 0 1 a td content 16 0

UYGULAMALI O uygulamali 0 0 0 0 0 0 1 br td content 16 0
MATEMATİK O matemati̇k 0 0 0 0 0 0 1 br td content 16 0
ANABİLİM O anabi̇li̇m 0 0 0 0 0 0 1 br td content 16 0
DALI O dali 0 0 0 0 0 0 1 br td content 16 0

ASSOC. O assoc. 0 0 0 0 0 0 1 a td content 16 0
PROF. O prof. 0 0 0 0 1 0 1 a td content 16 0
DR. O dr. 0 0 0 0 1 0 1 a td content 16 0
HARUN B-PER harun 0 0 0 0 0 0 1 a td content 16 0
BÖCÜK I-PER bocuk 0 0 0 0 0 0 1 a td content 16 0

BOTANİK O botani̇k 0 0 0 0 0 0 1 br td content 16 0
ANABİLİM O anabi̇li̇m 0 0 0 0 0 0 1 br td content 16 0
DALI O dali 0 0 0 0 0 0 1 br td content 16 0

ASSOC. O assoc. 0 0 0 0 0 0 1 a td content 16 0
PROF. O prof. 0 0 0 0 1 0 1 a td content 16 0
DR. O dr. 0 0 0 0 1 0 1 a td content 16 0
HÜLYA B-PER hulya 0 0 0 0 0 0 1 a td content 16 0
ALTUNTAŞ I-PER altuntaş 0 0 0 0 0 0 1 a td content 16 0

ZOOLOJİ O zooloji̇ 0 0 0 0 0 0 1 br td content 16 0
ANABİLİM O anabi̇li̇m 0 0 0 0 0 0 1 br td content 16 0
DALI O dali 0 0 0 0 0 0 1 br td content 16 0

ASSOC. O assoc. 0 0 0 0 0 0 1 a td content 16 0
PROF. O prof. 0 0 0 0 1 0 1 a td content 16 0
DR. O dr. 0 0 0 0 1 0 1 a td content 16 0
İLHAMİ B-PER i̇lhami̇ 0 0 0 0 0 0 1 a td content 16 0
ÇELİK I-PER celi̇k 0 0 0 0 0 0 1 a td content 16 0

ORGANİK O organi̇k 0 0 0 0 0 0 1 br td content 16 0
KİMYA O ki̇mya 0 0 0 0 0 0 1 br td content 16 0
ANABİLİM O anabi̇li̇m 0 0 0 0 0 0 1 br td content 16 0
DALI O dali 0 0 0 0 0 0 1 br td content 16 0

ASSOC. O assoc. 0 0 0 0 0 0 1 a td content 16 0
PROF. O prof. 0 0 0 0 1 0 1 a td content 16 0
DR. O dr. 0 0 0 0 1 0 1 a td content 16 0
İLHAN B-PER i̇lhan 0 0 0 0 0 0 1 a td content 16 0
USTA I-PER usta 0 0 0 0 0 0 1 a td content 16 0

OLASILIK O olasilik 0 0 0 0 0 0 1 br td content 16 0
TEORİSİ O teori̇si̇ 0 0 0 0 0 0 1 br td content 16 0
VE O ve 0 0 0 0 0 0 1 br td content 16 0
SÜREÇLERİ O surecleri̇ 0 0 0 0 0 0 1 br td content 16 0
ANABİLİM O anabi̇li̇m 0 0 0 0 0 0 1 br td content 16 0
DALI O dali 0 0 0 0 0 0 1 br td content 16 0

ASSOC. O assoc. 0 0 0 0 0 0 1 a td content 16 0
PROF. O prof. 0 0 0 0 1 0 1 a td content 16 0
DR. O dr. 0 0 0 0 1 0 1 a td content 16 0
İLKER B-PER i̇lker 0 0 0 0 0 0 1 a td content 16 0
AVAN I-PER avan 0 0 0 0 0 0 1 a td content 16 0

ORGANİK O organi̇k 0 0 0 0 0 0 1 br td content 16 0
KİMYA O ki̇mya 0 0 0 0 0 0 1 br td content 16 0
ANABİLİM O anabi̇li̇m 0 0 0 0 0 0 1 br td content 16 0
DALI O dali 0 0 0 0 0 0 1 br td content 16 0

ASSOC. O assoc. 0 0 0 0 0 0 1 a td content 16 0
PROF. O prof. 0 0 0 0 1 0 1 a td content 16 0
DR. O dr. 0 0 0 0 1 0 1 a td content 16 0
KADİR B-PER kadi̇r 0 0 0 0 0 0 1 a td content 16 0
ÖZGÜR I-PER ozgur 0 0 0 0 0 0 1 a td content 16 0
PEKER I-PER peker 0 0 0 0 0 0 1 a td content 16 0

İSTATİSTİKSEL O i̇stati̇sti̇ksel 0 0 0 0 0 0 1 br td content 16 0
BİLGİ O bi̇lgi̇ 0 0 0 0 0 0 1 br td content 16 0
SİSTEMLERİ O si̇stemleri̇ 0 0 0 0 0 0 1 br td content 16 0
ANABİLİM O anabi̇li̇m 0 0 0 0 0 0 1 br td content 16 0
DALI O dali 0 0 0 0 0 0 1 br td content 16 0

ASSOC. O assoc. 0 0 0 0 0 0 1 a td content 16 0
PROF. O prof. 0 0 0 0 1 0 1 a td content 16 0
DR. O dr. 0 0 0 0 1 0 1 a td content 16 0
MEHMET B-PER mehmet 0 0 0 0 0 0 1 a td content 16 0
CANDAN I-PER candan 0 0 0 0 0 0 1 a td content 16 0

BOTANİK O botani̇k 0 0 0 0 0 0 1 br td content 16 0
ANABİLİM O anabi̇li̇m 0 0 0 0 0 0 1 br td content 16 0
DALI O dali 0 0 0 0 0 0 1 br td content 16 0

ASSOC. O assoc. 0 0 0 0 0 0 1 a td content 16 0
PROF. O prof. 0 0 0 0 1 0 1 a td content 16 0
DR. O dr. 0 0 0 0 1 0 1 a td content 16 0
MEHMET B-PER mehmet 0 0 0 0 0 0 1 a td content 16 0
BURÇİN I-PER burci̇n 0 0 0 0 0 0 1 a td content 16 0
MUTLU I-PER mutlu 0 0 0 0 0 0 1 a td content 16 0

GENEL O genel 0 0 0 0 0 0 1 br td content 16 0
BİYOLOJİ O bi̇yoloji̇ 0 0 0 0 0 0 1 br td content 16 0
ANABİLİM O anabi̇li̇m 0 0 0 0 0 0 1 br td content 16 0
DALI O dali 0 0 0 0 0 0 1 br td content 16 0

ASSOC. O assoc. 0 0 0 0 0 0 1 a td content 16 0
PROF. O prof. 0 0 0 0 1 0 1 a td content 16 0
DR. O dr. 0 0 0 0 1 0 1 a td content 16 0
MERAL B-PER meral 0 0 0 0 0 0 1 a td content 16 0
YILMAZ I-PER yilmaz 0 0 0 0 0 0 1 a td content 16 0
CANKILIÇ I-PER cankilic 0 0 0 0 0 0 1 a td content 16 0

GENEL O genel 0 0 0 0 0 0 1 br td content 16 0
BİYOLOJİ O bi̇yoloji̇ 0 0 0 0 0 0 1 br td content 16 0
ANABİLİM O anabi̇li̇m 0 0 0 0 0 0 1 br td content 16 0
DALI O dali 0 0 0 0 0 0 1 br td content 16 0

ASSOC. O assoc. 0 0 0 0 0 0 1 a td content 16 0
PROF. O prof. 0 0 0 0 1 0 1 a td content 16 0
DR. O dr. 0 0 0 0 1 0 1 a td content 16 0
MERYEM B-PER meryem 0 0 0 0 0 0 1 a td content 16 0
SAKIZCI I-PER sakizci 0 0 0 0 0 0 1 a td content 16 0

GENEL O genel 0 0 0 0 0 0 1 br td content 16 0
FİZİK O fi̇zi̇k 0 0 0 0 0 0 1 br td content 16 0
ANABİLİM O anabi̇li̇m 0 0 0 0 0 0 1 br td content 16 0
DALI O dali 0 0 0 0 0 0 1 br td content 16 0

ASSOC. O assoc. 0 0 0 0 0 0 1 a td content 16 0
PROF. O prof. 0 0 0 0 1 0 1 a td content 16 0
DR. O dr. 0 0 0 0 1 0 1 a td content 16 0
METİN B-PER meti̇n 0 0 0 0 0 0 1 a td content 16 0
KUL I-PER kul 0 0 0 0 0 0 1 a td content 16 0

KATIHAL O katihal 0 0 0 0 0 0 1 br td content 16 0
FİZİĞİ O fi̇zi̇ği̇ 0 0 0 0 0 0 1 br td content 16 0
ANABİLİM O anabi̇li̇m 0 0 0 0 0 0 1 br td content 16 0
DALI O dali 0 0 0 0 0 0 1 br td content 16 0

ASSOC. O assoc. 0 0 0 0 0 0 1 a td content 16 0
PROF. O prof. 0 0 0 0 1 0 1 a td content 16 0
DR. O dr. 0 0 0 0 1 0 1 a td content 16 0
MUHİTTİN B-PER muhi̇tti̇n 0 0 0 0 0 0 1 a td content 16 0
ARSLANYOLU I-PER arslanyolu 0 0 0 0 0 0 1 a td content 16 0

MOLEKÜLER O molekuler 0 0 0 0 0 0 1 br td content 16 0
BİYOLOJİ O bi̇yoloji̇ 0 0 0 0 0 0 1 br td content 16 0
ANABİLİM O anabi̇li̇m 0 0 0 0 0 0 1 br td content 16 0
DALI O dali 0 0 0 0 0 0 1 br td content 16 0

ASSOC. O assoc. 0 0 0 0 0 0 1 a td content 16 0
PROF. O prof. 0 0 0 0 1 0 1 a td content 16 0
DR. O dr. 0 0 0 0 1 0 1 a td content 16 0
MURAT B-PER murat 0 0 0 0 0 0 1 a td content 16 0
ERDEM I-PER erdem 0 0 0 0 0 0 1 a td content 16 0

FİZİKOKİMYA O fi̇zi̇koki̇mya 0 0 0 0 0 0 1 br td content 16 0
ANABİLİM O anabi̇li̇m 0 0 0 0 0 0 1 br td content 16 0
DALI O dali 0 0 0 0 0 0 1 br td content 16 0

ASSOC. O assoc. 0 0 0 0 0 0 1 a td content 16 0
PROF. O prof. 0 0 0 0 1 0 1 a td content 16 0
DR. O dr. 0 0 0 0 1 0 1 a td content 16 0
NALAN B-PER nalan 0 0 0 0 0 0 1 a td content 16 0
YILMAZ I-PER yilmaz 0 0 0 0 0 0 1 a td content 16 0
SARIÖZLÜ I-PER sariozlu 0 0 0 0 0 0 1 a td content 16 0

TEMEL O temel 0 0 0 0 0 0 1 br td content 16 0
VE O ve 0 0 0 0 0 0 1 br td content 16 0
ENDÜSTRİYEL O endustri̇yel 0 0 0 0 0 0 1 br td content 16 0
MİKROBİYOLOJİ O mi̇krobi̇yoloji̇ 0 0 0 0 0 0 1 br td content 16 0
AD. O ad. 0 0 0 0 0 0 1 br td content 16 0

ASSOC. O assoc. 0 0 0 0 0 0 1 a td content 16 0
PROF. O prof. 0 0 0 0 1 0 1 a td content 16 0
DR. O dr. 0 0 0 0 1 0 1 a td content 16 0
NEVİN B-PER nevi̇n 0 0 0 0 0 0 1 a td content 16 0
KANIŞKAN I-PER kanişkan 0 0 0 0 0 0 1 a td content 16 0

ORGANİK O organi̇k 0 0 0 0 0 0 1 br td content 16 0
KİMYA O ki̇mya 0 0 0 0 0 0 1 br td content 16 0
ANABİLİM O anabi̇li̇m 0 0 0 0 0 0 1 br td content 16 0
DALI O dali 0 0 0 0 0 0 1 br td content 16 0

ASSOC. O assoc. 0 0 0 0 0 0 1 a td content 16 0
PROF. O prof. 0 0 0 0 1 0 1 a td content 16 0
DR. O dr. 0 0 0 0 1 0 1 a td content 16 0
NİHAL B-PER ni̇hal 0 0 0 0 0 0 1 a td content 16 0
EGE I-PER ege 0 0 0 0 0 0 1 a td content 16 0

ANALİZ O anali̇z 0 0 0 0 0 0 1 br td content 16 0
VE O ve 0 0 0 0 0 0 1 br td content 16 0
FONKSİYONLAR O fonksi̇yonlar 0 0 0 0 0 0 1 br td content 16 0
TEORİSİ O teori̇si̇ 0 0 0 0 0 0 1 br td content 16 0
ANABİLİM O anabi̇li̇m 0 0 0 0 0 0 1 br td content 16 0
DALI O dali 0 0 0 0 0 0 1 br td content 16 0

ASSOC. O assoc. 0 0 0 0 0 0 1 a td content 16 0
PROF. O prof. 0 0 0 0 1 0 1 a td content 16 0
DR. O dr. 0 0 0 0 1 0 1 a td content 16 0
NİHAL B-PER ni̇hal 0 0 0 0 0 0 1 a td content 16 0
KUŞ I-PER kuş 0 0 0 0 0 0 1 a td content 16 0

YÜKSEK O yuksek 0 0 0 0 0 0 1 br td content 16 0
ENERJİ O enerji̇ 0 0 0 0 0 0 1 br td content 16 0
VE O ve 0 0 0 0 0 0 1 br td content 16 0
PLAZMA O plazma 0 0 0 0 0 0 1 br td content 16 0
FİZİĞİ O fi̇zi̇ği̇ 0 0 0 0 0 0 1 br td content 16 0
ANABİLİM O anabi̇li̇m 0 0 0 0 0 0 1 br td content 16 0
DALI O dali 0 0 0 0 0 0 1 br td content 16 0

ASSOC. O assoc. 0 0 0 0 0 0 1 a td content 16 0
PROF. O prof. 0 0 0 0 1 0 1 a td content 16 0
DR. O dr. 0 0 0 0 1 0 1 a td content 16 0
NURAY B-PER nuray 0 0 0 0 0 0 1 a td content 16 0
CANDEMİR I-PER candemi̇r 0 0 0 0 0 0 1 a td content 16 0

MATEMATİKSEL O matemati̇ksel 0 0 0 0 0 0 1 br td content 16 0
FİZİK O fi̇zi̇k 0 0 0 0 0 0 1 br td content 16 0
ANABİLİM O anabi̇li̇m 0 0 0 0 0 0 1 br td content 16 0
DALI O dali 0 0 0 0 0 0 1 br td content 16 0

ASSOC. O assoc. 0 0 0 0 0 0 1 a td content 16 0
PROF. O prof. 0 0 0 0 1 0 1 a td content 16 0
DR. O dr. 0 0 0 0 1 0 1 a td content 16 0
ÖZGÜR B-PER ozgur 0 0 0 0 0 0 1 a td content 16 0
ALVER I-PER alver 0 0 0 0 0 0 1 a td content 16 0

ATOM O atom 0 0 0 0 0 0 1 br td content 16 0
VE O ve 0 0 0 0 0 0 1 br td content 16 0
MOLEKÜL O molekul 0 0 0 0 0 0 1 br td content 16 0
FİZİĞİ O fi̇zi̇ği̇ 0 0 0 0 0 0 1 br td content 16 0
ANABİLİM O anabi̇li̇m 0 0 0 0 0 0 1 br td content 16 0
DALI O dali 0 0 0 0 0 0 1 br td content 16 0

ASSOC. O assoc. 0 0 0 0 0 0 1 a td content 16 0
PROF. O prof. 0 0 0 0 1 0 1 a td content 16 0
DR. O dr. 0 0 0 0 1 0 1 a td content 16 0
RASİME B-PER rasi̇me 0 0 0 0 0 0 1 a td content 16 0
DEMİREL I-PER demi̇rel 0 0 0 0 0 0 1 a td content 16 0

TEMEL O temel 0 0 0 0 0 0 1 br td content 16 0
VE O ve 0 0 0 0 0 0 1 br td content 16 0
ENDÜSTRİYEL O endustri̇yel 0 0 0 0 0 0 1 br td content 16 0
MİKROBİYOLOJİ O mi̇krobi̇yoloji̇ 0 0 0 0 0 0 1 br td content 16 0
AD. O ad. 0 0 0 0 0 0 1 br td content 16 0

ASSOC. O assoc. 0 0 0 0 0 0 1 a td content 16 0
PROF. O prof. 0 0 0 0 1 0 1 a td content 16 0
DR. O dr. 0 0 0 0 1 0 1 a td content 16 0
SEDEF B-PER sedef 0 0 0 0 0 0 1 a td content 16 0
DİKMEN I-PER di̇kmen 0 0 0 0 0 0 1 a td content 16 0

GENEL O genel 0 0 0 0 0 0 1 br td content 16 0
FİZİK O fi̇zi̇k 0 0 0 0 0 0 1 br td content 16 0
ANABİLİM O anabi̇li̇m 0 0 0 0 0 0 1 br td content 16 0
DALI O dali 0 0 0 0 0 0 1 br td content 16 0

ASSOC. O assoc. 0 0 0 0 0 0 1 a td content 16 0
PROF. O prof. 0 0 0 0 1 0 1 a td content 16 0
DR. O dr. 0 0 0 0 1 0 1 a td content 16 0
SEVİL B-PER sevi̇l 0 0 0 0 0 0 1 a td content 16 0
ŞENTÜRK I-PER şenturk 0 0 0 0 0 0 1 a td content 16 0

UYGULAMALI O uygulamali 0 0 0 0 0 0 1 br td content 16 0
İSTATİSTİK O i̇stati̇sti̇k 0 0 0 0 0 0 1 br td content 16 0
ANABİLİM O anabi̇li̇m 0 0 0 0 0 0 1 br td content 16 0
DALI O dali 0 0 0 0 0 0 1 br td content 16 0

ASSOC. O assoc. 0 0 0 0 0 0 1 a td content 16 0
PROF. O prof. 0 0 0 0 1 0 1 a td content 16 0
DR. O dr. 0 0 0 0 1 0 1 a td content 16 0
SİBEL B-PER si̇bel 0 0 0 0 0 0 1 a td content 16 0
EMİR I-PER emi̇r 0 0 0 0 1 0 1 a td content 16 0
DİLTEMİZ I-PER di̇ltemi̇z 0 0 0 0 0 0 1 a td content 16 0

ANALİTİK O anali̇ti̇k 0 0 0 0 0 0 1 br td content 16 0
KİMYA O ki̇mya 0 0 0 0 0 0 1 br td content 16 0
ANABİLİM O anabi̇li̇m 0 0 0 0 0 0 1 br td content 16 0
DALI O dali 0 0 0 0 0 0 1 br td content 16 0

ASSOC. O assoc. 0 0 0 0 0 0 1 a td content 16 0
PROF. O prof. 0 0 0 0 1 0 1 a td content 16 0
DR. O dr. 0 0 0 0 1 0 1 a td content 16 0
ŞENAY B-PER şenay 0 0 0 0 0 0 1 a td content 16 0
BULUT I-PER bulut 0 0 0 0 0 0 1 a td content 16 0

GEOMETRİ O geometri̇ 0 0 0 0 0 0 1 br td content 16 0
ANABİLİM O anabi̇li̇m 0 0 0 0 0 0 1 br td content 16 0
DALI O dali 0 0 0 0 0 0 1 br td content 16 0

ASSOC. O assoc. 0 0 0 0 0 0 1 a td content 16 0
PROF. O prof. 0 0 0 0 1 0 1 a td content 16 0
DR. O dr. 0 0 0 0 1 0 1 a td content 16 0
TANER B-PER taner 0 0 0 0 0 0 1 a td content 16 0
BÜYÜKKÖROĞLU I-PER buyukkoroğlu 0 0 0 0 0 0 1 a td content 16 0

UYGULAMALI O uygulamali 0 0 0 0 0 0 1 br td content 16 0
MATEMATİK O matemati̇k 0 0 0 0 0 0 1 br td content 16 0
ANABİLİM O anabi̇li̇m 0 0 0 0 0 0 1 br td content 16 0
DALI O dali 0 0 0 0 0 0 1 br td content 16 0

ASSOC. O assoc. 0 0 0 0 0 0 1 a td content 16 0
PROF. O prof. 0 0 0 0 1 0 1 a td content 16 0
DR. O dr. 0 0 0 0 1 0 1 a td content 16 0
TÜLAY B-PER tulay 0 0 0 0 0 0 1 a td content 16 0
HURMA I-PER hurma 0 0 0 0 0 0 1 a td content 16 0

KATIHAL O katihal 0 0 0 0 0 0 1 br td content 16 0
FİZİĞİ O fi̇zi̇ği̇ 0 0 0 0 0 0 1 br td content 16 0
ANABİLİM O anabi̇li̇m 0 0 0 0 0 0 1 br td content 16 0
DALI O dali 0 0 0 0 0 0 1 br td content 16 0

ASSOC. O assoc. 0 0 0 0 0 0 1 a td content 16 0
PROF. O prof. 0 0 0 0 1 0 1 a td content 16 0
DR. O dr. 0 0 0 0 1 0 1 a td content 16 0
UĞUR B-PER uğur 0 0 0 0 0 0 1 a td content 16 0
SERİNCAN I-PER seri̇ncan 0 0 0 0 0 0 1 a td content 16 0

KATIHAL O katihal 0 0 0 0 0 0 1 br td content 16 0
FİZİĞİ O fi̇zi̇ği̇ 0 0 0 0 0 0 1 br td content 16 0
ANABİLİM O anabi̇li̇m 0 0 0 0 0 0 1 br td content 16 0
DALI O dali 0 0 0 0 0 0 1 br td content 16 0

ASSOC. O assoc. 0 0 0 0 0 0 1 a td content 16 0
PROF. O prof. 0 0 0 0 1 0 1 a td content 16 0
DR. O dr. 0 0 0 0 1 0 1 a td content 16 0
YASEMİN B-PER yasemi̇n 0 0 0 0 0 0 1 a td content 16 0
ÇİMEN I-PER ci̇men 0 0 0 0 0 0 1 a td content 16 0

FİZİKOKİMYA O fi̇zi̇koki̇mya 0 0 0 0 0 0 1 br td content 16 0
ANABİLİM O anabi̇li̇m 0 0 0 0 0 0 1 br td content 16 0
DALI O dali 0 0 0 0 0 0 1 br td content 16 0

ASSOC. O assoc. 0 0 0 0 0 0 1 a td content 16 0
PROF. O prof. 0 0 0 0 1 0 1 a td content 16 0
DR. O dr. 0 0 0 0 1 0 1 a td content 16 0
YILMAZ B-PER yilmaz 0 0 0 0 0 0 1 a td content 16 0
DERELİ I-PER dereli̇ 0 0 0 0 0 0 1 a td content 16 0

UYGULAMALI O uygulamali 0 0 0 0 0 0 1 br td content 16 0
MATEMATİK O matemati̇k 0 0 0 0 0 0 1 br td content 16 0
ANABİLİM O anabi̇li̇m 0 0 0 0 0 0 1 br td content 16 0
DALI O dali 0 0 0 0 0 0 1 br td content 16 0

ASSOC. O assoc. 0 0 0 0 0 0 1 a td content 16 0
PROF. O prof. 0 0 0 0 1 0 1 a td content 16 0
DR. O dr. 0 0 0 0 1 0 1 a td content 16 0
YUNUS B-PER yunus 0 0 0 0 0 0 1 a td content 16 0
ÖZDEMİR I-PER ozdemi̇r 0 0 0 0 0 0 1 a td content 16 0

TOPOLOJİ O topoloji̇ 0 0 0 0 0 0 1 br td content 16 0
ANABİLİM O anabi̇li̇m 0 0 0 0 0 0 1 br td content 16 0
DALI O dali 0 0 0 0 0 0 1 br td content 16 0

ASSOC. O assoc. 0 0 0 0 0 0 1 a td content 16 0
PROF. O prof. 0 0 0 0 1 0 1 a td content 16 0
DR. O dr. 0 0 0 0 1 0 1 a td content 16 0
ZERRİN B-PER zerri̇n 0 0 0 0 0 0 1 a td content 16 0
AŞAN I-PER aşan 0 0 0 0 0 0 1 a td content 16 0
GREENACRE I-PER greenacre 0 0 0 0 0 0 1 a td content 16 0

UYGULAMALI O uygulamali 0 0 0 0 0 0 1 br td content 16 0
İSTATİSTİK O i̇stati̇sti̇k 0 0 0 0 0 0 1 br td content 16 0
ANABİLİM O anabi̇li̇m 0 0 0 0 0 0 1 br td content 16 0
DALI O dali 0 0 0 0 0 0 1 br td content 16 0

ASSISTANT O assistant 0 0 0 0 0 0 1 tr thead content 14 0
PROFESSOR O professor 0 0 0 0 1 0 1 tr thead content 14 0
Doctor O doctor 0 1 0 0 0 0 1 tr thead content 14 0

ASST. O asst. 0 0 0 0 0 0 1 a td content 16 0
PROF. O prof. 0 0 0 0 1 0 1 a td content 16 0
DR. O dr. 0 0 0 0 1 0 1 a td content 16 0
ALPER B-PER alper 0 0 0 0 0 0 1 a td content 16 0
BEKKİ I-PER bekki̇ 0 0 0 0 0 0 1 a td content 16 0

İSTATİSTİKSEL O i̇stati̇sti̇ksel 0 0 0 0 0 0 1 br td content 16 0
BİLGİ O bi̇lgi̇ 0 0 0 0 0 0 1 br td content 16 0
SİSTEMLERİ O si̇stemleri̇ 0 0 0 0 0 0 1 br td content 16 0
ANABİLİM O anabi̇li̇m 0 0 0 0 0 0 1 br td content 16 0
DALI O dali 0 0 0 0 0 0 1 br td content 16 0

ASST. O asst. 0 0 0 0 0 0 1 a td content 16 0
PROF. O prof. 0 0 0 0 1 0 1 a td content 16 0
DR. O dr. 0 0 0 0 1 0 1 a td content 16 0
ATİLLA B-PER ati̇lla 0 0 0 0 0 0 1 a td content 16 0
ASLANARGUN I-PER aslanargun 0 0 0 0 0 0 1 a td content 16 0

UYGULAMALI O uygulamali 0 0 0 0 0 0 1 br td content 16 0
İSTATİSTİK O i̇stati̇sti̇k 0 0 0 0 0 0 1 br td content 16 0
ANABİLİM O anabi̇li̇m 0 0 0 0 0 0 1 br td content 16 0
DALI O dali 0 0 0 0 0 0 1 br td content 16 0

ASST. O asst. 0 0 0 0 0 0 1 a td content 16 0
PROF. O prof. 0 0 0 0 1 0 1 a td content 16 0
DR. O dr. 0 0 0 0 1 0 1 a td content 16 0
BANU B-PER banu 0 0 0 0 0 0 1 a td content 16 0
AYTÜL I-PER aytul 0 0 0 0 0 0 1 a td content 16 0
EKMEKÇİ I-PER ekmekci̇ 0 0 0 0 0 0 1 a td content 16 0

BOTANİK O botani̇k 0 0 0 0 0 0 1 br td content 16 0
ANABİLİM O anabi̇li̇m 0 0 0 0 0 0 1 br td content 16 0
DALI O dali 0 0 0 0 0 0 1 br td content 16 0

ASST. O asst. 0 0 0 0 0 0 1 a td content 16 0
PROF. O prof. 0 0 0 0 1 0 1 a td content 16 0
DR. O dr. 0 0 0 0 1 0 1 a td content 16 0
BİLGE B-PER bi̇lge 0 0 0 0 0 0 1 a td content 16 0
ERDEM I-PER erdem 0 0 0 0 0 0 1 a td content 16 0

FİZİKOKİMYA O fi̇zi̇koki̇mya 0 0 0 0 0 0 1 br td content 16 0
ANABİLİM O anabi̇li̇m 0 0 0 0 0 0 1 br td content 16 0
DALI O dali 0 0 0 0 0 0 1 br td content 16 0

ASST. O asst. 0 0 0 0 0 0 1 a td content 16 0
PROF. O prof. 0 0 0 0 1 0 1 a td content 16 0
DR. O dr. 0 0 0 0 1 0 1 a td content 16 0
ÇİĞDEM B-PER ci̇ğdem 0 0 0 0 0 0 1 a td content 16 0
KALATHILPARMBIL I-PER kalathilparmbil 0 0 0 0 0 0 1 a td content 16 0

İSTATİSTİK O i̇stati̇sti̇k 0 0 0 0 0 0 1 br td content 16 0
TEORİSİ O teori̇si̇ 0 0 0 0 0 0 1 br td content 16 0
ANABİLİM O anabi̇li̇m 0 0 0 0 0 0 1 br td content 16 0
DALI O dali 0 0 0 0 0 0 1 br td content 16 0

ASST. O asst. 0 0 0 0 0 0 1 a td content 16 0
PROF. O prof. 0 0 0 0 1 0 1 a td content 16 0
DR. O dr. 0 0 0 0 1 0 1 a td content 16 0
DERYA B-PER derya 0 0 0 0 0 0 1 a td content 16 0
ÇELİK I-PER celi̇k 0 0 0 0 0 0 1 a td content 16 0

GEOMETRİ O geometri̇ 0 0 0 0 0 0 1 br td content 16 0
ANABİLİM O anabi̇li̇m 0 0 0 0 0 0 1 br td content 16 0
DALI O dali 0 0 0 0 0 0 1 br td content 16 0

ASST. O asst. 0 0 0 0 0 0 1 a td content 16 0
PROF. O prof. 0 0 0 0 1 0 1 a td content 16 0
DR. O dr. 0 0 0 0 1 0 1 a td content 16 0
DİLEK B-PER di̇lek 0 0 0 0 0 0 1 a td content 16 0
ELMALI I-PER elmali 0 0 0 0 0 0 1 a td content 16 0

ORGANİK O organi̇k 0 0 0 0 0 0 1 br td content 16 0
KİMYA O ki̇mya 0 0 0 0 0 0 1 br td content 16 0
ANABİLİM O anabi̇li̇m 0 0 0 0 0 0 1 br td content 16 0
DALI O dali 0 0 0 0 0 0 1 br td content 16 0

ASST. O asst. 0 0 0 0 0 0 1 a td content 16 0
PROF. O prof. 0 0 0 0 1 0 1 a td content 16 0
DR. O dr. 0 0 0 0 1 0 1 a td content 16 0
ELİF B-PER eli̇f 0 0 0 0 0 0 1 a td content 16 0
MİNE I-PER mi̇ne 0 0 0 0 0 0 1 a td content 16 0
ÖNCÜ I-PER oncu 0 0 0 0 0 0 1 a td content 16 0
KAYA I-PER kaya 0 0 0 0 0 0 1 a td content 16 0

ANALİTİK O anali̇ti̇k 0 0 0 0 0 0 1 br td content 16 0
KİMYA O ki̇mya 0 0 0 0 0 0 1 br td content 16 0
ANABİLİM O anabi̇li̇m 0 0 0 0 0 0 1 br td content 16 0
DALI O dali 0 0 0 0 0 0 1 br td content 16 0

ASST. O asst. 0 0 0 0 0 0 1 a td content 16 0
PROF. O prof. 0 0 0 0 1 0 1 a td content 16 0
DR. O dr. 0 0 0 0 1 0 1 a td content 16 0
EMEL B-PER emel 0 0 0 0 1 0 1 a td content 16 0
ERMİŞ I-PER ermi̇ş 0 0 0 0 0 0 1 a td content 16 0

ORGANİK O organi̇k 0 0 0 0 0 0 1 br td content 16 0
KİMYA O ki̇mya 0 0 0 0 0 0 1 br td content 16 0
ANABİLİM O anabi̇li̇m 0 0 0 0 0 0 1 br td content 16 0
DALI O dali 0 0 0 0 0 0 1 br td content 16 0

ASST. O asst. 0 0 0 0 0 0 1 a td content 16 0
PROF. O prof. 0 0 0 0 1 0 1 a td content 16 0
DR. O dr. 0 0 0 0 1 0 1 a td content 16 0
ERTUĞRUL B-PER ertuğrul 0 0 0 0 0 0 1 a td content 16 0
İZCİ I-PER i̇zci̇ 0 0 0 0 0 0 1 a td content 16 0

GENEL O genel 0 0 0 0 0 0 1 br td content 16 0
FİZİK O fi̇zi̇k 0 0 0 0 0 0 1 br td content 16 0
ANABİLİM O anabi̇li̇m 0 0 0 0 0 0 1 br td content 16 0
DALI O dali 0 0 0 0 0 0 1 br td content 16 0

ASST. O asst. 0 0 0 0 0 0 1 a td content 16 0
PROF. O prof. 0 0 0 0 1 0 1 a td content 16 0
DR. O dr. 0 0 0 0 1 0 1 a td content 16 0
FİGEN B-PER fi̇gen 0 0 0 0 0 0 1 a td content 16 0
TAKIL I-PER takil 0 0 0 0 0 0 1 a td content 16 0
MUTLU I-PER mutlu 0 0 0 0 0 0 1 a td content 16 0

CEBİR O cebi̇r 0 0 0 0 0 0 1 br td content 16 0
VE O ve 0 0 0 0 0 0 1 br td content 16 0
SAYILAR O sayilar 0 0 0 0 0 0 1 br td content 16 0
TEORİSİ O teori̇si̇ 0 0 0 0 0 0 1 br td content 16 0
ANABİLİM O anabi̇li̇m 0 0 0 0 0 0 1 br td content 16 0
DALI O dali 0 0 0 0 0 0 1 br td content 16 0

ASST. O asst. 0 0 0 0 0 0 1 a td content 16 0
PROF. O prof. 0 0 0 0 1 0 1 a td content 16 0
DR. O dr. 0 0 0 0 1 0 1 a td content 16 0
HALİL B-PER hali̇l 0 0 0 0 0 0 1 a td content 16 0
BERBER I-PER berber 0 0 0 0 0 0 1 a td content 16 0

ORGANİK O organi̇k 0 0 0 0 0 0 1 br td content 16 0
KİMYA O ki̇mya 0 0 0 0 0 0 1 br td content 16 0
ANABİLİM O anabi̇li̇m 0 0 0 0 0 0 1 br td content 16 0
DALI O dali 0 0 0 0 0 0 1 br td content 16 0

ASST. O asst. 0 0 0 0 0 0 1 a td content 16 0
PROF. O prof. 0 0 0 0 1 0 1 a td content 16 0
DR. O dr. 0 0 0 0 1 0 1 a td content 16 0
HALİL B-PER hali̇l 0 0 0 0 0 0 1 a td content 16 0
GAMSIZKAN I-PER gamsizkan 0 0 0 0 0 0 1 a td content 16 0

YÜKSEK O yuksek 0 0 0 0 0 0 1 br td content 16 0
ENERJİ O enerji̇ 0 0 0 0 0 0 1 br td content 16 0
VE O ve 0 0 0 0 0 0 1 br td content 16 0
PLAZMA O plazma 0 0 0 0 0 0 1 br td content 16 0
FİZİĞİ O fi̇zi̇ği̇ 0 0 0 0 0 0 1 br td content 16 0
ANABİLİM O anabi̇li̇m 0 0 0 0 0 0 1 br td content 16 0
DALI O dali 0 0 0 0 0 0 1 br td content 16 0

ASST. O asst. 0 0 0 0 0 0 1 a td content 16 0
PROF. O prof. 0 0 0 0 1 0 1 a td content 16 0
DR. O dr. 0 0 0 0 1 0 1 a td content 16 0
HÜSEYİN B-PER huseyi̇n 0 0 0 0 0 0 1 a td content 16 0
BERBER I-PER berber 0 0 0 0 0 0 1 a td content 16 0

FİZİKOKİMYA O fi̇zi̇koki̇mya 0 0 0 0 0 0 1 br td content 16 0
ANABİLİM O anabi̇li̇m 0 0 0 0 0 0 1 br td content 16 0
DALI O dali 0 0 0 0 0 0 1 br td content 16 0

ASST. O asst. 0 0 0 0 0 0 1 a td content 16 0
PROF. O prof. 0 0 0 0 1 0 1 a td content 16 0
DR. O dr. 0 0 0 0 1 0 1 a td content 16 0
İLKNUR B-PER i̇lknur 0 0 0 0 0 0 1 a td content 16 0
ATASEVER I-PER atasever 0 0 0 0 0 0 1 a td content 16 0
GÜVENÇ I-PER guvenc 0 0 0 0 0 0 1 a td content 16 0

CEBİR O cebi̇r 0 0 0 0 0 0 1 br td content 16 0
VE O ve 0 0 0 0 0 0 1 br td content 16 0
SAYILAR O sayilar 0 0 0 0 0 0 1 br td content 16 0
TEORİSİ O teori̇si̇ 0 0 0 0 0 0 1 br td content 16 0
ANABİLİM O anabi̇li̇m 0 0 0 0 0 0 1 br td content 16 0
DALI O dali 0 0 0 0 0 0 1 br td content 16 0

ASST. O asst. 0 0 0 0 0 0 1 a td content 16 0
PROF. O prof. 0 0 0 0 1 0 1 a td content 16 0
DR. O dr. 0 0 0 0 1 0 1 a td content 16 0
LEVENT B-PER levent 0 0 0 0 0 0 1 a td content 16 0
TERLEMEZ I-PER terlemez 0 0 0 0 0 0 1 a td content 16 0

İSTATİSTİKSEL O i̇stati̇sti̇ksel 0 0 0 0 0 0 1 br td content 16 0
BİLGİ O bi̇lgi̇ 0 0 0 0 0 0 1 br td content 16 0
SİSTEMLERİ O si̇stemleri̇ 0 0 0 0 0 0 1 br td content 16 0
ANABİLİM O anabi̇li̇m 0 0 0 0 0 0 1 br td content 16 0
DALI O dali 0 0 0 0 0 0 1 br td content 16 0

ASST. O asst. 0 0 0 0 0 0 1 a td content 16 0
PROF. O prof. 0 0 0 0 1 0 1 a td content 16 0
DR. O dr. 0 0 0 0 1 0 1 a td content 16 0
MERYEM B-PER meryem 0 0 0 0 0 0 1 a td content 16 0
TÜRKAY I-PER turkay 0 0 0 0 0 0 1 a td content 16 0
AYTEKİN I-PER ayteki̇n 0 0 0 0 0 0 1 a td content 16 0
AYDIN I-PER aydin 0 0 0 0 1 0 1 a td content 16 0

ATOM O atom 0 0 0 0 0 0 1 br td content 16 0
VE O ve 0 0 0 0 0 0 1 br td content 16 0
MOLEKÜL O molekul 0 0 0 0 0 0 1 br td content 16 0
FİZİĞİ O fi̇zi̇ği̇ 0 0 0 0 0 0 1 br td content 16 0
ANABİLİM O anabi̇li̇m 0 0 0 0 0 0 1 br td content 16 0
DALI O dali 0 0 0 0 0 0 1 br td content 16 0

ASST. O asst. 0 0 0 0 0 0 1 a td content 16 0
PROF. O prof. 0 0 0 0 1 0 1 a td content 16 0
DR. O dr. 0 0 0 0 1 0 1 a td content 16 0
MUSTAFA B-PER mustafa 0 0 0 0 1 0 1 a td content 16 0
SALTAN I-PER saltan 0 0 0 0 0 0 1 a td content 16 0

GEOMETRİ O geometri̇ 0 0 0 0 0 0 1 br td content 16 0
ANABİLİM O anabi̇li̇m 0 0 0 0 0 0 1 br td content 16 0
DALI O dali 0 0 0 0 0 0 1 br td content 16 0

ASST. O asst. 0 0 0 0 0 0 1 a td content 16 0
PROF. O prof. 0 0 0 0 1 0 1 a td content 16 0
DR. O dr. 0 0 0 0 1 0 1 a td content 16 0
NESİL B-PER nesi̇l 0 0 0 0 0 0 1 a td content 16 0
ERTORUN I-PER ertorun 0 0 0 0 0 0 1 a td content 16 0

ZOOLOJİ O zooloji̇ 0 0 0 0 0 0 1 br td content 16 0
ANABİLİM O anabi̇li̇m 0 0 0 0 0 0 1 br td content 16 0
DALI O dali 0 0 0 0 0 0 1 br td content 16 0

ASST. O asst. 0 0 0 0 0 0 1 a td content 16 0
PROF. O prof. 0 0 0 0 1 0 1 a td content 16 0
DR. O dr. 0 0 0 0 1 0 1 a td content 16 0
NEZAHAT B-PER nezahat 0 0 0 0 0 0 1 a td content 16 0
ÇETİN I-PER ceti̇n 0 0 0 0 0 0 1 a td content 16 0

ANALİZ O anali̇z 0 0 0 0 0 0 1 br td content 16 0
VE O ve 0 0 0 0 0 0 1 br td content 16 0
FONKSİYONLAR O fonksi̇yonlar 0 0 0 0 0 0 1 br td content 16 0
TEORİSİ O teori̇si̇ 0 0 0 0 0 0 1 br td content 16 0
ANABİLİM O anabi̇li̇m 0 0 0 0 0 0 1 br td content 16 0
DALI O dali 0 0 0 0 0 0 1 br td content 16 0

ASST. O asst. 0 0 0 0 0 0 1 a td content 16 0
PROF. O prof. 0 0 0 0 1 0 1 a td content 16 0
DR. O dr. 0 0 0 0 1 0 1 a td content 16 0
OĞUZ B-PER oğuz 0 0 0 0 0 0 1 a td content 16 0
ERTUĞRUL I-PER ertuğrul 0 0 0 0 0 0 1 a td content 16 0

YÜKSEK O yuksek 0 0 0 0 0 0 1 br td content 16 0
ENERJİ O enerji̇ 0 0 0 0 0 0 1 br td content 16 0
VE O ve 0 0 0 0 0 0 1 br td content 16 0
PLAZMA O plazma 0 0 0 0 0 0 1 br td content 16 0
FİZİĞİ O fi̇zi̇ği̇ 0 0 0 0 0 0 1 br td content 16 0
ANABİLİM O anabi̇li̇m 0 0 0 0 0 0 1 br td content 16 0
DALI O dali 0 0 0 0 0 0 1 br td content 16 0

ASST. O asst. 0 0 0 0 0 0 1 a td content 16 0
PROF. O prof. 0 0 0 0 1 0 1 a td content 16 0
DR. O dr. 0 0 0 0 1 0 1 a td content 16 0
ÖZER B-PER ozer 0 0 0 0 0 0 1 a td content 16 0
GÖK I-PER gok 0 0 0 0 0 0 1 a td content 16 0

FİZİKOKİMYA O fi̇zi̇koki̇mya 0 0 0 0 0 0 1 br td content 16 0
ANABİLİM O anabi̇li̇m 0 0 0 0 0 0 1 br td content 16 0
DALI O dali 0 0 0 0 0 0 1 br td content 16 0

ASST. O asst. 0 0 0 0 0 0 1 a td content 16 0
PROF. O prof. 0 0 0 0 1 0 1 a td content 16 0
DR. O dr. 0 0 0 0 1 0 1 a td content 16 0
ÖZER B-PER ozer 0 0 0 0 0 0 1 a td content 16 0
ÖZDEMİR I-PER ozdemi̇r 0 0 0 0 0 0 1 a td content 16 0

İSTATİSTİK O i̇stati̇sti̇k 0 0 0 0 0 0 1 br td content 16 0
TEORİSİ O teori̇si̇ 0 0 0 0 0 0 1 br td content 16 0
ANABİLİM O anabi̇li̇m 0 0 0 0 0 0 1 br td content 16 0
DALI O dali 0 0 0 0 0 0 1 br td content 16 0

ASST. O asst. 0 0 0 0 0 0 1 a td content 16 0
PROF. O prof. 0 0 0 0 1 0 1 a td content 16 0
DR. O dr. 0 0 0 0 1 0 1 a td content 16 0
ÖZLEM B-PER ozlem 0 0 0 0 0 0 1 a td content 16 0
ÜNLÜER I-PER unluer 0 0 0 0 0 0 1 a td content 16 0

BİYOKİMYA O bi̇yoki̇mya 0 0 0 0 0 0 1 br td content 16 0
ANABİLİM O anabi̇li̇m 0 0 0 0 0 0 1 br td content 16 0
DALI O dali 0 0 0 0 0 0 1 br td content 16 0

ASST. O asst. 0 0 0 0 0 0 1 a td content 16 0
PROF. O prof. 0 0 0 0 1 0 1 a td content 16 0
DR. O dr. 0 0 0 0 1 0 1 a td content 16 0
RECEP B-PER recep 0 0 0 0 0 0 1 a td content 16 0
SULHİ I-PER sulhi̇ 0 0 0 0 0 0 1 a td content 16 0
ÖZKÜTÜK I-PER ozkutuk 0 0 0 0 0 0 1 a td content 16 0

ZOOLOJİ O zooloji̇ 0 0 0 0 0 0 1 br td content 16 0
ANABİLİM O anabi̇li̇m 0 0 0 0 0 0 1 br td content 16 0
DALI O dali 0 0 0 0 0 0 1 br td content 16 0

ASST. O asst. 0 0 0 0 0 0 1 a td content 16 0
PROF. O prof. 0 0 0 0 1 0 1 a td content 16 0
DR. O dr. 0 0 0 0 1 0 1 a td content 16 0
SABİHA B-PER sabi̇ha 0 0 0 0 0 0 1 a td content 16 0
AKSAY I-PER aksay 0 0 0 0 0 0 1 a td content 16 0

GENEL O genel 0 0 0 0 0 0 1 br td content 16 0
FİZİK O fi̇zi̇k 0 0 0 0 0 0 1 br td content 16 0
ANABİLİM O anabi̇li̇m 0 0 0 0 0 0 1 br td content 16 0
DALI O dali 0 0 0 0 0 0 1 br td content 16 0

ASST. O asst. 0 0 0 0 0 0 1 a td content 16 0
PROF. O prof. 0 0 0 0 1 0 1 a td content 16 0
DR. O dr. 0 0 0 0 1 0 1 a td content 16 0
SERPİL B-PER serpi̇l 0 0 0 0 0 0 1 a td content 16 0
ÖZKARA I-PER ozkara 0 0 0 0 0 0 1 a td content 16 0
YAVUZ I-PER yavuz 0 0 0 0 0 0 1 a td content 16 0

BİYOKİMYA O bi̇yoki̇mya 0 0 0 0 0 0 1 br td content 16 0
ANABİLİM O anabi̇li̇m 0 0 0 0 0 0 1 br td content 16 0
DALI O dali 0 0 0 0 0 0 1 br td content 16 0

ASST. O asst. 0 0 0 0 0 0 1 a td content 16 0
PROF. O prof. 0 0 0 0 1 0 1 a td content 16 0
DR. O dr. 0 0 0 0 1 0 1 a td content 16 0
SULTAN B-PER sultan 0 0 0 0 0 0 1 a td content 16 0
FUNDA I-PER funda 0 0 0 0 0 0 1 a td content 16 0
EKTİ I-PER ekti̇ 0 0 0 0 0 0 1 a td content 16 0

ORGANİK O organi̇k 0 0 0 0 0 0 1 br td content 16 0
KİMYA O ki̇mya 0 0 0 0 0 0 1 br td content 16 0
ANABİLİM O anabi̇li̇m 0 0 0 0 0 0 1 br td content 16 0
DALI O dali 0 0 0 0 0 0 1 br td content 16 0

ASST. O asst. 0 0 0 0 0 0 1 a td content 16 0
PROF. O prof. 0 0 0 0 1 0 1 a td content 16 0
DR. O dr. 0 0 0 0 1 0 1 a td content 16 0
ŞİRİN B-PER şi̇ri̇n 0 0 0 0 0 0 1 a td content 16 0
AKTAY I-PER aktay 0 0 0 0 0 0 1 a td content 16 0

TOPOLOJİ O topoloji̇ 0 0 0 0 0 0 1 br td content 16 0
ANABİLİM O anabi̇li̇m 0 0 0 0 0 0 1 br td content 16 0
DALI O dali 0 0 0 0 0 0 1 br td content 16 0

ASST. O asst. 0 0 0 0 0 0 1 a td content 16 0
PROF. O prof. 0 0 0 0 1 0 1 a td content 16 0
DR. O dr. 0 0 0 0 1 0 1 a td content 16 0
ŞÜKRÜ B-PER şukru 0 0 0 0 0 0 1 a td content 16 0
ACITAŞ I-PER acitaş 0 0 0 0 0 0 1 a td content 16 0

OLASILIK O olasilik 0 0 0 0 0 0 1 br td content 16 0
TEORİSİ O teori̇si̇ 0 0 0 0 0 0 1 br td content 16 0
VE O ve 0 0 0 0 0 0 1 br td content 16 0
SÜREÇLERİ O surecleri̇ 0 0 0 0 0 0 1 br td content 16 0
ANABİLİM O anabi̇li̇m 0 0 0 0 0 0 1 br td content 16 0
DALI O dali 0 0 0 0 0 0 1 br td content 16 0

ASST. O asst. 0 0 0 0 0 0 1 a td content 16 0
PROF. O prof. 0 0 0 0 1 0 1 a td content 16 0
DR. O dr. 0 0 0 0 1 0 1 a td content 16 0
VOLKAN B-PER volkan 0 0 0 0 0 0 1 a td content 16 0
KILIÇ I-PER kilic 0 0 0 0 0 0 1 a td content 16 0

GENEL O genel 0 0 0 0 0 0 1 br td content 16 0
BİYOLOJİ O bi̇yoloji̇ 0 0 0 0 0 0 1 br td content 16 0
ANABİLİM O anabi̇li̇m 0 0 0 0 0 0 1 br td content 16 0
DALI O dali 0 0 0 0 0 0 1 br td content 16 0

ASST. O asst. 0 0 0 0 0 0 1 a td content 16 0
PROF. O prof. 0 0 0 0 1 0 1 a td content 16 0
DR. O dr. 0 0 0 0 1 0 1 a td content 16 0
YASEMİN B-PER yasemi̇n 0 0 0 0 0 0 1 a td content 16 0
SÜZEN I-PER suzen 0 0 0 0 0 0 1 a td content 16 0

ANORGANİK O anorgani̇k 0 0 0 0 0 0 1 br td content 16 0
KİMYA O ki̇mya 0 0 0 0 0 0 1 br td content 16 0
ANABİLİM O anabi̇li̇m 0 0 0 0 0 0 1 br td content 16 0
DALI O dali 0 0 0 0 0 0 1 br td content 16 0

ASST. O asst. 0 0 0 0 0 0 1 a td content 16 0
PROF. O prof. 0 0 0 0 1 0 1 a td content 16 0
DR. O dr. 0 0 0 0 1 0 1 a td content 16 0
ZAFER B-PER zafer 0 0 0 0 0 0 1 a td content 16 0
DİKMEN I-PER di̇kmen 0 0 0 0 0 0 1 a td content 16 0

GENEL O genel 0 0 0 0 0 0 1 br td content 16 0
FİZİK O fi̇zi̇k 0 0 0 0 0 0 1 br td content 16 0
ANABİLİM O anabi̇li̇m 0 0 0 0 0 0 1 br td content 16 0
DALI O dali 0 0 0 0 0 0 1 br td content 16 0

LECTURER O lecturer 0 0 0 0 0 0 1 tr thead content 14 0
DOCTOR O doctor 0 0 0 0 0 0 1 tr thead content 14 0

LECTURER O lecturer 0 0 0 0 0 0 1 a td content 16 0
DR. O dr. 0 0 0 0 1 0 1 a td content 16 0
HALİL B-PER hali̇l 0 0 0 0 0 0 1 a td content 16 0
ERYILMAZ I-PER eryilmaz 0 0 0 0 0 0 1 a td content 16 0

İSTATİSTİKSEL O i̇stati̇sti̇ksel 0 0 0 0 0 0 1 br td content 16 0
BİLGİ O bi̇lgi̇ 0 0 0 0 0 0 1 br td content 16 0
SİSTEMLERİ O si̇stemleri̇ 0 0 0 0 0 0 1 br td content 16 0
ANABİLİM O anabi̇li̇m 0 0 0 0 0 0 1 br td content 16 0
DALI O dali 0 0 0 0 0 0 1 br td content 16 0

LECTURER O lecturer 0 0 0 0 0 0 1 a td content 16 0
DR. O dr. 0 0 0 0 1 0 1 a td content 16 0
TÜLAY B-PER tulay 0 0 0 0 0 0 1 a td content 16 0
TOLAN I-PER tolan 0 0 0 0 0 0 1 a td content 16 0

GENEL O genel 0 0 0 0 0 0 1 br td content 16 0
FİZİK O fi̇zi̇k 0 0 0 0 0 0 1 br td content 16 0
ANABİLİM O anabi̇li̇m 0 0 0 0 0 0 1 br td content 16 0
DALI O dali 0 0 0 0 0 0 1 br td content 16 0

LECTURER O lecturer 0 0 0 0 0 0 1 a td content 16 0
DR. O dr. 0 0 0 0 1 0 1 a td content 16 0
YEŞİM B-PER yeşi̇m 0 0 0 0 0 0 1 a td content 16 0
FATMA I-PER fatma 0 0 0 0 0 0 1 a td content 16 0
GÜRCAN I-PER gurcan 0 0 0 0 0 0 1 a td content 16 0

KATIHAL O katihal 0 0 0 0 0 0 1 br td content 16 0
FİZİĞİ O fi̇zi̇ği̇ 0 0 0 0 0 0 1 br td content 16 0
ANABİLİM O anabi̇li̇m 0 0 0 0 0 0 1 br td content 16 0
DALI O dali 0 0 0 0 0 0 1 br td content 16 0

_empty_ O _empty_ 0 0 0 0 0 0 0 tr thead content 14 0

DİDEM B-PER di̇dem 0 0 0 0 0 0 1 a td content 16 0
TOZKAN I-PER tozkan 0 0 0 0 0 0 1 a td content 16 0

ANALİZ O anali̇z 0 0 0 0 0 0 1 br td content 16 0
VE O ve 0 0 0 0 0 0 1 br td content 16 0
FONKSİYONLAR O fonksi̇yonlar 0 0 0 0 0 0 1 br td content 16 0
TEORİSİ O teori̇si̇ 0 0 0 0 0 0 1 br td content 16 0
ANABİLİM O anabi̇li̇m 0 0 0 0 0 0 1 br td content 16 0
DALI O dali 0 0 0 0 0 0 1 br td content 16 0

GÜLÇİN B-PER gulci̇n 0 0 0 0 0 0 1 a td content 16 0
IŞIK I-PER işik 0 0 0 0 0 0 1 a td content 16 0

BOTANİK O botani̇k 0 0 0 0 0 0 1 br td content 16 0
ANABİLİM O anabi̇li̇m 0 0 0 0 0 0 1 br td content 16 0
DALI O dali 0 0 0 0 0 0 1 br td content 16 0

HAKAN B-PER hakan 0 0 0 0 0 0 1 a td content 16 0
ÜNVER I-PER unver 0 0 0 0 0 0 1 a td content 16 0

ANORGANİK O anorgani̇k 0 0 0 0 0 0 1 br td content 16 0
KİMYA O ki̇mya 0 0 0 0 0 0 1 br td content 16 0
ANABİLİM O anabi̇li̇m 0 0 0 0 0 0 1 br td content 16 0
DALI O dali 0 0 0 0 0 0 1 br td content 16 0

ZÜLEYHA B-PER zuleyha 0 0 0 0 0 0 1 a td content 16 0
ÖZTAŞ I-PER oztaş 0 0 0 0 0 0 1 a td content 16 0

GENEL O genel 0 0 0 0 0 0 1 br td content 16 0
FİZİK O fi̇zi̇k 0 0 0 0 0 0 1 br td content 16 0
ANABİLİM O anabi̇li̇m 0 0 0 0 0 0 1 br td content 16 0
DALI O dali 0 0 0 0 0 0 1 br td content 16 0

CANER B-PER caner 0 0 0 0 0 0 1 a td content 16 0
AYDINLI I-PER aydinli 0 0 0 0 1 0 1 a td content 16 0

GENEL O genel 0 0 0 0 0 0 1 br td content 16 0
BİYOLOJİ O bi̇yoloji̇ 0 0 0 0 0 0 1 br td content 16 0
ANABİLİM O anabi̇li̇m 0 0 0 0 0 0 1 br td content 16 0
DALI O dali 0 0 0 0 0 0 1 br td content 16 0

ERDOĞAN B-PER erdoğan 0 0 0 0 0 0 1 a td content 16 0
ÇAKIR I-PER cakir 0 0 0 0 0 0 1 a td content 16 0

ZOOLOJİ O zooloji̇ 0 0 0 0 0 0 1 br td content 16 0
ANABİLİM O anabi̇li̇m 0 0 0 0 0 0 1 br td content 16 0
DALI O dali 0 0 0 0 0 0 1 br td content 16 0

NESLİHAN B-PER nesli̇han 0 0 0 0 0 0 1 a td content 16 0
ŞAHİN I-PER şahi̇n 0 0 0 0 0 0 1 a td content 16 0

KATIHAL O katihal 0 0 0 0 0 0 1 br td content 16 0
FİZİĞİ O fi̇zi̇ği̇ 0 0 0 0 0 0 1 br td content 16 0
ANABİLİM O anabi̇li̇m 0 0 0 0 0 0 1 br td content 16 0
DALI O dali 0 0 0 0 0 0 1 br td content 16 0

TÜLAY B-PER tulay 0 0 0 0 0 0 1 a td content 16 0
TIRAŞ I-PER tiraş 0 0 0 0 0 0 1 a td content 16 0

ATOM O atom 0 0 0 0 0 0 1 br td content 16 0
VE O ve 0 0 0 0 0 0 1 br td content 16 0
MOLEKÜL O molekul 0 0 0 0 0 0 1 br td content 16 0
FİZİĞİ O fi̇zi̇ği̇ 0 0 0 0 0 0 1 br td content 16 0
ANABİLİM O anabi̇li̇m 0 0 0 0 0 0 1 br td content 16 0
DALI O dali 0 0 0 0 0 0 1 br td content 16 0

LECTURER O lecturer 0 0 0 0 0 0 1 tr thead content 14 0

LECTURER O lecturer 0 0 0 0 0 0 1 a td content 16 0
BELMA B-PER belma 0 0 0 0 0 0 1 a td content 16 0
DEĞİRMENCİ I-PER deği̇rmenci̇ 0 0 0 0 0 0 1 a td content 16 0

CEBİR O cebi̇r 0 0 0 0 0 0 1 br td content 16 0
VE O ve 0 0 0 0 0 0 1 br td content 16 0
SAYILAR O sayilar 0 0 0 0 0 0 1 br td content 16 0
TEORİSİ O teori̇si̇ 0 0 0 0 0 0 1 br td content 16 0
ANABİLİM O anabi̇li̇m 0 0 0 0 0 0 1 br td content 16 0
DALI O dali 0 0 0 0 0 0 1 br td content 16 0

LECTURER O lecturer 0 0 0 0 0 0 1 a td content 16 0
FİGEN B-PER fi̇gen 0 0 0 0 0 0 1 a td content 16 0
ERDOĞAN I-PER erdoğan 0 0 0 0 0 0 1 a td content 16 0

İSTATİSTİK O i̇stati̇sti̇k 0 0 0 0 0 0 1 br td content 16 0
TEORİSİ O teori̇si̇ 0 0 0 0 0 0 1 br td content 16 0
ANABİLİM O anabi̇li̇m 0 0 0 0 0 0 1 br td content 16 0
DALI O dali 0 0 0 0 0 0 1 br td content 16 0

RESEARCH O research 0 0 0 0 0 0 1 tr thead content 14 0
ASSISTANT O assistant 0 0 0 0 0 0 1 tr thead content 14 0

RESEARCH O research 0 0 0 0 0 0 1 a td content 16 0
ASSISTANT O assistant 0 0 0 0 0 0 1 a td content 16 0
BAHAR B-PER bahar 0 0 0 0 0 0 1 a td content 16 0
KARAMAN I-PER karaman 0 0 0 0 0 0 1 a td content 16 0

UYGULAMALI O uygulamali 0 0 0 0 0 0 1 br td content 16 0
MATEMATİK O matemati̇k 0 0 0 0 0 0 1 br td content 16 0
ANABİLİM O anabi̇li̇m 0 0 0 0 0 0 1 br td content 16 0
DALI O dali 0 0 0 0 0 0 1 br td content 16 0

RESEARCH O research 0 0 0 0 0 0 1 a td content 16 0
ASSISTANT O assistant 0 0 0 0 0 0 1 a td content 16 0
BURAK B-PER burak 0 0 0 0 0 0 1 a td content 16 0
BERBER I-PER berber 0 0 0 0 0 0 1 a td content 16 0

MOLEKÜLER O molekuler 0 0 0 0 0 0 1 br td content 16 0
BİYOLOJİ O bi̇yoloji̇ 0 0 0 0 0 0 1 br td content 16 0
ANABİLİM O anabi̇li̇m 0 0 0 0 0 0 1 br td content 16 0
DALI O dali 0 0 0 0 0 0 1 br td content 16 0

RESEARCH O research 0 0 0 0 0 0 1 a td content 16 0
ASSISTANT O assistant 0 0 0 0 0 0 1 a td content 16 0
CENK B-PER cenk 0 0 0 0 0 0 1 a td content 16 0
İÇÖZ I-PER i̇coz 0 0 0 0 0 0 1 a td content 16 0

UYGULAMALI O uygulamali 0 0 0 0 0 0 1 br td content 16 0
İSTATİSTİK O i̇stati̇sti̇k 0 0 0 0 0 0 1 br td content 16 0
ANABİLİM O anabi̇li̇m 0 0 0 0 0 0 1 br td content 16 0
DALI O dali 0 0 0 0 0 0 1 br td content 16 0

RESEARCH O research 0 0 0 0 0 0 1 a td content 16 0
ASSISTANT O assistant 0 0 0 0 0 0 1 a td content 16 0
DİLEK B-PER di̇lek 0 0 0 0 0 0 1 a td content 16 0
YALÇIN I-PER yalcin 0 0 0 0 0 0 1 a td content 16 0

ANALİTİK O anali̇ti̇k 0 0 0 0 0 0 1 br td content 16 0
KİMYA O ki̇mya 0 0 0 0 0 0 1 br td content 16 0
ANABİLİM O anabi̇li̇m 0 0 0 0 0 0 1 br td content 16 0
DALI O dali 0 0 0 0 0 0 1 br td content 16 0

RESEARCH O research 0 0 0 0 0 0 1 a td content 16 0
ASSISTANT O assistant 0 0 0 0 0 0 1 a td content 16 0
EMİNE B-PER emi̇ne 0 0 0 0 1 0 1 a td content 16 0
ÇELİKOĞLU I-PER celi̇koğlu 0 0 0 0 0 0 1 a td content 16 0

FEN O fen 0 0 0 0 0 0 1 br td content 16 0
FAKÜLTESİ O fakultesi̇ 0 0 0 0 0 0 1 br td content 16 0

RESEARCH O research 0 0 0 0 0 0 1 a td content 16 0
ASSISTANT O assistant 0 0 0 0 0 0 1 a td content 16 0
EMRAH B-PER emrah 0 0 0 0 1 0 1 a td content 16 0
KARAMAN I-PER karaman 0 0 0 0 0 0 1 a td content 16 0

FEN O fen 0 0 0 0 0 0 1 br td content 16 0
FAKÜLTESİ O fakultesi̇ 0 0 0 0 0 0 1 br td content 16 0

RESEARCH O research 0 0 0 0 0 0 1 a td content 16 0
ASSISTANT O assistant 0 0 0 0 0 0 1 a td content 16 0
EMRE B-PER emre 0 0 0 0 1 0 1 a td content 16 0
AKDOĞAN I-PER akdoğan 0 0 0 0 1 0 1 a td content 16 0

FİZİKOKİMYA O fi̇zi̇koki̇mya 0 0 0 0 0 0 1 br td content 16 0
ANABİLİM O anabi̇li̇m 0 0 0 0 0 0 1 br td content 16 0
DALI O dali 0 0 0 0 0 0 1 br td content 16 0

RESEARCH O research 0 0 0 0 0 0 1 a td content 16 0
ASSISTANT O assistant 0 0 0 0 0 0 1 a td content 16 0
ESRA B-PER esra 0 0 0 0 0 0 1 a td content 16 0
ZEYBEKOĞLU I-PER zeybekoğlu 0 0 0 0 0 0 1 a td content 16 0

FEN O fen 0 0 0 0 0 0 1 br td content 16 0
FAKÜLTESİ O fakultesi̇ 0 0 0 0 0 0 1 br td content 16 0

RESEARCH O research 0 0 0 0 0 0 1 a td content 16 0
ASSISTANT O assistant 0 0 0 0 0 0 1 a td content 16 0
FATMA B-PER fatma 0 0 0 0 0 0 1 a td content 16 0
DİĞDEM I-PER di̇ğdem 0 0 0 0 0 0 1 a td content 16 0
YILDIRIM I-PER yildirim 0 0 0 0 0 0 1 a td content 16 0

TOPOLOJİ O topoloji̇ 0 0 0 0 0 0 1 br td content 16 0
ANABİLİM O anabi̇li̇m 0 0 0 0 0 0 1 br td content 16 0
DALI O dali 0 0 0 0 0 0 1 br td content 16 0

RESEARCH O research 0 0 0 0 0 0 1 a td content 16 0
ASSISTANT O assistant 0 0 0 0 0 0 1 a td content 16 0
GÖKÇE B-PER gokce 0 0 0 0 0 0 1 a td content 16 0
ÇAKMAK I-PER cakmak 0 0 0 0 0 0 1 a td content 16 0

GEOMETRİ O geometri̇ 0 0 0 0 0 0 1 br td content 16 0
ANABİLİM O anabi̇li̇m 0 0 0 0 0 0 1 br td content 16 0
DALI O dali 0 0 0 0 0 0 1 br td content 16 0

RESEARCH O research 0 0 0 0 0 0 1 a td content 16 0
ASSISTANT O assistant 0 0 0 0 0 0 1 a td content 16 0
GÜLTEKİN B-PER gulteki̇n 0 0 0 0 0 0 1 a td content 16 0
ATALIK I-PER atalik 0 0 0 0 0 0 1 a td content 16 0

FEN O fen 0 0 0 0 0 0 1 br td content 16 0
FAKÜLTESİ O fakultesi̇ 0 0 0 0 0 0 1 br td content 16 0

RESEARCH O research 0 0 0 0 0 0 1 a td content 16 0
ASSISTANT O assistant 0 0 0 0 0 0 1 a td content 16 0
HANDAN B-PER handan 0 0 0 0 0 0 1 a td content 16 0
AÇELYA I-PER acelya 0 0 0 0 0 0 1 a td content 16 0
KAPKAÇ I-PER kapkac 0 0 0 0 0 0 1 a td content 16 0

GENEL O genel 0 0 0 0 0 0 1 br td content 16 0
BİYOLOJİ O bi̇yoloji̇ 0 0 0 0 0 0 1 br td content 16 0
ANABİLİM O anabi̇li̇m 0 0 0 0 0 0 1 br td content 16 0
DALI O dali 0 0 0 0 0 0 1 br td content 16 0

RESEARCH O research 0 0 0 0 0 0 1 a td content 16 0
ASSISTANT O assistant 0 0 0 0 0 0 1 a td content 16 0
İSMAİL B-PER i̇smai̇l 0 0 0 0 0 0 1 a td content 16 0
YENİLMEZ I-PER yeni̇lmez 0 0 0 0 0 0 1 a td content 16 0

İSTATİSTİK O i̇stati̇sti̇k 0 0 0 0 0 0 1 br td content 16 0
TEORİSİ O teori̇si̇ 0 0 0 0 0 0 1 br td content 16 0
ANABİLİM O anabi̇li̇m 0 0 0 0 0 0 1 br td content 16 0
DALI O dali 0 0 0 0 0 0 1 br td content 16 0

RESEARCH O research 0 0 0 0 0 0 1 a td content 16 0
ASSISTANT O assistant 0 0 0 0 0 0 1 a td content 16 0
MEHMET B-PER mehmet 0 0 0 0 0 0 1 a td content 16 0
ERGEN I-PER ergen 0 0 0 0 0 0 1 a td content 16 0

CEBİR O cebi̇r 0 0 0 0 0 0 1 br td content 16 0
VE O ve 0 0 0 0 0 0 1 br td content 16 0
SAYILAR O sayilar 0 0 0 0 0 0 1 br td content 16 0
TEORİSİ O teori̇si̇ 0 0 0 0 0 0 1 br td content 16 0
ANABİLİM O anabi̇li̇m 0 0 0 0 0 0 1 br td content 16 0
DALI O dali 0 0 0 0 0 0 1 br td content 16 0

RESEARCH O research 0 0 0 0 0 0 1 a td content 16 0
ASSISTANT O assistant 0 0 0 0 0 0 1 a td content 16 0
MUSTAFA B-PER mustafa 0 0 0 0 1 0 1 a td content 16 0
ÇAVUŞ I-PER cavuş 0 0 0 0 0 0 1 a td content 16 0

UYGULAMALI O uygulamali 0 0 0 0 0 0 1 br td content 16 0
İSTATİSTİK O i̇stati̇sti̇k 0 0 0 0 0 0 1 br td content 16 0
ANABİLİM O anabi̇li̇m 0 0 0 0 0 0 1 br td content 16 0
DALI O dali 0 0 0 0 0 0 1 br td content 16 0

RESEARCH O research 0 0 0 0 0 0 1 a td content 16 0
ASSISTANT O assistant 0 0 0 0 0 0 1 a td content 16 0
NİHAL B-PER ni̇hal 0 0 0 0 0 0 1 a td content 16 0
İNCE I-PER i̇nce 0 0 0 0 0 0 1 a td content 16 0

FEN O fen 0 0 0 0 0 0 1 br td content 16 0
FAKÜLTESİ O fakultesi̇ 0 0 0 0 0 0 1 br td content 16 0

RESEARCH O research 0 0 0 0 0 0 1 a td content 16 0
ASSISTANT O assistant 0 0 0 0 0 0 1 a td content 16 0
NİLGÜN B-PER ni̇lgun 0 0 0 0 0 0 1 a td content 16 0
POYRAZ I-PER poyraz 0 0 0 0 0 0 1 a td content 16 0

FEN O fen 0 0 0 0 0 0 1 br td content 16 0
FAKÜLTESİ O fakultesi̇ 0 0 0 0 0 0 1 br td content 16 0

RESEARCH O research 0 0 0 0 0 0 1 a td content 16 0
ASSISTANT O assistant 0 0 0 0 0 0 1 a td content 16 0
NİSA B-PER ni̇sa 0 0 0 0 0 0 1 a td content 16 0
ASLAN I-PER aslan 0 0 0 0 0 0 1 a td content 16 0

UYGULAMALI O uygulamali 0 0 0 0 0 0 1 br td content 16 0
MATEMATİK O matemati̇k 0 0 0 0 0 0 1 br td content 16 0
ANABİLİM O anabi̇li̇m 0 0 0 0 0 0 1 br td content 16 0
DALI O dali 0 0 0 0 0 0 1 br td content 16 0

RESEARCH O research 0 0 0 0 0 0 1 a td content 16 0
ASSISTANT O assistant 0 0 0 0 0 0 1 a td content 16 0
OĞUZHAN B-PER oğuzhan 0 0 0 0 0 0 1 a td content 16 0
KARAOSMANOĞLU I-PER karaosmanoğlu 0 0 0 0 0 0 1 a td content 16 0

FEN O fen 0 0 0 0 0 0 1 br td content 16 0
FAKÜLTESİ O fakultesi̇ 0 0 0 0 0 0 1 br td content 16 0

RESEARCH O research 0 0 0 0 0 0 1 a td content 16 0
ASSISTANT O assistant 0 0 0 0 0 0 1 a td content 16 0
ÖZGE B-PER ozge 0 0 0 0 0 0 1 a td content 16 0
BAĞLAYAN I-PER bağlayan 0 0 0 0 0 0 1 a td content 16 0

ATOM O atom 0 0 0 0 0 0 1 br td content 16 0
VE O ve 0 0 0 0 0 0 1 br td content 16 0
MOLEKÜL O molekul 0 0 0 0 0 0 1 br td content 16 0
FİZİĞİ O fi̇zi̇ği̇ 0 0 0 0 0 0 1 br td content 16 0
ANABİLİM O anabi̇li̇m 0 0 0 0 0 0 1 br td content 16 0
DALI O dali 0 0 0 0 0 0 1 br td content 16 0

RESEARCH O research 0 0 0 0 0 0 1 a td content 16 0
ASSISTANT O assistant 0 0 0 0 0 0 1 a td content 16 0
SAMET B-PER samet 0 0 0 0 0 0 1 a td content 16 0
BİLA I-PER bi̇la 0 0 0 0 0 0 1 a td content 16 0

UYGULAMALI O uygulamali 0 0 0 0 0 0 1 br td content 16 0
MATEMATİK O matemati̇k 0 0 0 0 0 0 1 br td content 16 0
ANABİLİM O anabi̇li̇m 0 0 0 0 0 0 1 br td content 16 0
DALI O dali 0 0 0 0 0 0 1 br td content 16 0

RESEARCH O research 0 0 0 0 0 0 1 a td content 16 0
ASSISTANT O assistant 0 0 0 0 0 0 1 a td content 16 0
SEÇİL B-PER seci̇l 0 0 0 0 0 0 1 a td content 16 0
ŞENTORUN I-PER şentorun 0 0 0 0 0 0 1 a td content 16 0

YÜKSEK O yuksek 0 0 0 0 0 0 1 br td content 16 0
ENERJİ O enerji̇ 0 0 0 0 0 0 1 br td content 16 0
VE O ve 0 0 0 0 0 0 1 br td content 16 0
PLAZMA O plazma 0 0 0 0 0 0 1 br td content 16 0
FİZİĞİ O fi̇zi̇ği̇ 0 0 0 0 0 0 1 br td content 16 0
ANABİLİM O anabi̇li̇m 0 0 0 0 0 0 1 br td content 16 0
DALI O dali 0 0 0 0 0 0 1 br td content 16 0

RESEARCH O research 0 0 0 0 0 0 1 a td content 16 0
ASSISTANT O assistant 0 0 0 0 0 0 1 a td content 16 0
SİMGE B-PER si̇mge 0 0 0 0 0 0 1 a td content 16 0
METİNOĞLU I-PER meti̇noğlu 0 0 0 0 0 0 1 a td content 16 0

FEN O fen 0 0 0 0 0 0 1 br td content 16 0
FAKÜLTESİ O fakultesi̇ 0 0 0 0 0 0 1 br td content 16 0

RESEARCH O research 0 0 0 0 0 0 1 a td content 16 0
ASSISTANT O assistant 0 0 0 0 0 0 1 a td content 16 0
UMUT B-PER umut 0 0 0 0 0 0 1 a td content 16 0
ÇELİKOĞLU I-PER celi̇koğlu 0 0 0 0 0 0 1 a td content 16 0

FEN O fen 0 0 0 0 0 0 1 br td content 16 0
FAKÜLTESİ O fakultesi̇ 0 0 0 0 0 0 1 br td content 16 0

General O general 0 1 0 0 0 0 1 li ul accordionNav 13 0
Information O information 0 1 0 0 0 0 1 li ul accordionNav 13 0

Departments O departments 0 0 0 0 0 0 1 li ul accordionNav 13 0

Educational O educational 0 0 0 0 0 0 1 li ul accordionNav 13 0
Staff O staff 0 1 0 0 0 0 1 li ul accordionNav 13 0

Administration O administration 0 0 0 0 0 0 1 li ul accordionNav 13 0

News O news 0 0 0 0 0 0 1 li ul accordionNav 13 0

Contact O contact 0 0 0 0 0 0 1 li ul accordionNav 13 0

ABOUT O about 0 0 0 0 0 0 1 ul div headLine 11 0
ANADOLU O anadolu 0 0 0 0 0 0 1 ul div headLine 11 0

Institutional O institutional 0 0 0 0 0 0 1 li ul column 12 0

Office O office 0 0 0 0 0 0 1 li ul column 12 0
of O of 0 1 0 0 0 0 0 li ul column 12 0
Secretary O secretary 0 0 0 0 0 0 1 li ul column 12 0
General O general 0 1 0 0 0 0 1 li ul column 12 0

Units O units 0 0 0 0 0 0 1 li ul column 12 0

Centres O centres 0 0 0 0 0 0 1 li ul column 12 0

Boards O boards 0 0 0 0 0 0 1 li ul column 12 0

Media O media 0 1 0 0 0 0 1 li ul column 12 0

Information O information 0 1 0 0 0 0 1 li ul column 12 0
and O and 0 1 0 0 0 0 0 li ul column 12 0
Documents O documents 0 0 0 0 0 0 1 li ul column 12 0

Right O right 0 0 0 0 0 0 1 li ul column 12 0
to O to 0 0 0 0 0 0 0 li ul column 12 0
Information O information 0 1 0 0 0 0 1 li ul column 12 0

ACADEMICS O academics 0 0 0 0 0 0 1 ul div headLine 11 0

Faculties O faculties 0 0 0 0 0 0 1 li ul column 12 0

Graduate O graduate 1 1 0 0 0 0 1 li ul column 12 0
Schools O schools 0 0 0 0 0 0 1 li ul column 12 0
and O and 0 1 0 0 0 0 0 li ul column 12 0
Institutes O institutes 0 0 0 0 0 0 1 li ul column 12 0

Vocational O vocational 0 0 0 0 0 0 1 li ul column 12 0
Schools O schools 0 0 0 0 0 0 1 li ul column 12 0

Schools O schools 0 0 0 0 0 0 1 li ul column 12 0

OPEN O open 0 0 0 0 0 0 1 ul div headLine 11 0
EDUCATION O education 0 0 0 0 0 0 1 ul div headLine 11 0

Programs O programs 0 0 0 0 0 0 1 li ul column 12 0
in O in 0 1 0 0 0 0 0 li ul column 12 0
Turkey O turkey 0 1 0 0 0 0 1 li ul column 12 0

Programs O programs 0 0 0 0 0 0 1 li ul column 12 0
Abroad O abroad 0 1 0 0 0 0 1 li ul column 12 0

Open O open 0 0 0 0 0 0 1 li ul column 12 0
Education O education 0 0 0 0 0 0 1 li ul column 12 0
System O system 0 0 0 0 0 0 1 li ul column 12 0

Faculties O faculties 0 0 0 0 0 0 1 li ul column 12 0

Academic O academic 0 0 0 0 0 0 1 li ul column 12 0
Calender O calender 0 0 0 0 0 0 1 li ul column 12 0

Learning O learning 0 1 0 0 0 0 1 li ul column 12 0
Environments O environments 0 0 0 0 0 0 1 li ul column 12 0

Admission O admission 0 0 0 0 0 0 1 li ul column 12 0

Examinations O examinations 0 0 0 0 0 0 1 li ul column 12 0

STUDENT O student 0 0 0 0 0 0 1 ul div headLine 11 0
AFFAIRS O affairs 0 0 0 0 0 0 1 ul div headLine 11 0

Online O online 0 0 0 0 0 0 1 li ul column 12 0
Services O services 0 0 0 0 0 0 1 li ul column 12 0
for O for 0 1 0 0 0 0 0 li ul column 12 0
On O on 0 1 0 0 0 0 1 li ul column 12 0
- O - 0 0 0 0 0 0 0 li ul column 12 0
Campus O campus 0 1 0 0 0 0 1 li ul column 12 0
Students O students 0 0 0 0 0 0 1 li ul column 12 0

Information O information 0 1 0 0 0 0 1 li ul column 12 0
and O and 0 1 0 0 0 0 0 li ul column 12 0
Documents O documents 0 0 0 0 0 0 1 li ul column 12 0

Information O information 0 1 0 0 0 0 1 li ul column 12 0
for O for 0 1 0 0 0 0 0 li ul column 12 0
Students O students 0 0 0 0 0 0 1 li ul column 12 0

Academic O academic 0 0 0 0 0 0 1 li ul column 12 0
Calendar O calendar 0 0 0 0 0 0 1 li ul column 12 0

RESEARCH O research 0 0 0 0 0 0 1 ul div headLine 11 0

Scientific O scientific 0 0 0 0 0 0 1 li ul column 12 0
Research O research 0 1 0 0 0 0 1 li ul column 12 0
Projects O projects 0 0 0 0 0 0 1 li ul column 12 0

CAMPUS O campus 0 0 0 0 0 0 1 ul div headLine 11 0
LIFE O life 0 0 0 0 0 0 1 ul div headLine 11 0

Social O social 0 0 0 0 0 0 1 li ul column 12 0
Facilities O facilities 0 0 0 0 0 0 1 li ul column 12 0

Culture O culture 0 0 0 0 0 0 1 li ul column 12 0
and O and 0 1 0 0 0 0 0 li ul column 12 0
Arts O arts 0 1 0 0 0 0 1 li ul column 12 0
Centers O centers 0 0 0 0 0 0 1 li ul column 12 0

Museums O museums 0 0 0 0 1 0 1 li ul column 12 0

Sports O sports 0 0 0 0 0 0 1 li ul column 12 0
Facilities O facilities 0 0 0 0 0 0 1 li ul column 12 0

Ensembles O ensembles 0 0 0 0 0 0 1 li ul column 12 0

Student O student 0 1 0 0 0 0 1 li ul column 12 0
Clubs O clubs 0 0 0 0 0 0 1 li ul column 12 0

Campus O campus 0 1 0 0 0 0 1 li ul column 12 0
Services O services 0 0 0 0 0 0 1 li ul column 12 0

Photo O photo 0 0 0 0 0 0 1 li ul column 12 0
Gallery O gallery 0 1 0 0 0 0 1 li ul column 12 0

Android O android 0 0 0 0 1 0 1 div div android 9 0
Application O application 0 0 0 0 0 0 1 div div android 9 0
iOS O ios 0 0 0 0 0 0 0 div div ios 9 1
Application O application 0 0 0 0 0 0 1 div div ios 9 1

© O © 0 0 0 0 0 0 0 div div copyright 8 3
2017 O 2017 0 0 0 1 0 0 0 div div copyright 8 3
Anadolu O anadolu 0 0 0 0 0 0 1 div div copyright 9 0
University O university 0 1 0 0 0 0 1 div div copyright 9 0
- O - 0 0 0 0 0 0 0 div div copyright 8 3
All O all 0 1 0 0 0 0 1 div div copyright 8 3
rights O rights 0 0 0 0 0 0 0 div div copyright 8 3
reserved. O reserved. 0 0 0 0 0 0 0 div div copyright 8 3
