Academic O academic 0 0 0 0 0 0 1 meta head none 5 3
Faculty O faculty 0 0 0 0 0 0 1 meta head none 5 3
| O | 0 0 0 0 0 0 0 meta head none 5 3
School O school 0 1 0 0 0 0 1 meta head none 5 3
of O of 0 1 0 0 0 0 0 meta head none 5 3
Computer O computer 0 0 0 0 0 0 1 meta head none 5 3
Science O science 0 0 0 0 0 0 1 meta head none 5 3

Skip O skip 0 1 0 0 0 0 1 p body element-focusable 5 0
to O to 0 0 0 0 0 0 0 p body element-focusable 5 0
content O content 0 0 0 0 0 0 0 p body element-focusable 5 0

Georgia O georgia 0 1 0 0 0 0 1 h1 div clearfix 9 1
Institute O institute 0 0 0 0 0 0 1 h1 div clearfix 9 1
of O of 0 1 0 0 0 0 0 h1 div clearfix 9 1
Technology O technology 0 0 0 0 0 0 1 h1 div clearfix 9 1
School O school 0 1 0 0 0 0 1 h1 div clearfix 9 2
of O of 0 1 0 0 0 0 0 h1 div clearfix 9 2
Computer O computer 0 0 0 0 0 0 1 h1 div clearfix 9 2
Science O science 0 0 0 0 0 0 1 h1 div clearfix 9 2

Menu O menu 0 1 0 0 0 0 1 a div hide-for-desktop 9 0

Close O close 0 1 0 0 0 0 1 a div hide-for-desktop 10 0

About O about 0 0 0 0 0 0 1 a li main-menu-link-570 14 0

What O what 0 1 0 0 0 0 1 a li main-menu-link-687 16 0
is O is 0 0 0 0 0 0 0 a li main-menu-link-687 16 0
Computer O computer 0 0 0 0 0 0 1 a li main-menu-link-687 16 0
Science? O science? 0 0 0 0 0 0 1 a li main-menu-link-687 16 0

Building O building 0 0 0 0 0 0 1 a li main-menu-link-689 16 0
& O & 0 0 0 0 0 0 0 a li main-menu-link-689 16 0
Facilities O facilities 0 0 0 0 0 0 1 a li main-menu-link-689 16 0

Faculty O faculty 0 0 0 0 0 0 1 a li main-menu-link-688 16 0
Hiring O hiring 0 0 0 0 0 0 1 a li main-menu-link-688 16 0

Contact O contact 0 0 0 0 0 0 1 a li main-menu-link-690 16 0
Us O us 0 1 0 0 0 0 1 a li main-menu-link-690 16 0

GT O gt 0 0 0 0 0 0 1 a li main-menu-link-919 14 0
Computing O computing 0 0 0 0 0 0 1 a li main-menu-link-919 14 0

People O people 0 1 0 0 0 0 1 a li main-menu-link-745 14 0

Faculty O faculty 0 0 0 0 0 0 1 a li active 16 0

Staff O staff 0 1 0 0 0 0 1 a li main-menu-link-743 16 0

Students O students 0 0 0 0 0 0 1 a li main-menu-link-1341 16 0

Academics O academics 0 0 0 0 0 0 1 a li main-menu-link-558 14 0

MS O ms 0 1 0 0 0 0 1 a li main-menu-link-727 16 0
Programs O programs 0 0 0 0 0 0 1 a li main-menu-link-727 16 0

MS O ms 0 1 0 0 0 0 1 a li main-menu-link-771 18 0
CS O cs 0 0 0 0 0 0 1 a li main-menu-link-771 18 0

Admissions O admissions 0 0 0 0 0 0 1 a li main-menu-link-758 20 0
Requirements O requirements 0 0 0 0 0 0 1 a li main-menu-link-758 20 0

MS O ms 0 1 0 0 0 0 1 a li main-menu-link-766 20 0
CS O cs 0 0 0 0 0 0 1 a li main-menu-link-766 20 0
Specializations O specializations 0 0 0 0 0 0 1 a li main-menu-link-766 20 0

Three O three 0 0 0 0 0 0 1 a li main-menu-link-763 20 0
Year O year 0 1 0 0 0 0 1 a li main-menu-link-763 20 0
Course O course 0 1 0 0 0 0 1 a li main-menu-link-763 20 0
Outline O outline 0 0 0 0 0 0 1 a li main-menu-link-763 20 0

Student O student 0 1 0 0 0 0 1 a li main-menu-link-765 20 0
Registration O registration 0 0 0 0 0 0 1 a li main-menu-link-765 20 0
Dates O dates 0 0 0 0 0 0 1 a li main-menu-link-765 20 0

OMSCS O omscs 0 0 0 0 0 0 1 a li main-menu-link-768 18 0

MS O ms 0 1 0 0 0 0 1 a li main-menu-link-773 18 0
Cybersecurity O cybersecurity 0 0 0 0 0 0 1 a li main-menu-link-773 18 0

Program O program 0 0 0 0 0 0 1 a li main-menu-link-775 20 0
of O of 0 1 0 0 0 0 0 a li main-menu-link-775 20 0
Study O study 0 1 0 0 0 0 1 a li main-menu-link-775 20 0

PhD O phd 0 0 0 0 0 0 1 a li main-menu-link-728 16 0
Degree O degree 0 0 0 0 0 0 1 a li main-menu-link-728 16 0

PhD O phd 0 0 0 0 0 0 1 a li main-menu-link-785 18 0
ACO O aco 0 0 0 0 0 0 1 a li main-menu-link-785 18 0

PhD O phd 0 0 0 0 0 0 1 a li main-menu-link-777 18 0
CS O cs 0 0 0 0 0 0 1 a li main-menu-link-777 18 0

Admissions O admissions 0 0 0 0 0 0 1 a li main-menu-link-782 20 0
Requirements O requirements 0 0 0 0 0 0 1 a li main-menu-link-782 20 0

Current O current 0 1 0 0 0 0 1 a li main-menu-link-784 20 0
Student O student 0 1 0 0 0 0 1 a li main-menu-link-784 20 0
Information O information 0 1 0 0 0 0 1 a li main-menu-link-784 20 0

Program O program 0 0 0 0 0 0 1 a li main-menu-link-783 20 0
of O of 0 1 0 0 0 0 0 a li main-menu-link-783 20 0
Study O study 0 1 0 0 0 0 1 a li main-menu-link-783 20 0

College O college 0 0 0 0 0 0 1 a li main-menu-link-569 16 0
Advising O advising 0 0 0 0 0 0 1 a li main-menu-link-569 16 0

Distance O distance 0 0 0 0 0 0 1 a li main-menu-link-729 16 0
Learning O learning 0 1 0 0 0 0 1 a li main-menu-link-729 16 0

International O international 0 0 0 0 0 0 1 a li main-menu-link-730 16 0
Study O study 0 1 0 0 0 0 1 a li main-menu-link-730 16 0

Financial O financial 0 0 0 0 0 0 1 a li main-menu-link-731 16 0
Aid O aid 0 1 0 0 0 0 1 a li main-menu-link-731 16 0

Student O student 0 1 0 0 0 0 1 a li main-menu-link-560 14 0
Life O life 0 1 0 0 0 0 1 a li main-menu-link-560 14 0

Career O career 0 0 0 0 0 0 1 a li main-menu-link-761 16 0
Development O development 0 0 0 0 0 0 1 a li main-menu-link-761 16 0

The O the 0 1 0 0 0 0 1 a li main-menu-link-577 16 0
GT O gt 0 0 0 0 0 0 1 a li main-menu-link-577 16 0
Computing O computing 0 0 0 0 0 0 1 a li main-menu-link-577 16 0
Community O community 0 1 0 0 0 0 1 a li main-menu-link-577 16 0

Your O your 0 0 0 0 0 0 1 a li main-menu-link-746 18 0
Life O life 0 1 0 0 0 0 1 a li main-menu-link-746 18 0
Here O here 0 1 0 0 0 0 1 a li main-menu-link-746 18 0

Research O research 0 1 0 0 0 0 1 a li main-menu-link-677 14 0

Research O research 0 1 0 0 0 0 1 a li main-menu-link-1110 16 0
Areas O areas 0 0 0 0 0 0 1 a li main-menu-link-1110 16 0

Architecture O architecture 0 0 0 0 0 0 1 a li main-menu-link-678 18 0

Databases O databases 0 0 0 0 0 0 1 a li main-menu-link-679 18 0

Information O information 0 1 0 0 0 0 1 a li main-menu-link-680 18 0
Security O security 0 0 0 0 0 0 1 a li main-menu-link-680 18 0

Networks O networks 0 0 0 0 0 0 1 a li main-menu-link-682 18 0

Programming O programming 0 1 0 0 0 0 1 a li main-menu-link-681 18 0
Languages O languages 0 0 0 0 0 0 1 a li main-menu-link-681 18 0
& O & 0 0 0 0 0 0 0 a li main-menu-link-681 18 0
Software O software 0 1 0 0 0 0 1 a li main-menu-link-681 18 0
Engineering O engineering 0 0 0 0 0 0 1 a li main-menu-link-681 18 0

Systems O systems 0 0 0 0 0 0 1 a li main-menu-link-683 18 0

Theory O theory 0 0 0 0 0 0 1 a li main-menu-link-684 18 0

Institutes O institutes 0 0 0 0 0 0 1 a li main-menu-link-685 16 0
& O & 0 0 0 0 0 0 0 a li main-menu-link-685 16 0
Centers O centers 0 0 0 0 0 0 1 a li main-menu-link-685 16 0

Groups O groups 0 0 0 0 0 0 1 a li main-menu-link-686 16 0
& O & 0 0 0 0 0 0 0 a li main-menu-link-686 16 0
Labs O labs 0 1 0 0 0 0 1 a li main-menu-link-686 16 0

News O news 0 0 0 0 0 0 1 a li main-menu-link-485 14 0
& O & 0 0 0 0 0 0 0 a li main-menu-link-485 14 0
Events O events 0 0 0 0 0 0 1 a li main-menu-link-485 14 0

News O news 0 0 0 0 0 0 1 a li main-menu-link-797 16 0

Upcoming O upcoming 0 0 0 0 0 0 1 a li main-menu-link-1109 16 0
Events O events 0 0 0 0 0 0 1 a li main-menu-link-1109 16 0

Calendar O calendar 0 0 0 0 0 0 1 a li main-menu-link-798 16 0

Lectures O lectures 0 0 0 0 0 0 1 a li main-menu-link-2276 16 0

Contact O contact 0 0 0 0 0 0 1 li ul first 13 0

Support O support 0 0 0 0 0 0 1 li ul last 13 0

Georgia O georgia 0 1 0 0 0 0 1 li ul ulink 14 0
Tech O tech 0 1 0 0 0 0 1 li ul ulink 14 0
Home O home 0 1 0 0 0 0 1 li ul ulink 14 0

Campus O campus 0 1 0 0 0 0 1 li ul ulink 14 0
Map O map 0 0 0 0 0 0 1 li ul ulink 14 0

Directory O directory 0 0 0 0 0 0 1 li ul ulink 14 0

Offices O offices 0 0 0 0 0 0 1 li ul ulink 14 0

Facebook O facebook 0 0 0 0 0 0 1 li ul facebook 14 0

Instagram O instagram 0 0 0 0 0 0 1 li ul instagram 14 0

Twitter O twitter 0 0 0 0 0 0 1 li ul twitter 14 0

YouTube O youtube 0 0 0 0 0 0 1 li ul youtube 14 0

Search O search 0 0 0 0 0 0 1 div div element-focusable 9 0

Search O search 0 0 0 0 0 0 1 div div element-invisible 11 0
form O form 0 0 0 0 0 0 0 div div element-invisible 11 0

Enter O enter 0 1 0 0 0 0 1 div div element-invisible 15 0
your O your 0 0 0 0 0 0 0 div div element-invisible 15 0
keywords O keywords 0 0 0 0 0 0 0 div div element-invisible 15 0

You O you 0 1 0 0 0 0 1 ul div element-invisible 10 0
are O are 0 0 0 0 0 0 0 ul div element-invisible 10 0
here O here 0 0 0 0 0 0 0 ul div element-invisible 10 0
: O : 0 0 0 0 0 0 0 ul div element-invisible 10 0

GT O gt 0 0 0 0 0 0 1 li ul first 11 0
Home O home 0 1 0 0 0 0 1 li ul first 11 0

Home O home 0 1 0 0 0 0 1 li ul breadcrumb-item 11 0

People O people 0 1 0 0 0 0 1 li ul last 11 0

Academic O academic 0 0 0 0 0 0 1 div div title 8 0
Faculty O faculty 0 0 0 0 0 0 1 div div title 8 0

Academic O academic 0 0 0 0 0 0 1 h6 div clearfix 12 0
Faculty O faculty 0 0 0 0 0 0 1 h6 div clearfix 12 0
| O | 0 0 0 0 0 0 0 h6 div clearfix 12 1
Research O research 0 1 0 0 0 0 1 h6 div clearfix 12 2
Faculty O faculty 0 0 0 0 0 0 1 h6 div clearfix 12 2
| O | 0 0 0 0 0 0 0 div div clearfix 11 0
Adjunct O adjunct 0 0 0 0 0 0 1 h6 div clearfix 12 3
Faculty O faculty 0 0 0 0 0 0 1 h6 div clearfix 12 3
| O | 0 0 0 0 0 0 0 h6 div clearfix 12 4
Staff O staff 0 1 0 0 0 0 1 h6 div clearfix 12 5

Name O name 0 1 0 0 0 0 1 div div views-widget-filter-title 18 0

Mustaque B-PER mustaque 1 1 0 0 1 0 1 h4 div fn 16 0
Ahamad I-PER ahamad 1 1 0 0 0 0 1 h4 div fn 16 0

Professor O professor 0 0 0 0 1 0 1 div div clearfix 15 3

Email O email 0 0 0 0 1 0 1 a div clearfix 17 0

Mostafa B-PER mostafa 1 1 0 0 1 0 1 h4 div fn 16 0
Ammar I-PER ammar 1 1 0 0 0 0 1 h4 div fn 16 0

Regents O regents 0 0 0 0 0 0 1 div div clearfix 15 3
' O ' 0 0 0 0 0 0 0 div div clearfix 15 3
Professor O professor 0 0 0 0 1 0 1 div div clearfix 15 3

Email O email 0 0 0 0 1 0 1 a div clearfix 17 0

Alexandra B-PER alexandra 1 1 0 0 0 0 1 h4 div fn 16 0
Boldyreva I-PER boldyreva 1 1 0 0 0 0 1 h4 div fn 16 0

Associate O associate 0 1 0 0 0 0 1 div div clearfix 15 3
Professor O professor 0 0 0 0 1 0 1 div div clearfix 15 3

Email O email 0 0 0 0 1 0 1 a div clearfix 17 0

Thomas B-PER thomas 0 1 0 0 0 0 1 h4 div fn 16 0
Conte I-PER conte 0 1 0 0 0 0 1 h4 div fn 16 0

Professor O professor 0 0 0 0 1 0 1 div div clearfix 15 3
, O , 0 0 0 0 0 0 0 div div clearfix 15 3
Joint O joint 0 1 0 0 0 0 1 div div clearfix 15 3
with O with 0 0 0 0 0 0 0 div div clearfix 15 3
the O the 0 1 0 0 0 0 0 div div clearfix 15 3
School O school 0 1 0 0 0 0 1 div div clearfix 15 3
of O of 0 1 0 0 0 0 0 div div clearfix 15 3
Electrical O electrical 0 0 0 0 0 0 1 div div clearfix 15 3
and O and 0 1 0 0 0 0 0 div div clearfix 15 3
Computer O computer 0 0 0 0 0 0 1 div div clearfix 15 3
Engineering O engineering 0 0 0 0 0 0 1 div div clearfix 15 3

Email O email 0 0 0 0 1 0 1 a div clearfix 17 0

Constantine B-PER constantine 1 1 0 0 0 0 1 h4 div fn 16 0
Dovrolis I-PER dovrolis 1 1 0 0 0 0 1 h4 div fn 16 0

Professor O professor 0 0 0 0 1 0 1 div div clearfix 15 3

Email O email 0 0 0 0 1 0 1 a div clearfix 17 0

Hadi B-PER hadi 1 1 0 0 0 0 1 h4 div fn 16 0
Esmaeilzadeh I-PER esmaeilzadeh 1 1 0 0 0 0 1 h4 div fn 16 0

Assistant O assistant 0 0 0 0 0 0 1 div div clearfix 15 3
Professor O professor 0 0 0 0 1 0 1 div div clearfix 15 3

Email O email 0 0 0 0 1 0 1 a div clearfix 17 0

Lance B-PER lance 1 1 0 0 0 0 1 h4 div fn 16 0
Fortnow I-PER fortnow 1 1 0 0 0 0 1 h4 div fn 16 0

Professor O professor 0 0 0 0 1 0 1 div div clearfix 15 3
and O and 0 1 0 0 0 0 0 div div clearfix 15 3
Chair O chair 0 1 0 0 0 0 1 div div clearfix 15 3
, O , 0 0 0 0 0 0 0 div div clearfix 15 3
School O school 0 1 0 0 0 0 1 div div clearfix 15 3
of O of 0 1 0 0 0 0 0 div div clearfix 15 3
Computer O computer 0 0 0 0 0 0 1 div div clearfix 15 3
Science O science 0 0 0 0 0 0 1 div div clearfix 15 3

Email O email 0 0 0 0 1 0 1 a div clearfix 17 0

Merrick B-PER merrick 0 1 0 0 0 0 1 h4 div fn 16 0
Furst I-PER furst 0 1 0 0 0 0 1 h4 div fn 16 0

Distinguished O distinguished 0 0 0 0 0 0 1 div div clearfix 15 3
Professor O professor 0 0 0 0 1 0 1 div div clearfix 15 3

Email O email 0 0 0 0 1 0 1 a div clearfix 17 0

Zvi B-PER zvi 1 1 0 0 0 0 1 h4 div fn 16 0
Galil I-PER galil 1 1 0 0 0 0 1 h4 div fn 16 0

The O the 0 1 0 0 0 0 1 div div clearfix 15 3
John O john 1 1 0 0 0 0 1 div div clearfix 15 3
P. O p. 1 1 0 0 0 0 1 div div clearfix 15 3
Imlay O imlay 1 1 0 0 0 0 1 div div clearfix 15 3
Jr. O jr. 1 1 0 0 0 0 1 div div clearfix 15 3
Dean O dean 0 1 0 0 0 0 1 div div clearfix 15 3
of O of 0 1 0 0 0 0 0 div div clearfix 15 3
Computing O computing 0 0 0 0 0 0 1 div div clearfix 15 3
and O and 0 1 0 0 0 0 0 div div clearfix 15 3
Professor O professor 0 0 0 0 1 0 1 div div clearfix 15 3

Email O email 0 0 0 0 1 0 1 a div clearfix 17 0

Ada B-PER ada 1 1 0 0 0 0 1 h4 div fn 16 0
Gavrilovska I-PER gavrilovska 1 1 0 0 0 0 1 h4 div fn 16 0

Associate O associate 0 1 0 0 0 0 1 div div clearfix 15 3
Professor O professor 0 0 0 0 1 0 1 div div clearfix 15 3

Email O email 0 0 0 0 1 0 1 a div clearfix 17 0

Seymour B-PER seymour 0 1 0 0 0 0 1 h4 div fn 16 0
Goodman I-PER goodman 0 1 0 0 0 0 1 h4 div fn 16 0

Professor O professor 0 0 0 0 1 0 1 div div clearfix 15 3
, O , 0 0 0 0 0 0 0 div div clearfix 15 3
Joint O joint 0 1 0 0 0 0 1 div div clearfix 15 3
with O with 0 0 0 0 0 0 0 div div clearfix 15 3
the O the 0 1 0 0 0 0 0 div div clearfix 15 3
Sam O sam 0 1 0 0 0 0 1 div div clearfix 15 3
Nunn O nunn 0 1 0 0 0 0 1 div div clearfix 15 3
School O school 0 1 0 0 0 0 1 div div clearfix 15 3
of O of 0 1 0 0 0 0 0 div div clearfix 15 3
International O international 0 0 0 0 0 0 1 div div clearfix 15 3
Affairs O affairs 0 0 0 0 0 0 1 div div clearfix 15 3

Email O email 0 0 0 0 1 0 1 a div clearfix 17 0

William B-PER william 1 1 0 0 0 0 1 h4 div fn 16 0
Harris I-PER harris 1 1 0 0 0 0 1 h4 div fn 16 0

Assistant O assistant 0 0 0 0 0 0 1 div div clearfix 15 3
Professor O professor 0 0 0 0 1 0 1 div div clearfix 15 3

Email O email 0 0 0 0 1 0 1 a div clearfix 17 0

Hyesoon B-PER hyesoon 1 1 0 0 0 0 1 h4 div fn 16 0
Kim I-PER kim 1 1 0 0 0 0 1 h4 div fn 16 0

Associate O associate 0 1 0 0 0 0 1 div div clearfix 15 3
Professor O professor 0 0 0 0 1 0 1 div div clearfix 15 3

Email O email 0 0 0 0 1 0 1 a div clearfix 17 0

Taesoo B-PER taesoo 1 1 0 0 0 0 1 h4 div fn 16 0
Kim I-PER kim 1 1 0 0 0 0 1 h4 div fn 16 0

Assistant O assistant 0 0 0 0 0 0 1 div div clearfix 15 3
Professor O professor 0 0 0 0 1 0 1 div div clearfix 15 3
and O and 0 1 0 0 0 0 0 div div clearfix 15 3
Director O director 0 1 0 0 0 0 1 div div clearfix 15 3
, O , 0 0 0 0 0 0 0 div div clearfix 15 3
GTS3 O gts3 0 0 0 1 0 0 1 div div clearfix 15 3

Email O email 0 0 0 0 1 0 1 a div clearfix 17 0

Wenke B-PER wenke 1 1 0 0 0 0 1 h4 div fn 16 0
Lee I-PER lee 1 1 0 0 0 0 1 h4 div fn 16 0

Professor O professor 0 0 0 0 1 0 1 div div clearfix 15 3
, O , 0 0 0 0 0 0 0 div div clearfix 15 3
Co O co 0 1 0 0 0 0 1 div div clearfix 15 3
- O - 0 0 0 0 0 0 0 div div clearfix 15 3
Director O director 0 1 0 0 0 0 1 div div clearfix 15 3
of O of 0 1 0 0 0 0 0 div div clearfix 15 3
IISP O iisp 0 0 0 0 0 0 1 div div clearfix 15 3
, O , 0 0 0 0 0 0 0 div div clearfix 15 3
and O and 0 1 0 0 0 0 0 div div clearfix 15 3
John O john 1 1 0 0 0 0 1 div div clearfix 15 3
P. O p. 1 1 0 0 0 0 1 div div clearfix 15 3
Imlay O imlay 1 1 0 0 0 0 1 div div clearfix 15 3
Jr. O jr. 1 1 0 0 0 0 1 div div clearfix 15 3
Chair O chair 0 1 0 0 0 0 1 div div clearfix 15 3
II O ii 0 1 0 0 0 0 1 div div clearfix 15 3
in O in 0 1 0 0 0 0 0 div div clearfix 15 3
Software O software 0 1 0 0 0 0 1 div div clearfix 15 3

Email O email 0 0 0 0 1 0 1 a div clearfix 17 0

Richard B-PER richard 1 1 0 0 0 0 1 h4 div fn 16 0
Lipton I-PER lipton 1 1 0 0 0 0 1 h4 div fn 16 0

Professor O professor 0 0 0 0 1 0 1 div div clearfix 15 3
and O and 0 1 0 0 0 0 0 div div clearfix 15 3
Frederick O frederick 0 1 0 0 0 0 1 div div clearfix 15 3
G. O g. 0 1 0 0 0 0 1 div div clearfix 15 3
Storey O storey 0 1 0 0 0 0 1 div div clearfix 15 3
Chair O chair 0 1 0 0 0 0 1 div div clearfix 15 3
in O in 0 1 0 0 0 0 0 div div clearfix 15 3
Computing O computing 0 0 0 0 0 0 1 div div clearfix 15 3

Email O email 0 0 0 0 1 0 1 a div clearfix 17 0

Ling B-PER ling 1 1 0 0 0 0 1 h4 div fn 16 0
Liu I-PER liu 1 1 0 0 0 0 1 h4 div fn 16 0

Professor O professor 0 0 0 0 1 0 1 div div clearfix 15 3

Email O email 0 0 0 0 1 0 1 a div clearfix 17 0

Leo B-PER leo 1 1 0 0 0 0 1 h4 div fn 16 0
Mark I-PER mark 1 1 0 0 0 0 1 h4 div fn 16 0

Associate O associate 0 1 0 0 0 0 1 div div clearfix 15 3
Professor O professor 0 0 0 0 1 0 1 div div clearfix 15 3
and O and 0 1 0 0 0 0 0 div div clearfix 15 3
Associate O associate 0 1 0 0 0 0 1 div div clearfix 15 3
Dean O dean 0 1 0 0 0 0 1 div div clearfix 15 3
( O ( 0 0 0 0 0 0 0 div div clearfix 15 3
GTPE O gtpe 0 0 0 0 0 0 1 div div clearfix 15 3
) O ) 0 0 0 0 0 0 0 div div clearfix 15 3

Email O email 0 0 0 0 1 0 1 a div clearfix 17 0

Milena B-PER milena 1 1 0 0 0 0 1 h4 div fn 16 0
Mihail I-PER mihail 1 1 0 0 0 0 1 h4 div fn 16 0

Associate O associate 0 1 0 0 0 0 1 div div clearfix 15 3
Professor O professor 0 0 0 0 1 0 1 div div clearfix 15 3

Email O email 0 0 0 0 1 0 1 a div clearfix 17 0

Shamkant B-PER shamkant 0 1 0 0 0 0 1 h4 div fn 16 0
Navathe I-PER navathe 0 1 0 0 0 0 1 h4 div fn 16 0

Professor O professor 0 0 0 0 1 0 1 div div clearfix 15 3

Email O email 0 0 0 0 1 0 1 a div clearfix 17 0

Edward B-PER edward 1 1 0 0 0 0 1 h4 div fn 16 0
Omiecinski I-PER omiecinski 1 1 0 0 0 0 1 h4 div fn 16 0

Associate O associate 0 1 0 0 0 0 1 div div clearfix 15 3
Professor O professor 0 0 0 0 1 0 1 div div clearfix 15 3

Email O email 0 0 0 0 1 0 1 a div clearfix 17 0

Alessandro B-PER alessandro 1 1 0 0 0 0 1 h4 div fn 16 0
Orso I-PER orso 1 1 0 0 0 0 1 h4 div fn 16 0

Professor O professor 0 0 0 0 1 0 1 div div clearfix 15 3
and O and 0 1 0 0 0 0 0 div div clearfix 15 3
Associate O associate 0 1 0 0 0 0 1 div div clearfix 15 3
School O school 0 1 0 0 0 0 1 div div clearfix 15 3
Chair O chair 0 1 0 0 0 0 1 div div clearfix 15 3

Email O email 0 0 0 0 1 0 1 a div clearfix 17 0

Santosh B-PER santosh 1 1 0 0 0 0 1 h4 div fn 16 0
Pande I-PER pande 1 1 0 0 0 0 1 h4 div fn 16 0

Associate O associate 0 1 0 0 0 0 1 div div clearfix 15 3
Professor O professor 0 0 0 0 1 0 1 div div clearfix 15 3

Email O email 0 0 0 0 1 0 1 a div clearfix 17 0

Richard B-PER richard 1 1 0 0 0 0 1 h4 div fn 16 0
Peng I-PER peng 1 1 0 0 0 0 1 h4 div fn 16 0

Assistant O assistant 0 0 0 0 0 0 1 div div clearfix 15 3
Professor O professor 0 0 0 0 1 0 1 div div clearfix 15 3

Email O email 0 0 0 0 1 0 1 a div clearfix 17 0

Milos B-PER milos 1 1 0 0 0 0 1 h4 div fn 16 0
Prvulovic I-PER prvulovic 1 1 0 0 0 0 1 h4 div fn 16 0

Professor O professor 0 0 0 0 1 0 1 div div clearfix 15 3

Email O email 0 0 0 0 1 0 1 a div clearfix 17 0

Calton B-PER calton 1 1 0 0 0 0 1 h4 div fn 16 0
Pu I-PER pu 1 1 0 0 0 0 1 h4 div fn 16 0

Professor O professor 0 0 0 0 1 0 1 div div clearfix 15 3
and O and 0 1 0 0 0 0 0 div div clearfix 15 3
John O john 0 1 0 0 0 0 1 div div clearfix 15 3
P. O p. 0 1 0 0 0 0 1 div div clearfix 15 3
Imlay O imlay 0 1 0 0 0 0 1 div div clearfix 15 3
, O , 0 0 0 0 0 0 0 div div clearfix 15 3
Jr. O jr. 0 1 0 0 0 0 1 div div clearfix 15 3
Chair O chair 0 1 0 0 0 0 1 div div clearfix 15 3
in O in 0 1 0 0 0 0 0 div div clearfix 15 3
Software O software 0 1 0 0 0 0 1 div div clearfix 15 3

Email O email 0 0 0 0 1 0 1 a div clearfix 17 0

Umakishore B-PER umakishore 1 1 0 0 0 0 1 h4 div fn 16 0
Ramachandran I-PER ramachandran 1 1 0 0 0 0 1 h4 div fn 16 0

Professor O professor 0 0 0 0 1 0 1 div div clearfix 15 3

Email O email 0 0 0 0 1 0 1 a div clearfix 17 0

Dana B-PER dana 1 1 0 0 0 0 1 h4 div fn 16 0
Randall I-PER randall 1 1 0 0 0 0 1 h4 div fn 16 0

ADVANCE O advance 0 0 0 0 0 0 1 div div clearfix 15 3
Professor O professor 0 0 0 0 1 0 1 div div clearfix 15 3
of O of 0 1 0 0 0 0 0 div div clearfix 15 3
Computing O computing 0 0 0 0 0 0 1 div div clearfix 15 3

Email O email 0 0 0 0 1 0 1 a div clearfix 17 0

Prasad B-PER prasad 1 1 0 0 0 0 1 h4 div fn 16 0
Tetali I-PER tetali 1 1 0 0 0 0 1 h4 div fn 16 0

Professor O professor 0 0 0 0 1 0 1 div div clearfix 15 3
, O , 0 0 0 0 0 0 0 div div clearfix 15 3
Joint O joint 0 1 0 0 0 0 1 div div clearfix 15 3
with O with 0 0 0 0 0 0 0 div div clearfix 15 3
School O school 0 1 0 0 0 0 1 div div clearfix 15 3
of O of 0 1 0 0 0 0 0 div div clearfix 15 3
Mathematics O mathematics 0 0 0 0 0 0 1 div div clearfix 15 3

Email O email 0 0 0 0 1 0 1 a div clearfix 17 0

Vijay B-PER vijay 0 1 0 0 0 0 1 h4 div fn 16 0
Vazirani I-PER vazirani 0 1 0 0 0 0 1 h4 div fn 16 0

Professor O professor 0 0 0 0 1 0 1 div div clearfix 15 3

Email O email 0 0 0 0 1 0 1 a div clearfix 17 0

Santosh B-PER santosh 1 1 0 0 0 0 1 h4 div fn 16 0
Vempala I-PER vempala 1 1 0 0 0 0 1 h4 div fn 16 0

Distinguished O distinguished 0 0 0 0 0 0 1 div div clearfix 15 3
Professor O professor 0 0 0 0 1 0 1 div div clearfix 15 3
and O and 0 1 0 0 0 0 0 div div clearfix 15 3
Frederick O frederick 0 1 0 0 0 0 1 div div clearfix 15 3
G. O g. 0 1 0 0 0 0 1 div div clearfix 15 3
Storey O storey 0 1 0 0 0 0 1 div div clearfix 15 3
Chair O chair 0 1 0 0 0 0 1 div div clearfix 15 3
II O ii 0 1 0 0 0 0 1 div div clearfix 15 3
in O in 0 1 0 0 0 0 0 div div clearfix 15 3
Computing O computing 0 0 0 0 0 0 1 div div clearfix 15 3

Email O email 0 0 0 0 1 0 1 a div clearfix 17 0

H. B-PER h. 1 1 0 0 0 0 1 h4 div fn 16 0
Venkateswaran I-PER venkateswaran 1 1 0 0 0 0 1 h4 div fn 16 0

Associate O associate 0 1 0 0 0 0 1 div div clearfix 15 3
Professor O professor 0 0 0 0 1 0 1 div div clearfix 15 3

Email O email 0 0 0 0 1 0 1 a div clearfix 17 0

Eric B-PER eric 1 1 0 0 0 0 1 h4 div fn 16 0
Vigoda I-PER vigoda 1 1 0 0 0 0 1 h4 div fn 16 0

Professor O professor 0 0 0 0 1 0 1 div div clearfix 15 3

Email O email 0 0 0 0 1 0 1 a div clearfix 17 0

Jun B-PER jun 1 1 0 0 0 0 1 h4 div fn 16 0
Xu I-PER xu 1 1 0 0 0 0 1 h4 div fn 16 0

Professor O professor 0 0 0 0 1 0 1 div div clearfix 15 3

Email O email 0 0 0 0 1 0 1 a div clearfix 17 0

Ellen B-PER ellen 0 1 0 0 0 0 1 h4 div fn 16 0
Zegura I-PER zegura 0 1 0 0 0 0 1 h4 div fn 16 0

Professor O professor 0 0 0 0 1 0 1 div div clearfix 15 3
and O and 0 1 0 0 0 0 0 div div clearfix 15 3
Stephen O stephen 1 1 0 0 0 0 1 div div clearfix 15 3
Fleming O fleming 1 1 0 0 0 0 1 div div clearfix 15 3
Chair O chair 0 1 0 0 0 0 1 div div clearfix 15 3
in O in 0 1 0 0 0 0 0 div div clearfix 15 3
Telecommunications O telecommunications 0 0 0 0 0 0 1 div div clearfix 15 3

Email O email 0 0 0 0 1 0 1 a div clearfix 17 0

Georgia O georgia 0 1 0 0 0 0 1 div div title 9 0
Tech O tech 0 1 0 0 0 0 1 div div title 9 0
Resources O resources 0 0 0 0 0 0 1 div div title 9 0

Offices O offices 0 0 0 0 0 0 1 li ul menu 11 0
& O & 0 0 0 0 0 0 0 li ul menu 11 0
Departments O departments 0 0 0 0 0 0 1 li ul menu 11 0

News O news 0 0 0 0 0 0 1 li ul menu 11 0
Center O center 0 1 0 0 0 0 1 li ul menu 11 0

Campus O campus 0 1 0 0 0 0 1 li ul menu 11 0
Calendar O calendar 0 0 0 0 0 0 1 li ul menu 11 0

Special O special 0 1 0 0 0 0 1 li ul menu 11 0
Events O events 0 0 0 0 0 0 1 li ul menu 11 0

GreenBuzz O greenbuzz 0 0 0 0 0 0 1 li ul menu 11 0

Institute O institute 0 0 0 0 0 0 1 li ul menu 11 0
Communications O communications 0 0 0 0 0 0 1 li ul menu 11 0

Visitor O visitor 0 0 0 0 0 0 1 li ul nolink 11 0
Resources O resources 0 0 0 0 0 0 1 li ul nolink 11 0

Campus O campus 0 1 0 0 0 0 1 li ul gt-default-mini-left 11 0
Visits O visits 0 0 0 0 0 0 1 li ul gt-default-mini-left 11 0

Directions O directions 0 0 0 0 0 0 1 li ul gt-default-mini-right 11 0
to O to 0 0 0 0 0 0 0 li ul gt-default-mini-right 11 0
Campus O campus 0 1 0 0 0 0 1 li ul gt-default-mini-right 11 0

Visitor O visitor 0 0 0 0 0 0 1 li ul gt-default-mini-left 11 0
Parking O parking 0 0 0 0 0 0 1 li ul gt-default-mini-left 11 0
Information O information 0 1 0 0 0 0 1 li ul gt-default-mini-left 11 0

GTvisitor O gtvisitor 0 0 0 0 0 0 1 li ul gt-default-mini-right 11 0
Wireless O wireless 0 0 0 0 0 0 1 li ul gt-default-mini-right 11 0
Network O network 0 0 0 0 0 0 1 li ul gt-default-mini-right 11 0
Information O information 0 1 0 0 0 0 1 li ul gt-default-mini-right 11 0

Georgia O georgia 0 1 0 0 0 0 1 li ul gt-default-mini-left 11 0
Tech O tech 0 1 0 0 0 0 1 li ul gt-default-mini-left 11 0
Global O global 0 1 0 0 0 0 1 li ul gt-default-mini-left 11 0
Learning O learning 0 1 0 0 0 0 1 li ul gt-default-mini-left 11 0
Center O center 0 1 0 0 0 0 1 li ul gt-default-mini-left 11 0

Georgia O georgia 0 1 0 0 0 0 1 li ul gt-default-mini-right 11 0
Tech O tech 0 1 0 0 0 0 1 li ul gt-default-mini-right 11 0
Hotel O hotel 0 0 0 0 0 0 1 li ul gt-default-mini-right 11 0
& O & 0 0 0 0 0 0 0 li ul gt-default-mini-right 11 0
Conference O conference 0 1 0 0 0 0 1 li ul gt-default-mini-right 11 0
Center O center 0 1 0 0 0 0 1 li ul gt-default-mini-right 11 0

Barnes O barnes 0 1 0 0 0 0 1 li ul gt-default-mini-left 11 0
& O & 0 0 0 0 0 0 0 li ul gt-default-mini-left 11 0
Noble O noble 1 1 0 0 0 0 1 li ul gt-default-mini-left 11 0
at O at 0 0 0 0 0 0 0 li ul gt-default-mini-left 11 0
Georgia O georgia 0 1 0 0 0 0 1 li ul gt-default-mini-left 11 0
Tech O tech 0 1 0 0 0 0 1 li ul gt-default-mini-left 11 0

Ferst O ferst 0 1 0 0 0 0 1 li ul gt-default-mini-right 11 0
Center O center 0 1 0 0 0 0 1 li ul gt-default-mini-right 11 0
for O for 0 1 0 0 0 0 0 li ul gt-default-mini-right 11 0
the O the 0 1 0 0 0 0 0 li ul gt-default-mini-right 11 0
Arts O arts 0 1 0 0 0 0 1 li ul gt-default-mini-right 11 0

Robert O robert 0 1 0 0 0 0 1 li ul gt-default-mini-left 11 0
C. O c. 1 1 0 0 0 0 1 li ul gt-default-mini-left 11 0
Williams O williams 1 1 0 0 0 0 1 li ul gt-default-mini-left 11 0
Paper O paper 0 1 0 0 0 0 1 li ul gt-default-mini-left 11 0
Museum O museum 0 0 0 0 1 0 1 li ul gt-default-mini-left 11 0

College O college 0 0 0 0 0 0 1 div div title 9 0
of O of 0 1 0 0 0 0 0 div div title 9 0
Computing O computing 0 0 0 0 0 0 1 div div title 9 0
Resources O resources 0 0 0 0 0 0 1 div div title 9 0

Office O office 0 0 0 0 0 0 1 li ul first 11 0
of O of 0 1 0 0 0 0 0 li ul first 11 0
the O the 0 1 0 0 0 0 0 li ul first 11 0
Dean O dean 0 1 0 0 0 0 1 li ul first 11 0

Communications O communications 0 0 0 0 0 0 1 li ul menu-621 11 0

Finance O finance 0 1 0 0 0 0 1 li ul menu-623 11 0

Technology O technology 0 0 0 0 0 0 1 li ul last 11 0
Services O services 0 0 0 0 0 0 1 li ul last 11 0
Organization O organization 0 0 0 0 0 0 1 li ul last 11 0
( O ( 0 0 0 0 0 0 0 li ul last 11 0
TSO O tso 0 0 0 0 0 0 1 li ul last 11 0
) O ) 0 0 0 0 0 0 0 li ul last 11 0

College O college 0 0 0 0 0 0 1 div div title 9 0
of O of 0 1 0 0 0 0 0 div div title 9 0
Computing O computing 0 0 0 0 0 0 1 div div title 9 0
Schools O schools 0 0 0 0 0 0 1 div div title 9 0

School O school 0 1 0 0 0 0 1 li ul first 11 0
of O of 0 1 0 0 0 0 0 li ul first 11 0
Computational O computational 0 0 0 0 0 0 1 li ul first 11 0
Science O science 0 0 0 0 0 0 1 li ul first 11 0
and O and 0 1 0 0 0 0 0 li ul first 11 0
Engineering O engineering 0 0 0 0 0 0 1 li ul first 11 0

School O school 0 1 0 0 0 0 1 li ul menu-625 11 0
of O of 0 1 0 0 0 0 0 li ul menu-625 11 0
Computer O computer 0 0 0 0 0 0 1 li ul menu-625 11 0
Science O science 0 0 0 0 0 0 1 li ul menu-625 11 0

School O school 0 1 0 0 0 0 1 li ul last 11 0
of O of 0 1 0 0 0 0 0 li ul last 11 0
Interactive O interactive 0 0 0 0 0 0 1 li ul last 11 0
Computing O computing 0 0 0 0 0 0 1 li ul last 11 0

Social O social 0 0 0 0 0 0 1 div div title 9 0
Media O media 0 1 0 0 0 0 1 div div title 9 0

Facebook O facebook 0 0 0 0 0 0 1 li ul first 11 0

Instagram O instagram 0 0 0 0 0 0 1 li ul menu-628 11 0

Twitter O twitter 0 0 0 0 0 0 1 li ul menu-629 11 0

Youtube O youtube 0 0 0 0 0 0 1 li ul last 11 0

Georgia O georgia 0 1 0 0 0 0 1 div div street-address 10 0
Institute O institute 0 0 0 0 0 0 1 div div street-address 10 0
of O of 0 1 0 0 0 0 0 div div street-address 10 0
Technology O technology 0 0 0 0 0 0 1 div div street-address 10 0

North O north 0 1 0 0 0 0 1 div div street-address 10 0
Avenue O avenue 0 0 0 0 0 0 1 div div street-address 10 0
, O , 0 0 0 0 0 0 0 div div street-address 10 0
Atlanta O atlanta 0 0 0 0 0 0 1 div div street-address 10 0
, O , 0 0 0 0 0 0 0 div div street-address 10 0
GA O ga 0 0 0 0 0 0 1 div div street-address 10 0
30332 O 30332 0 0 0 1 0 0 0 div div street-address 10 0

Phone O phone 0 1 0 0 0 0 1 div div street-address 10 0
: O : 0 0 0 0 0 0 0 div div street-address 10 0
404 O 404 0 0 0 1 0 0 0 div div street-address 10 0
- O - 0 0 0 0 0 0 0 div div street-address 10 0
894 O 894 0 0 0 1 0 0 0 div div street-address 10 0
- O - 0 0 0 0 0 0 0 div div street-address 10 0
2000 O 2000 0 0 0 1 0 0 0 div div street-address 10 0

Report O report 0 0 0 0 0 0 1 li ul last 12 0
a O a 0 1 0 0 0 0 0 li ul last 12 0
Problem O problem 0 0 0 0 0 0 1 li ul last 12 0

Emergency O emergency 0 0 0 0 1 0 1 li ul first 12 0
Information O information 0 1 0 0 0 0 1 li ul first 12 0

Legal O legal 0 1 0 0 0 0 1 li ul login-link-included 12 0
& O & 0 0 0 0 0 0 0 li ul login-link-included 12 0
Privacy O privacy 0 0 0 0 0 0 1 li ul login-link-included 12 0
Information O information 0 1 0 0 0 0 1 li ul login-link-included 12 0

Accessibility O accessibility 0 0 0 0 0 0 1 li ul login-link-included 12 0

Accountability O accountability 0 0 0 0 0 0 1 li ul login-link-included 12 0

Accreditation O accreditation 0 0 0 0 0 0 1 li ul login-link-included 12 0

Employment O employment 0 0 0 0 1 0 1 li ul last 12 0

GT O gt 0 0 0 0 0 0 1 li ul first 12 0
Login O login 0 0 0 0 0 0 1 li ul first 12 0

Standard O standard 0 1 0 0 0 0 1 li ul last 12 0
Login O login 0 0 0 0 0 0 1 li ul last 12 0

© O © 0 0 0 0 0 0 0 div div clearfix 9 2
Georgia O georgia 0 1 0 0 0 0 1 div div clearfix 9 2
Institute O institute 0 0 0 0 0 0 1 div div clearfix 9 2
of O of 0 1 0 0 0 0 0 div div clearfix 9 2
Technology O technology 0 0 0 0 0 0 1 div div clearfix 9 2
