 O ﻿ 0 0 0 0 0 0 0   none 1 0

Our O our 0 0 0 0 0 0 1 head html no-js 4 1
Staff O staff 0 1 0 0 0 0 1 head html no-js 4 1
- O - 0 0 0 0 0 0 0 head html no-js 4 1
School O school 0 1 0 0 0 0 1 head html no-js 4 1
of O of 0 1 0 0 0 0 0 head html no-js 4 1
Engineering O engineering 0 0 0 0 0 0 1 head html no-js 4 1
- O - 0 0 0 0 0 0 0 head html no-js 4 1
University O university 0 1 0 0 0 0 1 head html no-js 4 1
of O of 0 1 0 0 0 0 0 head html no-js 4 1
South O south 0 1 0 0 0 0 1 head html no-js 4 1
Australia O australia 0 0 0 0 0 0 1 head html no-js 4 1

Home O home 0 1 0 0 0 0 1 a div visuallyhidden 11 0

Login O login 0 0 0 0 0 0 1 a li visuallyhidden 14 0

Search O search 0 0 0 0 0 0 1 a li visuallyhidden 14 0

Menu O menu 0 1 0 0 0 0 1 a li visuallyhidden 14 0

Sections O sections 0 0 0 0 0 0 1 div div col12-12-6-4 11 0

Study O study 0 1 0 0 0 0 1 li ul nav-list 13 0

Research O research 0 1 0 0 0 0 1 li ul nav-list 13 0

Partner O partner 0 1 0 0 0 0 1 li ul nav-list 13 0

News O news 0 0 0 0 0 0 1 li ul nav-list 13 0
& O & 0 0 0 0 0 0 0 li ul nav-list 13 0
events O events 0 0 0 0 0 0 0 li ul nav-list 13 0

UniSA O unisa 0 0 0 0 0 0 1 div div right 11 0
overview O overview 0 0 0 0 0 0 0 div div right 11 0

About O about 0 0 0 0 0 0 1 li ul contentCol2 13 0
UniSA O unisa 0 0 0 0 0 0 1 li ul contentCol2 13 0

Giving O giving 0 0 0 0 0 0 1 li ul contentCol2 13 0
to O to 0 0 0 0 0 0 0 li ul contentCol2 13 0
UniSA O unisa 0 0 0 0 0 0 1 li ul contentCol2 13 0

Working O working 0 0 0 0 0 0 1 li ul contentCol2 13 0
at O at 0 0 0 0 0 0 0 li ul contentCol2 13 0
UniSA O unisa 0 0 0 0 0 0 1 li ul contentCol2 13 0

UniSA O unisa 0 0 0 0 0 0 1 li ul contentCol2 13 0
International O international 0 0 0 0 0 0 1 li ul contentCol2 13 0

UniSA O unisa 0 0 0 0 0 0 1 li ul contentCol2 13 0
Online O online 0 0 0 0 0 0 1 li ul contentCol2 13 0

Alumni O alumni 0 0 0 0 0 0 1 li ul contentCol2 13 0

Campus O campus 0 1 0 0 0 0 1 li ul contentCol2 13 0
facilities O facilities 0 0 0 0 0 0 0 li ul contentCol2 13 0
and O and 0 1 0 0 0 0 0 li ul contentCol2 13 0
maps O maps 0 0 0 0 0 0 0 li ul contentCol2 13 0

Events O events 0 0 0 0 0 0 1 li ul contentCol2 13 0

Student O student 0 1 0 0 0 0 1 li ul contentCol2 13 0
life O life 0 0 0 0 0 0 0 li ul contentCol2 13 0

Teaching O teaching 0 0 0 0 0 0 1 li ul contentCol2 13 0
and O and 0 1 0 0 0 0 0 li ul contentCol2 13 0
learning O learning 0 0 0 0 0 0 0 li ul contentCol2 13 0

University O university 0 1 0 0 0 0 1 li ul contentCol2 13 0
publications O publications 0 0 0 0 0 0 0 li ul contentCol2 13 0

Login O login 0 0 0 0 0 0 1 div div right 11 0

Students O students 0 0 0 0 0 0 1 li ul nav-list 13 0

Alumni O alumni 0 0 0 0 0 0 1 li ul nav-list 13 0

Staff O staff 0 1 0 0 0 0 1 li ul nav-list 13 0

Search O search 0 0 0 0 0 0 1 fieldset div right 12 0
UniSA O unisa 0 0 0 0 0 0 1 fieldset div right 12 0

Search O search 0 0 0 0 0 0 1 span fieldset hidden 13 0
UniSA O unisa 0 0 0 0 0 0 1 span fieldset hidden 13 0

Select O select 0 0 0 0 0 0 1 fieldset fieldset hidden 13 0
resource O resource 0 0 0 0 0 0 0 fieldset fieldset hidden 13 0
to O to 0 0 0 0 0 0 0 fieldset fieldset hidden 13 0
search O search 0 0 0 0 0 0 0 fieldset fieldset hidden 13 0

General O general 0 1 0 0 0 0 1 fieldset fieldset radioSet 13 2

Programs O programs 0 0 0 0 0 0 1 fieldset fieldset radioSet 13 4

People O people 0 1 0 0 0 0 1 fieldset fieldset radioSet 13 6

Home O home 0 1 0 0 0 0 1 li ul wrapper 12 0

> O > 0 0 0 0 0 0 0 ul div wrapper 11 2
IT O it 0 0 0 0 0 0 1 li ul wrapper 12 0
, O , 0 0 0 0 0 0 0 li ul wrapper 12 0
Engineering O engineering 0 0 0 0 0 0 1 li ul wrapper 12 0
and O and 0 1 0 0 0 0 0 li ul wrapper 12 0
the O the 0 1 0 0 0 0 0 li ul wrapper 12 0
Environment O environment 0 0 0 0 0 0 1 li ul wrapper 12 0

> O > 0 0 0 0 0 0 0 ul div wrapper 11 4
About O about 0 0 0 0 0 0 1 li ul wrapper 12 0
Us O us 0 1 0 0 0 0 1 li ul wrapper 12 0

> O > 0 0 0 0 0 0 0 ul div wrapper 11 6
Our O our 0 0 0 0 0 0 1 li ul wrapper 12 0
Staff O staff 0 1 0 0 0 0 1 li ul wrapper 12 0

School O school 0 1 0 0 0 0 1 h3 div menu-list 12 0
of O of 0 1 0 0 0 0 0 h3 div menu-list 12 0
Engineering O engineering 0 0 0 0 0 0 1 h3 div menu-list 12 0

About O about 0 0 0 0 0 0 1 li ul open 13 0
Us O us 0 1 0 0 0 0 1 li ul open 13 0

Our O our 0 0 0 0 0 0 1 li ul current 15 0
Staff O staff 0 1 0 0 0 0 1 li ul current 15 0

Our O our 0 0 0 0 0 0 1 li ul open 15 0
Advisory O advisory 0 0 0 0 0 0 1 li ul open 15 0
Committee O committee 0 0 0 0 0 0 1 li ul open 15 0

Our O our 0 0 0 0 0 0 1 li ul open 15 0
Facilities O facilities 0 0 0 0 0 0 1 li ul open 15 0

Engineering O engineering 0 0 0 0 0 0 1 li ul open 15 0
Week O week 0 1 0 0 0 0 1 li ul open 15 0

Experiential O experiential 0 0 0 0 0 0 1 li ul menu-list 13 0
learning O learning 0 0 0 0 0 0 0 li ul menu-list 13 0

Pathways O pathways 0 0 0 0 0 0 1 li ul menu-list 13 0

Research O research 0 1 0 0 0 0 1 li ul menu-list 13 0

Student O student 0 1 0 0 0 0 1 li ul menu-list 13 0
testimonials O testimonials 0 0 0 0 0 0 0 li ul menu-list 13 0

Scholarships O scholarships 0 0 0 0 0 0 1 li ul menu-list 13 0
, O , 0 0 0 0 0 0 0 li ul menu-list 13 0
prizes O prizes 0 0 0 0 0 0 0 li ul menu-list 13 0
and O and 0 1 0 0 0 0 0 li ul menu-list 13 0
awards O awards 0 0 0 0 0 0 0 li ul menu-list 13 0

News O news 0 0 0 0 0 0 1 li ul menu-list 13 0
and O and 0 1 0 0 0 0 0 li ul menu-list 13 0
events O events 0 0 0 0 0 0 0 li ul menu-list 13 0

Contact O contact 0 0 0 0 0 0 1 li ul menu-list 13 0
Us O us 0 1 0 0 0 0 1 li ul menu-list 13 0

Our O our 0 0 0 0 0 0 1 div div primary 10 0
Staff O staff 0 1 0 0 0 0 1 div div primary 10 0

Search O search 0 0 0 0 0 0 1 div div primary 11 2
below O below 0 0 0 0 0 0 0 div div primary 11 2
to O to 0 0 0 0 0 0 0 div div primary 11 2
find O find 0 0 0 0 0 0 0 div div primary 11 2
links O links 0 0 0 0 0 0 0 div div primary 11 2
to O to 0 0 0 0 0 0 0 div div primary 11 2
the O the 0 1 0 0 0 0 0 div div primary 11 2
contact O contact 0 0 0 0 0 0 0 div div primary 11 2
details O details 0 0 0 0 0 0 0 div div primary 11 2
, O , 0 0 0 0 0 0 0 div div primary 11 2
qualifications O qualifications 0 0 0 0 0 0 0 div div primary 11 2
, O , 0 0 0 0 0 0 0 div div primary 11 2
teaching O teaching 0 0 0 0 0 0 0 div div primary 11 2
interests O interests 0 0 0 0 0 0 0 div div primary 11 2
and O and 0 1 0 0 0 0 0 div div primary 11 2
specialisations O specialisations 0 0 0 0 0 0 0 div div primary 11 2
of O of 0 1 0 0 0 0 0 div div primary 11 2
our O our 0 0 0 0 0 0 0 div div primary 11 2
academic O academic 0 0 0 0 0 0 0 div div primary 11 2
staff. O staff. 0 0 0 0 0 0 0 div div primary 11 2

If O if 0 1 0 0 0 0 1 div div primary 11 3
you O you 0 0 0 0 0 0 0 div div primary 11 3
are O are 0 0 0 0 0 0 0 div div primary 11 3
unable O unable 0 0 0 0 0 0 0 div div primary 11 3
to O to 0 0 0 0 0 0 0 div div primary 11 3
locate O locate 0 0 0 0 0 0 0 div div primary 11 3
an O an 0 1 0 0 0 0 0 div div primary 11 3
academic O academic 0 0 0 0 0 0 0 div div primary 11 3
staff O staff 0 0 0 0 0 0 0 div div primary 11 3
member O member 0 0 0 0 0 0 0 div div primary 11 3
please O please 0 0 0 0 0 0 0 div div primary 11 3

contact O contact 0 0 0 0 0 0 0 strong p primary 13 0
the O the 0 1 0 0 0 0 0 strong p primary 13 0
School O school 0 1 0 0 0 0 1 strong p primary 13 0

for O for 0 1 0 0 0 0 0 div div primary 11 3
assistance. O assistance. 0 0 0 0 0 0 0 div div primary 11 3

School O school 0 1 0 0 0 0 1 div div primary 11 6
Leadership O leadership 0 0 0 0 0 0 1 div div primary 11 6
Team O team 0 1 0 0 0 0 1 div div primary 11 6

Name O name 0 1 0 0 0 0 1 p td tableLayout01 16 0

Position O position 0 0 0 0 0 0 1 p td tableLayout01 16 0

Prof O prof 0 0 0 0 0 0 1 strong strong tableLayout01 18 0
Duncan B-PER duncan 1 1 0 0 0 0 1 strong strong tableLayout01 18 0
Campbell I-PER campbell 1 1 0 0 0 0 1 strong strong tableLayout01 18 0

Head O head 0 1 0 0 0 0 1 p td tableLayout01 16 0
of O of 0 1 0 0 0 0 0 p td tableLayout01 16 0
School O school 0 1 0 0 0 0 1 p td tableLayout01 16 0

Prof O prof 0 0 0 0 0 0 1 strong p tableLayout01 17 0
Anthony B-PER anthony 1 1 0 0 0 0 1 strong p tableLayout01 17 0
Finn I-PER finn 1 1 0 0 0 0 1 strong p tableLayout01 17 0

Director O director 0 1 0 0 0 0 1 td tr tableLayout01 15 0
( O ( 0 0 0 0 0 0 0 td tr tableLayout01 15 0
Defence O defence 0 0 0 0 0 0 1 p td tableLayout01 16 0
and O and 0 1 0 0 0 0 0 p td tableLayout01 16 0
Systems O systems 0 0 0 0 0 0 1 p td tableLayout01 16 0
Institute O institute 0 0 0 0 0 0 1 p td tableLayout01 16 0
) O ) 0 0 0 0 0 0 0 td tr tableLayout01 15 0
Assoc O assoc 0 0 0 0 0 0 1 td tr tableLayout01 15 0
Head O head 0 1 0 0 0 0 1 td tr tableLayout01 15 0
: O : 0 0 0 0 0 0 0 td tr tableLayout01 15 0
Research O research 0 1 0 0 0 0 1 td tr tableLayout01 15 0

A/Prof O a/prof 0 0 0 0 0 0 1 strong p tableLayout01 17 0
David B-PER david 1 1 0 0 0 0 1 strong p tableLayout01 17 0
Cropley I-PER cropley 1 1 0 0 0 0 1 strong p tableLayout01 17 0

Assoc O assoc 0 0 0 0 0 0 1 p td tableLayout01 16 0
Head O head 0 1 0 0 0 0 1 p td tableLayout01 16 0
: O : 0 0 0 0 0 0 0 p td tableLayout01 16 0
Teaching O teaching 0 0 0 0 0 0 1 p td tableLayout01 16 0
and O and 0 1 0 0 0 0 0 p td tableLayout01 16 0
Learning O learning 0 1 0 0 0 0 1 p td tableLayout01 16 0

Ms O ms 0 0 0 0 0 0 1 strong p tableLayout01 17 0
Renae B-PER renae 0 1 0 0 0 0 1 strong p tableLayout01 17 0
Leverenz I-PER leverenz 0 1 0 0 0 0 1 strong p tableLayout01 17 0

School O school 0 1 0 0 0 0 1 p td tableLayout01 16 0
Manager O manager 0 0 0 0 0 0 1 p td tableLayout01 16 0

A/Prof O a/prof 0 0 0 0 0 0 1 strong strong tableLayout01 18 0
Kutluyil B-PER kutluyil 1 1 0 0 0 0 1 strong strong tableLayout01 18 0
Dogancay I-PER dogancay 1 1 0 0 0 0 1 strong strong tableLayout01 18 0

Electrical/Mechatronic O electrical/mechatronic 0 0 0 0 0 0 1 p td tableLayout01 16 0
Discipline O discipline 0 0 0 0 0 0 1 p td tableLayout01 16 0
Leader O leader 0 1 0 0 0 0 1 p td tableLayout01 16 0

Dr O dr 0 1 0 0 0 0 1 strong p tableLayout01 17 0
Romeo B-PER romeo 1 1 0 0 0 0 1 strong p tableLayout01 17 0
Marian I-PER marian 1 1 0 0 0 0 1 strong p tableLayout01 17 0

Mechanical O mechanical 0 0 0 0 0 0 1 p td tableLayout01 16 0
Discipline O discipline 0 0 0 0 0 0 1 p td tableLayout01 16 0
Leader O leader 0 1 0 0 0 0 1 p td tableLayout01 16 0

Dr O dr 0 1 0 0 0 0 1 strong strong tableLayout01 19 0
Doug B-PER doug 0 1 0 0 0 0 1 strong strong tableLayout01 19 0
Drury I-PER drury 0 1 0 0 1 0 1 strong strong tableLayout01 19 0

Aviation O aviation 0 0 0 0 0 0 1 p td tableLayout01 16 0
Discipline O discipline 0 0 0 0 0 0 1 p td tableLayout01 16 0
Leader O leader 0 1 0 0 0 0 1 p td tableLayout01 16 0

Program O program 0 0 0 0 0 0 1 div div primary 11 77
Directors O directors 0 0 0 0 0 0 1 div div primary 11 77

Dr O dr 0 1 0 0 0 0 1 strong p tableLayout01 17 0
Jan B-PER jan 0 1 0 0 0 0 1 strong p tableLayout01 17 0
Rose I-PER rose 0 1 0 0 0 0 1 strong p tableLayout01 17 0

ICHF/ICOY/IGHF/IGOY O ichf/icoy/ighf/igoy 0 0 0 0 0 0 1 td tr tableLayout01 15 0
Human O human 0 1 0 0 0 0 1 td tr tableLayout01 15 0
Factors O factors 0 0 0 0 0 0 1 td tr tableLayout01 15 0
and O and 0 1 0 0 0 0 0 td tr tableLayout01 15 0
WHS O whs 0 0 0 0 0 0 1 td tr tableLayout01 15 0

Dr O dr 0 1 0 0 0 0 1 strong p tableLayout01 17 0
Andrew B-PER andrew 0 1 0 0 1 0 1 strong p tableLayout01 17 0
Michelmore I-PER michelmore 0 1 0 0 0 0 1 strong p tableLayout01 17 0

LBAM O lbam 0 0 0 0 0 0 1 td tr tableLayout01 15 0
- O - 0 0 0 0 0 0 0 td tr tableLayout01 15 0
Bachelor O bachelor 0 1 0 0 0 0 1 td tr tableLayout01 15 0
of O of 0 1 0 0 0 0 0 td tr tableLayout01 15 0
Science O science 0 0 0 0 0 0 1 td tr tableLayout01 15 0
( O ( 0 0 0 0 0 0 0 td tr tableLayout01 15 0
Advanced O advanced 0 0 0 0 0 0 1 td tr tableLayout01 15 0
Materials O materials 0 0 0 0 0 0 1 td tr tableLayout01 15 0
) O ) 0 0 0 0 0 0 0 td tr tableLayout01 15 0

Mr O mr 0 0 0 0 0 0 1 strong p tableLayout01 17 0
Nick B-PER nick 0 1 0 0 0 0 1 strong p tableLayout01 17 0
Mermelengas I-PER mermelengas 0 0 0 0 0 0 1 strong p tableLayout01 17 0

LBCV O lbcv 0 0 0 0 0 0 1 td tr tableLayout01 15 0
- O - 0 0 0 0 0 0 0 td tr tableLayout01 15 0
Bachelor O bachelor 0 1 0 0 0 0 1 td tr tableLayout01 15 0
of O of 0 1 0 0 0 0 0 td tr tableLayout01 15 0
Aviation O aviation 0 0 0 0 0 0 1 td tr tableLayout01 15 0

Dr O dr 0 1 0 0 0 0 1 strong p tableLayout01 17 0
Yee B-PER yee 1 1 0 0 0 0 1 strong p tableLayout01 17 0
Wei I-PER wei 1 1 0 0 0 0 1 strong p tableLayout01 17 0
Law I-PER law 1 1 0 0 0 0 1 strong p tableLayout01 17 0

LBIF/LHIF O lbif/lhif 0 0 0 0 0 0 1 td tr tableLayout01 15 0
– O – 0 0 0 0 0 0 0 td tr tableLayout01 15 0
Bachelor O bachelor 0 1 0 0 0 0 1 td tr tableLayout01 15 0
of O of 0 1 0 0 0 0 0 td tr tableLayout01 15 0
Engineering O engineering 0 0 0 0 0 0 1 td tr tableLayout01 15 0
- O - 0 0 0 0 0 0 0 td tr tableLayout01 15 0
Electrical O electrical 0 0 0 0 0 0 1 td tr tableLayout01 15 0

LHEG O lheg 0 0 0 0 0 0 1 td tr tableLayout01 15 1
– O – 0 0 0 0 0 0 0 td tr tableLayout01 15 1
Bachelor O bachelor 0 1 0 0 0 0 1 td tr tableLayout01 15 1
of O of 0 1 0 0 0 0 0 td tr tableLayout01 15 1
Engineering O engineering 0 0 0 0 0 0 1 td tr tableLayout01 15 1
– O – 0 0 0 0 0 0 0 td tr tableLayout01 15 1
Mechatronic O mechatronic 0 0 0 0 0 0 1 td tr tableLayout01 15 1

Dr O dr 0 1 0 0 0 0 1 strong p tableLayout01 17 0
Ke B-PER ke 1 1 0 0 0 0 1 strong p tableLayout01 17 0
Xing I-PER xing 1 1 0 0 0 0 1 strong p tableLayout01 17 0

LBMR/LHMR O lbmr/lhmr 0 0 0 0 0 0 1 td tr tableLayout01 15 0
- O - 0 0 0 0 0 0 0 td tr tableLayout01 15 0
Bachelor O bachelor 0 1 0 0 0 0 1 td tr tableLayout01 15 0
of O of 0 1 0 0 0 0 0 td tr tableLayout01 15 0
Engineering O engineering 0 0 0 0 0 0 1 td tr tableLayout01 15 0
- O - 0 0 0 0 0 0 0 td tr tableLayout01 15 0
Mechanical O mechanical 0 0 0 0 0 0 1 td tr tableLayout01 15 0

Dr O dr 0 1 0 0 0 0 1 strong p tableLayout01 17 0
Russell B-PER russell 0 1 0 0 0 0 1 strong p tableLayout01 17 0
Brinkworth I-PER brinkworth 0 1 0 0 0 0 1 strong p tableLayout01 17 0

LMEB O lmeb 0 0 0 0 0 0 1 td tr tableLayout01 15 0
- O - 0 0 0 0 0 0 0 td tr tableLayout01 15 0
Master O master 0 1 0 0 1 0 1 td tr tableLayout01 15 0
of O of 0 1 0 0 0 0 0 td tr tableLayout01 15 0
Engineering O engineering 0 0 0 0 0 0 1 td tr tableLayout01 15 0
– O – 0 0 0 0 0 0 0 td tr tableLayout01 15 0
Autonomous O autonomous 0 0 0 0 0 0 1 td tr tableLayout01 15 0
Systems O systems 0 0 0 0 0 0 1 td tr tableLayout01 15 0

Dr O dr 0 1 0 0 0 0 1 strong p tableLayout01 17 0
Sang B-PER sang 0 1 0 0 0 0 1 strong p tableLayout01 17 0
- I-PER - 0 0 0 0 0 0 0 strong p tableLayout01 17 0
Heon I-PER heon 0 1 0 0 0 0 1 strong p tableLayout01 17 0
Lee I-PER lee 1 1 0 0 0 0 1 strong p tableLayout01 17 0

LMEB O lmeb 0 0 0 0 0 0 1 td tr tableLayout01 15 0
- O - 0 0 0 0 0 0 0 td tr tableLayout01 15 0
Master O master 0 1 0 0 1 0 1 td tr tableLayout01 15 0
of O of 0 1 0 0 0 0 0 td tr tableLayout01 15 0
Engineering O engineering 0 0 0 0 0 0 1 td tr tableLayout01 15 0
– O – 0 0 0 0 0 0 0 td tr tableLayout01 15 0
Engineering O engineering 0 0 0 0 0 0 1 td tr tableLayout01 15 0
Management O management 0 1 0 0 0 0 1 td tr tableLayout01 15 0

LMENO O lmeno 0 0 0 0 0 0 1 td tr tableLayout01 15 1
- O - 0 0 0 0 0 0 0 td tr tableLayout01 15 1
Master O master 0 1 0 0 1 0 1 td tr tableLayout01 15 1
of O of 0 1 0 0 0 0 0 td tr tableLayout01 15 1
Engineering O engineering 0 0 0 0 0 0 1 td tr tableLayout01 15 1
Management O management 0 1 0 0 0 0 1 td tr tableLayout01 15 1
- O - 0 0 0 0 0 0 0 td tr tableLayout01 15 1
OUA O oua 0 0 0 0 0 0 1 td tr tableLayout01 15 1

OBMR O obmr 0 0 0 0 0 0 1 td tr tableLayout01 15 2
- O - 0 0 0 0 0 0 0 td tr tableLayout01 15 2
Bachelor O bachelor 0 1 0 0 0 0 1 td tr tableLayout01 15 2
of O of 0 1 0 0 0 0 0 td tr tableLayout01 15 2
Engineering O engineering 0 0 0 0 0 0 1 td tr tableLayout01 15 2
( O ( 0 0 0 0 0 0 0 td tr tableLayout01 15 2
Mechanical O mechanical 0 0 0 0 0 0 1 td tr tableLayout01 15 2
) O ) 0 0 0 0 0 0 0 td tr tableLayout01 15 2
- O - 0 0 0 0 0 0 0 td tr tableLayout01 15 2
offshore O offshore 0 0 0 0 0 0 0 td tr tableLayout01 15 2

OMTM O omtm 0 0 0 0 0 0 1 td tr tableLayout01 15 3
- O - 0 0 0 0 0 0 0 td tr tableLayout01 15 3
Master O master 0 1 0 0 1 0 1 td tr tableLayout01 15 3
of O of 0 1 0 0 0 0 0 td tr tableLayout01 15 3
Engineering O engineering 0 0 0 0 0 0 1 td tr tableLayout01 15 3
Management O management 0 1 0 0 0 0 1 td tr tableLayout01 15 3
- O - 0 0 0 0 0 0 0 td tr tableLayout01 15 3
offshore O offshore 0 0 0 0 0 0 0 td tr tableLayout01 15 3

Dr O dr 0 1 0 0 0 0 1 strong p tableLayout01 17 0
Arek B-PER arek 1 1 0 0 0 0 1 strong p tableLayout01 17 0
Dadej I-PER dadej 1 1 0 0 0 0 1 strong p tableLayout01 17 0

LMEL O lmel 0 0 0 0 0 0 1 td tr tableLayout01 15 0
– O – 0 0 0 0 0 0 0 td tr tableLayout01 15 0
Master O master 0 1 0 0 1 0 1 td tr tableLayout01 15 0
of O of 0 1 0 0 0 0 0 td tr tableLayout01 15 0
Engineering O engineering 0 0 0 0 0 0 1 td tr tableLayout01 15 0
- O - 0 0 0 0 0 0 0 td tr tableLayout01 15 0
Electrical O electrical 0 0 0 0 0 0 1 td tr tableLayout01 15 0
Power O power 0 1 0 0 0 0 1 td tr tableLayout01 15 0

Dr O dr 0 1 0 0 0 0 1 strong p tableLayout01 17 0
Yousef B-PER yousef 1 1 0 0 0 0 1 strong p tableLayout01 17 0
Amer I-PER amer 1 1 0 0 0 0 1 strong p tableLayout01 17 0

LMSUO O lmsuo 0 0 0 0 0 0 1 td tr tableLayout01 15 0
- O - 0 0 0 0 0 0 0 td tr tableLayout01 15 0
Supply O supply 0 1 0 0 0 0 1 td tr tableLayout01 15 0
Chain O chain 0 1 0 0 0 0 1 td tr tableLayout01 15 0
Management O management 0 1 0 0 0 0 1 td tr tableLayout01 15 0
- O - 0 0 0 0 0 0 0 td tr tableLayout01 15 0
OUA O oua 0 0 0 0 0 0 1 td tr tableLayout01 15 0

Dr O dr 0 1 0 0 0 0 1 strong p tableLayout01 17 0
Muhammad B-PER muhammad 1 1 0 0 0 0 1 strong p tableLayout01 17 0
Uddin I-PER uddin 1 1 0 0 0 0 1 strong p tableLayout01 17 0

LTEN O lten 0 0 0 0 0 0 1 td tr tableLayout01 15 0
Associate O associate 0 1 0 0 0 0 1 td tr tableLayout01 15 0
Degree O degree 0 0 0 0 0 0 1 td tr tableLayout01 15 0
in O in 0 1 0 0 0 0 0 td tr tableLayout01 15 0
Engineering O engineering 0 0 0 0 0 0 1 td tr tableLayout01 15 0

Dr O dr 0 1 0 0 0 0 1 strong p tableLayout01 17 0
Zorica B-PER zorica 1 1 0 0 0 0 1 strong p tableLayout01 17 0
Nedic I-PER nedic 1 1 0 0 0 0 1 strong p tableLayout01 17 0

OBIF O obif 0 0 0 0 0 0 1 td tr tableLayout01 15 0
- O - 0 0 0 0 0 0 0 td tr tableLayout01 15 0
Bachelor O bachelor 0 1 0 0 0 0 1 td tr tableLayout01 15 0
of O of 0 1 0 0 0 0 0 td tr tableLayout01 15 0
Engineering O engineering 0 0 0 0 0 0 1 td tr tableLayout01 15 0
( O ( 0 0 0 0 0 0 0 td tr tableLayout01 15 0
Electrical O electrical 0 0 0 0 0 0 1 td tr tableLayout01 15 0
and O and 0 1 0 0 0 0 0 td tr tableLayout01 15 0
Electronics O electronics 0 0 0 0 0 0 1 td tr tableLayout01 15 0
) O ) 0 0 0 0 0 0 0 td tr tableLayout01 15 0
- O - 0 0 0 0 0 0 0 td tr tableLayout01 15 0
offshore O offshore 0 0 0 0 0 0 0 td tr tableLayout01 15 0

Academic O academic 0 0 0 0 0 0 1 div div primary 11 165
Staff O staff 0 1 0 0 0 0 1 div div primary 11 165

Professors O professors 0 0 0 0 1 0 1 h5 div primary 12 0

Mahfuz B-PER mahfuz 0 1 0 0 0 0 1 strong p primary 13 0
Aziz I-PER aziz 0 1 0 0 0 0 1 strong p primary 13 0

Javaan B-PER javaan 0 1 0 0 0 0 1 a p primary 13 0
Chahl I-PER chahl 0 1 0 0 0 0 1 a p primary 13 0

John B-PER john 0 1 0 0 0 0 1 a p primary 13 0
Fielke I-PER fielke 0 0 0 0 0 0 1 a p primary 13 0

Anthony B-PER anthony 1 1 0 0 0 0 1 strong p primary 13 0
Finn I-PER finn 1 1 0 0 0 0 1 strong p primary 13 0

David B-PER david 1 1 0 0 0 0 1 a p primary 13 0
Lancaster I-PER lancaster 1 1 0 0 0 0 1 a p primary 13 0

Wasim B-PER wasim 0 1 0 0 0 0 1 strong p primary 13 0
Saman I-PER saman 0 1 0 0 0 0 1 strong p primary 13 0

Frank B-PER frank 1 1 0 0 0 0 1 strong p primary 13 0
Bruno I-PER bruno 0 1 0 0 0 0 1 strong p primary 13 0

Krasi B-PER krasi 0 0 0 0 0 0 1 strong p primary 13 0
Vasilev I-PER vasilev 0 1 0 0 0 0 1 strong p primary 13 0

Associate O associate 0 1 0 0 0 0 1 h5 div primary 12 0
Professors O professors 0 0 0 0 1 0 1 h5 div primary 12 0

Kazem B-PER kazem 1 1 0 0 0 0 1 a p primary 13 0
Abhary I-PER abhary 1 1 0 0 0 0 1 a p primary 13 0

David B-PER david 1 1 0 0 0 0 1 a p primary 13 0
Cropley I-PER cropley 1 1 0 0 0 0 1 a p primary 13 0

Kutluyil B-PER kutluyil 1 1 0 0 0 0 1 strong p primary 13 0
Dogancay I-PER dogancay 1 1 0 0 0 0 1 strong p primary 13 0

Jun B-PER jun 1 1 0 0 0 0 1 strong p primary 13 0
Ma I-PER ma 1 1 0 0 0 0 1 strong p primary 13 0

Chandra B-PER chandra 0 1 0 0 0 0 1 strong p primary 13 0
Singh I-PER singh 0 1 0 0 0 0 1 strong p primary 13 0

Shahraam B-PER shahraam 0 0 0 0 0 0 1 strong p primary 13 0
Afshar I-PER afshar 0 1 0 0 0 0 1 strong p primary 13 0
Vahid I-PER vahid 0 1 0 0 0 0 1 strong p primary 13 0

Jason B-PER jason 0 1 0 0 0 0 1 strong p primary 13 0
Whittle I-PER whittle 0 1 0 0 0 0 1 strong p primary 13 0

Senior O senior 0 1 0 0 0 0 1 div div primary 11 218
Lecturers O lecturers 0 0 0 0 0 0 1 div div primary 11 218

Dr O dr 0 1 0 0 0 0 1 strong p primary 13 0
Saiful B-PER saiful 0 1 0 0 0 0 1 strong p primary 13 0
Bari I-PER bari 0 1 0 0 0 0 1 strong p primary 13 0

Dr O dr 0 1 0 0 0 0 1 a p primary 13 0
Russell B-PER russell 0 1 0 0 0 0 1 a p primary 13 0
Brinkworth I-PER brinkworth 0 1 0 0 0 0 1 a p primary 13 0

Dr O dr 0 1 0 0 0 0 1 strong p primary 13 0
Arek B-PER arek 1 1 0 0 0 0 1 strong p primary 13 0
Dadej I-PER dadej 1 1 0 0 0 0 1 strong p primary 13 0

Dr O dr 0 1 0 0 0 0 1 strong strong primary 14 0
Doug B-PER doug 0 1 0 0 0 0 1 strong strong primary 14 0
Drury I-PER drury 0 1 0 0 1 0 1 strong strong primary 14 0

Dr O dr 0 1 0 0 0 0 1 a p primary 13 0
Mohammed B-PER mohammed 0 1 0 0 0 0 1 a p primary 13 0
Haque I-PER haque 0 1 0 0 0 0 1 a p primary 13 0

Dr O dr 0 1 0 0 0 0 1 strong p primary 13 0
Alex B-PER alex 0 1 0 0 0 0 1 strong p primary 13 0
Hariz I-PER hariz 0 1 0 0 0 0 1 strong p primary 13 0

Dr O dr 0 1 0 0 0 0 1 strong p primary 13 0
Hung B-PER hung 0 1 0 0 0 0 1 strong p primary 13 0
- I-PER - 0 0 0 0 0 0 0 strong p primary 13 0
Yao I-PER yao 1 1 0 0 0 0 1 strong p primary 13 0
Hsu I-PER hsu 1 1 0 0 0 0 1 strong p primary 13 0

Dr O dr 0 1 0 0 0 0 1 a p primary 13 0
Sang B-PER sang 0 1 0 0 0 0 1 a p primary 13 0
- I-PER - 0 0 0 0 0 0 0 a p primary 13 0
Heon I-PER heon 0 1 0 0 0 0 1 a p primary 13 0
Lee I-PER lee 1 1 0 0 0 0 1 a p primary 13 0

Dr O dr 0 1 0 0 0 0 1 strong p primary 13 0
Romeo B-PER romeo 1 1 0 0 0 0 1 strong p primary 13 0
Marian I-PER marian 1 1 0 0 0 0 1 strong p primary 13 0

Dr O dr 0 1 0 0 0 0 1 strong p primary 13 0
Zorica B-PER zorica 1 1 0 0 0 0 1 strong p primary 13 0
Nedic I-PER nedic 1 1 0 0 0 0 1 strong p primary 13 0

Dr O dr 0 1 0 0 0 0 1 strong p primary 13 0
Bruce B-PER bruce 0 1 0 0 0 0 1 strong p primary 13 0
Wedding I-PER wedding 0 1 0 0 0 0 1 strong p primary 13 0

Dr O dr 0 1 0 0 0 0 1 strong p primary 13 0
Puthenparampil B-PER puthenparampil 0 0 0 0 0 0 1 strong p primary 13 0
Wilson I-PER wilson 0 1 0 0 0 0 1 strong p primary 13 0

Dr O dr 0 1 0 0 0 0 1 strong p primary 13 0
Ke B-PER ke 1 1 0 0 0 0 1 strong p primary 13 0
Xing I-PER xing 1 1 0 0 0 0 1 strong p primary 13 0

Lecturers O lecturers 0 0 0 0 0 0 1 div div primary 11 261

Dr O dr 0 1 0 0 0 0 1 a p primary 13 0
Alemu B-PER alemu 0 1 0 0 0 0 1 a p primary 13 0
Alemu I-PER alemu 0 1 0 0 0 0 1 a p primary 13 0

Dr O dr 0 1 0 0 0 0 1 strong p primary 13 0
Yousef B-PER yousef 1 1 0 0 0 0 1 strong p primary 13 0
Amer I-PER amer 1 1 0 0 0 0 1 strong p primary 13 0

Dr O dr 0 1 0 0 0 0 1 strong p primary 13 0
Darren B-PER darren 0 1 0 0 0 0 1 strong p primary 13 0
Ellis I-PER ellis 0 1 0 0 0 0 1 strong p primary 13 0

Dr O dr 0 1 0 0 0 0 1 a p primary 13 0
Yee B-PER yee 1 1 0 0 0 0 1 a p primary 13 0
Wei I-PER wei 1 1 0 0 0 0 1 a p primary 13 0
Law I-PER law 1 1 0 0 0 0 1 a p primary 13 0

Dr O dr 0 1 0 0 0 0 1 strong p primary 13 0
Steve B-PER steve 0 1 0 0 0 0 1 strong p primary 13 0
Leib I-PER leib 0 1 0 0 0 0 1 strong p primary 13 0

Mr O mr 0 0 0 0 0 0 1 strong p primary 13 0
Nick B-PER nick 0 1 0 0 0 0 1 strong p primary 13 0
Mermelengas I-PER mermelengas 0 0 0 0 0 0 1 strong p primary 13 0

Mrs O mrs 0 0 0 0 1 0 1 strong p primary 13 0
Lee B-PER lee 1 1 0 0 0 0 1 strong p primary 13 0
- I-PER - 0 0 0 0 0 0 0 strong p primary 13 0
Anne I-PER anne 0 1 0 0 0 0 1 strong p primary 13 0
Palubinski I-PER palubinski 0 0 0 0 0 0 1 strong p primary 13 0

Dr O dr 0 1 0 0 0 0 1 strong p primary 13 0
Silvia B-PER silvia 0 1 0 0 0 0 1 strong p primary 13 0
Pignata I-PER pignata 0 1 0 0 0 0 1 strong p primary 13 0

Dr O dr 0 1 0 0 0 0 1 strong p primary 13 0
Aruna B-PER aruna 0 1 0 0 0 0 1 strong p primary 13 0
Ranganathan I-PER ranganathan 0 1 0 0 0 0 1 strong p primary 13 0

Dr O dr 0 1 0 0 0 0 1 a p primary 13 0
Jan B-PER jan 0 1 0 0 0 0 1 a p primary 13 0
Rose I-PER rose 0 1 0 0 0 0 1 a p primary 13 0

Mr O mr 0 0 0 0 0 0 1 a p primary 13 0
Shivvaan B-PER shivvaan 0 0 0 0 0 0 1 a p primary 13 0
Sathasilvam I-PER sathasilvam 0 0 0 0 0 0 1 a p primary 13 0

Dr O dr 0 1 0 0 0 0 1 a strong primary 14 0
Chun B-PER chun 0 1 0 0 0 0 1 a strong primary 14 0
Tseng I-PER tseng 1 1 0 0 0 0 1 a strong primary 14 0

Dr O dr 0 1 0 0 0 0 1 a p primary 13 0
Mohammad B-PER mohammad 1 1 0 0 0 0 1 a p primary 13 0
Uddin I-PER uddin 0 1 0 0 0 0 1 a p primary 13 0

Academic O academic 0 0 0 0 0 0 1 div div primary 11 304
Research O research 0 1 0 0 0 0 1 div div primary 11 304
Staff O staff 0 1 0 0 0 0 1 div div primary 11 304

Senior O senior 0 1 0 0 0 0 1 div div primary 11 305
Research O research 0 1 0 0 0 0 1 div div primary 11 305
Fellows O fellows 0 1 0 0 0 0 1 div div primary 11 305

Dr O dr 0 1 0 0 0 0 1 strong p primary 13 0
Martin B-PER martin 0 1 0 0 0 0 1 strong p primary 13 0
Belusko I-PER belusko 0 0 0 0 0 0 1 strong p primary 13 0

Dr O dr 0 1 0 0 0 0 1 strong p primary 13 0
Andrew B-PER andrew 0 1 0 0 1 0 1 strong p primary 13 0
Michelmore I-PER michelmore 0 1 0 0 0 0 1 strong p primary 13 0

Research O research 0 1 0 0 0 0 1 div div primary 11 312
Fellows O fellows 0 1 0 0 0 0 1 div div primary 11 312

Dr O dr 0 1 0 0 0 0 1 strong p primary 13 0
Stephen B-PER stephen 0 1 0 0 0 0 1 strong p primary 13 0
Berry I-PER berry 0 1 0 0 0 0 1 strong p primary 13 0

Dr O dr 0 1 0 0 0 0 1 strong p primary 13 0
George B-PER george 1 1 0 0 0 0 1 strong p primary 13 0
Chen I-PER chen 1 1 0 0 0 0 1 strong p primary 13 0

Dr O dr 0 1 0 0 0 0 1 strong p primary 13 0
Jack B-PER jack 0 1 0 0 0 0 1 strong p primary 13 0
Desbiolles I-PER desbiolles 0 1 0 0 0 0 1 strong p primary 13 0

Dr O dr 0 1 0 0 0 0 1 strong p primary 13 0
Alexandre B-PER alexandre 0 1 0 0 0 0 1 strong p primary 13 0
Fancois I-PER fancois 0 0 0 0 0 0 1 strong p primary 13 0

Dr O dr 0 1 0 0 0 0 1 strong p primary 13 0
Feng B-PER feng 1 1 0 0 0 0 1 strong p primary 13 0
Rice I-PER rice 1 1 0 0 0 0 1 strong p primary 13 0

Dr O dr 0 1 0 0 0 0 1 strong strong primary 14 0
Yvonne B-PER yvonne 0 1 0 0 0 0 1 strong strong primary 14 0
Kang I-PER kang 0 1 0 0 0 0 1 strong strong primary 14 0

Dr O dr 0 1 0 0 0 0 1 strong strong primary 14 0
Champak O champak 0 1 0 0 0 0 1 strong strong primary 14 0
Khurm O khurm 0 0 0 0 0 0 1 strong strong primary 14 0
i O i 0 1 0 0 0 0 0 strong p primary 13 0

Dr O dr 0 1 0 0 0 0 1 strong p primary 13 0
Ming B-PER ming 1 1 0 0 0 0 1 strong p primary 13 0
Liu I-PER liu 1 1 0 0 0 0 1 strong p primary 13 0

Dr O dr 0 1 0 0 0 0 1 strong p primary 13 0
Dale B-PER dale 0 1 0 0 0 0 1 strong p primary 13 0
Otten I-PER otten 0 1 0 0 0 0 1 strong p primary 13 0

Dr O dr 0 1 0 0 0 0 1 strong p primary 13 0
Nicolas B-PER nicolas 0 1 0 0 0 0 1 strong p primary 13 0
Riesen I-PER riesen 0 1 0 0 0 0 1 strong p primary 13 0

Dr O dr 0 1 0 0 0 0 1 strong p primary 13 0
Philip B-PER philip 0 1 0 0 0 0 1 strong p primary 13 0
Roetman I-PER roetman 0 0 0 0 0 0 1 strong p primary 13 0

Dr O dr 0 1 0 0 0 0 1 strong p primary 13 0
Chris B-PER chris 0 1 0 0 0 0 1 strong p primary 13 0
Saunders I-PER saunders 0 1 0 0 0 0 1 strong p primary 13 0

Dr O dr 0 1 0 0 0 0 1 strong strong primary 14 0
Wen B-PER wen 1 1 0 0 0 0 1 strong strong primary 14 0
Qi I-PER qi 1 1 0 0 0 0 1 strong strong primary 14 0
Zhang I-PER zhang 1 1 0 0 0 0 1 strong strong primary 14 0

Research O research 0 1 0 0 0 0 1 p div primary 12 0
Associate O associate 0 1 0 0 0 0 1 p div primary 12 0

Dr O dr 0 1 0 0 0 0 1 strong p primary 13 0
Manju B-PER manju 0 1 0 0 0 0 1 strong p primary 13 0
Agrawal I-PER agrawal 0 1 0 0 0 0 1 strong p primary 13 0

Mr O mr 0 0 0 0 0 0 1 strong p primary 13 0
Lui B-PER lui 0 1 0 0 0 0 1 strong p primary 13 0
Cirocco I-PER cirocco 0 0 0 0 0 0 1 strong p primary 13 0

Dr O dr 0 1 0 0 0 0 1 strong p primary 13 0
Bin B-PER bin 1 1 0 0 0 0 1 strong p primary 13 0
Huang I-PER huang 1 1 0 0 0 0 1 strong p primary 13 0

Dr O dr 0 1 0 0 0 0 1 strong p primary 13 0
Maryam B-PER maryam 0 1 0 0 0 0 1 strong p primary 13 0
Shirmohammadi I-PER shirmohammadi 0 1 0 0 0 0 1 strong p primary 13 0

Dr O dr 0 1 0 0 0 0 1 strong p primary 13 0
Mustafa B-PER mustafa 0 1 0 0 1 0 1 strong p primary 13 0
Ucgul I-PER ucgul 0 0 0 0 0 0 1 strong p primary 13 0

Dr O dr 0 1 0 0 0 0 1 strong p primary 13 0
David B-PER david 0 1 0 0 0 0 1 strong p primary 13 0
Whaley I-PER whaley 0 1 0 0 0 0 1 strong p primary 13 0

Research O research 0 1 0 0 0 0 1 p div primary 12 0
Assistant O assistant 0 0 0 0 0 0 1 p div primary 12 0

Hayley B-PER hayley 0 1 0 0 0 0 1 strong p primary 13 0
Tindle I-PER tindle 0 1 0 0 0 0 1 strong p primary 13 0

Professional O professional 0 0 0 0 1 0 1 div div primary 11 385
Staff O staff 0 1 0 0 0 0 1 div div primary 11 385

Renae B-PER renae 0 1 0 0 0 0 1 strong p primary 13 0
Leverenz I-PER leverenz 0 1 0 0 0 0 1 strong p primary 13 0

- O - 0 0 0 0 0 0 0 div div primary 11 386
School O school 0 1 0 0 0 0 1 div div primary 11 386
Manager O manager 0 0 0 0 0 0 1 div div primary 11 386

Jean B-PER jean 0 1 0 0 0 0 1 strong p primary 13 0
Lim I-PER lim 0 1 0 0 0 0 1 strong p primary 13 0

- O - 0 0 0 0 0 0 0 div div primary 11 389
Team O team 0 1 0 0 0 0 1 div div primary 11 389
Leader O leader 0 1 0 0 0 0 1 div div primary 11 389
: O : 0 0 0 0 0 0 0 div div primary 11 389
Academic O academic 0 0 0 0 0 0 1 div div primary 11 389
Services O services 0 0 0 0 0 0 1 div div primary 11 389

Patrick B-PER patrick 0 1 0 0 0 0 1 strong p primary 13 0
O I-PER o 0 1 0 0 0 0 1 strong p primary 13 0
' I-PER ' 0 0 0 0 0 0 0 strong p primary 13 0
Sullivan I-PER sullivan 0 1 0 0 0 0 1 strong p primary 13 0

- O - 0 0 0 0 0 0 0 p div primary 12 2
Team O team 0 1 0 0 0 0 1 p div primary 12 2
Leader O leader 0 1 0 0 0 0 1 p div primary 12 2
: O : 0 0 0 0 0 0 0 p div primary 12 2
Technical O technical 0 0 0 0 0 0 1 p div primary 12 2

Paul B-PER paul 1 1 0 0 0 0 1 strong p primary 13 0
White I-PER white 1 1 0 0 0 0 1 strong p primary 13 0

- O - 0 0 0 0 0 0 0 div div primary 11 396
Technical O technical 0 0 0 0 0 0 1 div div primary 11 396
Officer O officer 0 0 0 0 0 0 1 div div primary 11 396
- O - 0 0 0 0 0 0 0 div div primary 11 396
Timetabler O timetabler 0 0 0 0 0 0 1 div div primary 11 396

Danielle B-PER danielle 0 1 0 0 0 0 1 strong p primary 13 0
Richardson I-PER richardson 0 1 0 0 0 0 1 strong p primary 13 0

- O - 0 0 0 0 0 0 0 div div primary 11 399
Personal O personal 0 1 0 0 0 0 1 div div primary 11 399
Assistant O assistant 0 0 0 0 0 0 1 div div primary 11 399
to O to 0 0 0 0 0 0 0 div div primary 11 399
the O the 0 1 0 0 0 0 0 div div primary 11 399
Head O head 0 1 0 0 0 0 1 div div primary 11 399
of O of 0 1 0 0 0 0 0 div div primary 11 399
School O school 0 1 0 0 0 0 1 div div primary 11 399

Senior O senior 0 1 0 0 0 0 1 p div primary 12 0
Academic O academic 0 0 0 0 0 0 1 p div primary 12 0
Services O services 0 0 0 0 0 0 1 p div primary 12 0
Officers O officers 0 0 0 0 0 0 1 p div primary 12 0

Tina B-PER tina 0 1 0 0 0 0 1 strong p primary 13 0
Christopoulos I-PER christopoulos 0 1 0 0 0 0 1 strong p primary 13 0

Kerry B-PER kerry 0 1 0 0 0 0 1 strong p primary 13 0
Ferguson I-PER ferguson 0 1 0 0 0 0 1 strong p primary 13 0

Dale B-PER dale 0 1 0 0 0 0 1 strong p primary 13 0
Perin I-PER perin 0 1 0 0 0 0 1 strong p primary 13 0

Academic O academic 0 0 0 0 0 0 1 p div primary 12 0
Services O services 0 0 0 0 0 0 1 p div primary 12 0
Officers O officers 0 0 0 0 0 0 1 p div primary 12 0

Amy B-PER amy 0 1 0 0 0 0 1 strong p primary 13 0
Albanese I-PER albanese 0 1 0 0 0 0 1 strong p primary 13 0

Elizabeth B-PER elizabeth 0 1 0 0 0 0 1 strong p primary 13 0
Csavas I-PER csavas 0 0 0 0 0 0 1 strong p primary 13 0

Elena B-PER elena 0 1 0 0 0 0 1 strong p primary 13 0
Del I-PER del 0 1 0 0 0 0 1 strong p primary 13 0
Moral I-PER moral 0 1 0 0 0 0 1 strong p primary 13 0
Martinez I-PER martinez 0 1 0 0 0 0 1 strong p primary 13 0

Leonie B-PER leonie 0 1 0 0 0 0 1 strong p primary 13 0
Gallasch I-PER gallasch 0 1 0 0 0 0 1 strong p primary 13 0

Karen B-PER karen 1 1 0 0 0 0 1 strong strong primary 14 0
McCarthy I-PER mccarthy 1 1 0 0 0 0 1 strong strong primary 14 0

Emma B-PER emma 0 1 0 0 1 0 1 span strong primary 15 0
Rogers I-PER rogers 0 1 0 0 0 0 1 span strong primary 15 0

Claudia B-PER claudia 0 1 0 0 0 0 1 span strong primary 15 0
Deese I-PER deese 0 1 0 0 0 0 1 span strong primary 15 0
- I-PER - 0 0 0 0 0 0 0 span strong primary 15 0
Linder I-PER linder 0 1 0 0 0 0 1 span strong primary 15 0

Administrative O administrative 0 0 0 0 0 0 1 p div primary 12 0
Assistants O assistants 0 0 0 0 0 0 1 p div primary 12 0

Pamela B-PER pamela 0 1 0 0 0 0 1 strong strong primary 14 0
Torres I-PER torres 0 1 0 0 0 0 1 strong strong primary 14 0

Deidre B-PER deidre 0 1 0 0 0 0 1 strong strong primary 15 0
Armour I-PER armour 0 1 0 0 0 0 1 strong strong primary 15 0

Technical O technical 0 0 0 0 0 0 1 div div primary 11 452
Staff O staff 0 1 0 0 0 0 1 div div primary 11 452

Andrew B-PER andrew 0 1 0 0 1 0 1 strong p primary 13 0
Burge I-PER burge 0 1 0 0 0 0 1 strong p primary 13 0

- O - 0 0 0 0 0 0 0 div div primary 11 453
Senior O senior 0 1 0 0 0 0 1 div div primary 11 453
Research O research 0 1 0 0 0 0 1 div div primary 11 453
Engineer O engineer 0 1 0 0 0 0 1 div div primary 11 453

Raymond B-PER raymond 0 1 0 0 0 0 1 strong p primary 13 0
Liddle I-PER liddle 0 1 0 0 0 0 1 strong p primary 13 0

- O - 0 0 0 0 0 0 0 div div primary 11 456
Test O test 0 1 0 0 0 0 1 div div primary 11 456
Facility O facility 0 0 0 0 0 0 1 div div primary 11 456
Manager O manager 0 0 0 0 0 0 1 div div primary 11 456

Dean B-PER dean 0 1 0 0 0 0 1 strong p primary 13 0
Thiele I-PER thiele 0 1 0 0 0 0 1 strong p primary 13 0

- O - 0 0 0 0 0 0 0 div div primary 11 459
Technical O technical 0 0 0 0 0 0 1 div div primary 11 459
Assistant O assistant 0 0 0 0 0 0 1 div div primary 11 459

Technical O technical 0 0 0 0 0 0 1 h5 div primary 12 0
Officers O officers 0 0 0 0 0 0 1 h5 div primary 12 0

Peter B-PER peter 0 1 0 0 0 0 1 strong p primary 13 0
Bain I-PER bain 0 1 0 0 0 0 1 strong p primary 13 0

Phil B-PER phil 0 1 0 0 0 0 1 strong p primary 13 0
Dixon I-PER dixon 0 1 0 0 0 0 1 strong p primary 13 0

Anthony B-PER anthony 0 1 0 0 0 0 1 strong p primary 13 0
Duffy I-PER duffy 0 1 0 0 0 0 1 strong p primary 13 0

Ucu B-PER ucu 0 0 0 0 0 0 1 strong p primary 13 0
Maksudi I-PER maksudi 0 0 0 0 0 0 1 strong p primary 13 0

Frank B-PER frank 1 1 0 0 0 0 1 strong p primary 13 0
O I-PER o 0 1 0 0 0 0 1 strong p primary 13 0
' I-PER ' 0 0 0 0 0 0 0 strong p primary 13 0
Riley I-PER riley 0 1 0 0 0 0 1 strong p primary 13 0

Angelo B-PER angelo 0 1 0 0 0 0 1 strong p primary 13 0
Pietrobon I-PER pietrobon 0 1 0 0 0 0 1 strong p primary 13 0

Daniel B-PER daniel 0 1 0 0 0 0 1 strong p primary 13 0
Pincher I-PER pincher 0 0 0 0 0 0 1 strong p primary 13 0

Adjunct O adjunct 0 0 0 0 0 0 1 div div primary 11 485
Staff O staff 0 1 0 0 0 0 1 div div primary 11 485

Dr O dr 0 1 0 0 0 0 1 div div primary 11 486
Atiya B-PER atiya 0 1 0 0 0 0 1 div div primary 11 486
Al I-PER al 0 1 0 0 0 0 1 div div primary 11 486
- I-PER - 0 0 0 0 0 0 0 div div primary 11 486
Zuheri I-PER zuheri 0 0 0 0 0 0 1 div div primary 11 486

Prof O prof 0 0 0 0 0 0 1 div div primary 11 487
Farhan B-PER farhan 0 1 0 0 0 0 1 div div primary 11 487
Faruqi I-PER faruqi 0 1 0 0 0 0 1 div div primary 11 487

Dr O dr 0 1 0 0 0 0 1 div div primary 11 488
Tim B-PER tim 0 1 0 0 0 0 1 div div primary 11 488
Ferris I-PER ferris 0 1 0 0 0 0 1 div div primary 11 488

Dr O dr 0 1 0 0 0 0 1 div div primary 11 489
Kym B-PER kym 0 1 0 0 0 0 1 div div primary 11 489
Fraser I-PER fraser 0 1 0 0 0 0 1 div div primary 11 489

Dr O dr 0 1 0 0 0 0 1 div div primary 11 490
Janti B-PER janti 0 1 0 0 0 0 1 div div primary 11 490
Gunawan I-PER gunawan 1 1 0 0 0 0 1 div div primary 11 490

Mr O mr 0 0 0 0 0 0 1 div div primary 11 491
Ali B-PER ali 0 1 0 0 0 0 1 div div primary 11 491
Khosravan I-PER khosravan 0 0 0 0 0 0 1 div div primary 11 491

Dr O dr 0 1 0 0 0 0 1 div div primary 11 492
Brian B-PER brian 0 1 0 0 0 0 1 div div primary 11 492
Kirke I-PER kirke 0 1 0 0 0 0 1 div div primary 11 492

Dr O dr 0 1 0 0 0 0 1 p div primary 12 0
Stewart B-PER stewart 1 1 0 0 0 0 1 p div primary 12 0
Martin I-PER martin 1 1 0 0 0 0 1 p div primary 12 0

Dr O dr 0 1 0 0 0 0 1 div div primary 11 495
Ramadas B-PER ramadas 0 1 0 0 0 0 1 div div primary 11 495
Narayanan I-PER narayanan 0 1 0 0 0 0 1 div div primary 11 495

Ms O ms 0 0 0 0 0 0 1 div div primary 11 496
Monica B-PER monica 1 1 0 0 0 0 1 div div primary 11 496
Oliphant I-PER oliphant 0 1 0 0 0 0 1 div div primary 11 496

Dr O dr 0 1 0 0 0 0 1 div div primary 11 497
John B-PER john 0 1 0 0 0 0 1 div div primary 11 497
Pockett I-PER pockett 0 1 0 0 0 0 1 div div primary 11 497

Mr O mr 0 0 0 0 0 0 1 div div primary 11 498
Christian B-PER christian 0 1 0 0 0 0 1 div div primary 11 498
Reynolds I-PER reynolds 0 1 0 0 0 0 1 div div primary 11 498

Prof O prof 0 0 0 0 0 0 1 div div primary 11 499
Derek B-PER derek 1 1 0 0 0 0 1 div div primary 11 499
Rogers I-PER rogers 1 1 0 0 0 0 1 div div primary 11 499

Dr O dr 0 1 0 0 0 0 1 div div primary 11 500
John B-PER john 0 1 0 0 0 0 1 div div primary 11 500
Rolls I-PER rolls 0 1 0 0 0 0 1 div div primary 11 500

Dr O dr 0 1 0 0 0 0 1 div div primary 11 501
Nasser B-PER nasser 0 1 0 0 0 0 1 div div primary 11 501
Saber I-PER saber 0 1 0 0 0 0 1 div div primary 11 501

Prof O prof 0 0 0 0 0 0 1 div div primary 11 502
Stewart B-PER stewart 0 1 0 0 0 0 1 div div primary 11 502
Schreckengast I-PER schreckengast 0 0 0 0 0 0 1 div div primary 11 502

Dr O dr 0 1 0 0 0 0 1 div div primary 11 503
Sead B-PER sead 0 1 0 0 0 0 1 div div primary 11 503
Spuzic I-PER spuzic 0 0 0 0 0 0 1 div div primary 11 503

Areas O areas 0 0 0 0 0 0 1 div div wrapper 10 0
of O of 0 1 0 0 0 0 0 h2 div wrapper 11 0
study O study 0 0 0 0 0 0 0 h2 div wrapper 11 0
and O and 0 1 0 0 0 0 0 h2 div wrapper 11 0
research O research 0 0 0 0 0 0 0 h2 div wrapper 11 0

+ O + 0 0 0 0 0 0 0 a div open 11 0
Click O click 0 1 0 0 0 0 1 div div open 10 2
to O to 0 0 0 0 0 0 0 div div open 10 2
minimise O minimise 0 0 0 0 0 0 0 div div open 10 2

Health O health 0 1 0 0 0 0 1 li ul sctn 12 0

Sciences O sciences 0 0 0 0 0 0 1 li ul sctn 12 0

Schools O schools 0 0 0 0 0 0 1 li ul heading 15 0

Health O health 0 1 0 0 0 0 1 li ul study-areas 15 0
Sciences O sciences 0 0 0 0 0 0 1 li ul study-areas 15 0

Nursing O nursing 0 1 0 0 0 0 1 li ul study-areas 15 0
and O and 0 1 0 0 0 0 0 li ul study-areas 15 0
Midwifery O midwifery 0 0 0 0 0 0 1 li ul study-areas 15 0

Pharmacy O pharmacy 0 0 0 0 0 0 1 li ul study-areas 15 0
and O and 0 1 0 0 0 0 0 li ul study-areas 15 0
Medical O medical 0 0 0 0 0 0 1 li ul study-areas 15 0
Sciences O sciences 0 0 0 0 0 0 1 li ul study-areas 15 0

Research O research 0 1 0 0 0 0 1 li ul heading 15 0
institutes O institutes 0 0 0 0 0 0 0 li ul heading 15 0

Sansom O sansom 0 1 0 0 0 0 1 li ul study-areas 15 0
Institute O institute 0 0 0 0 0 0 1 li ul study-areas 15 0
for O for 0 1 0 0 0 0 0 li ul study-areas 15 0
Health O health 0 1 0 0 0 0 1 li ul study-areas 15 0
Research O research 0 1 0 0 0 0 1 li ul study-areas 15 0

Research O research 0 1 0 0 0 0 1 li ul heading 15 0
centres O centres 0 0 0 0 0 0 0 li ul heading 15 0

Alliance O alliance 0 0 0 0 0 0 1 li ul study-areas 15 0
for O for 0 1 0 0 0 0 0 li ul study-areas 15 0
Research O research 0 1 0 0 0 0 1 li ul study-areas 15 0
in O in 0 1 0 0 0 0 0 li ul study-areas 15 0
Exercise O exercise 0 0 0 0 0 0 1 li ul study-areas 15 0
, O , 0 0 0 0 0 0 0 li ul study-areas 15 0
Nutrition O nutrition 0 0 0 0 0 0 1 li ul study-areas 15 0
and O and 0 1 0 0 0 0 0 li ul study-areas 15 0
Activity O activity 0 0 0 0 0 0 1 li ul study-areas 15 0
( O ( 0 0 0 0 0 0 0 li ul study-areas 15 0
ARENA O arena 0 0 0 0 0 0 1 li ul study-areas 15 0
) O ) 0 0 0 0 0 0 0 li ul study-areas 15 0

Centre O centre 0 1 0 0 0 0 1 li ul study-areas 15 0
for O for 0 1 0 0 0 0 0 li ul study-areas 15 0
Cancer O cancer 0 1 0 0 0 0 1 li ul study-areas 15 0
Biology O biology 0 0 0 0 0 0 1 li ul study-areas 15 0

Centre O centre 0 1 0 0 0 0 1 li ul study-areas 15 0
for O for 0 1 0 0 0 0 0 li ul study-areas 15 0
Drug O drug 0 0 0 0 1 0 1 li ul study-areas 15 0
Discovery O discovery 0 0 0 0 0 0 1 li ul study-areas 15 0
and O and 0 1 0 0 0 0 0 li ul study-areas 15 0
Development O development 0 0 0 0 0 0 1 li ul study-areas 15 0

Centre O centre 0 1 0 0 0 0 1 li ul study-areas 15 0
for O for 0 1 0 0 0 0 0 li ul study-areas 15 0
Population O population 0 0 0 0 0 0 1 li ul study-areas 15 0
Health O health 0 1 0 0 0 0 1 li ul study-areas 15 0
Research O research 0 1 0 0 0 0 1 li ul study-areas 15 0

Centre O centre 0 1 0 0 0 0 1 li ul study-areas 15 0
of O of 0 1 0 0 0 0 0 li ul study-areas 15 0
Research O research 0 1 0 0 0 0 1 li ul study-areas 15 0
Excellence O excellence 0 0 0 0 0 0 1 li ul study-areas 15 0
for O for 0 1 0 0 0 0 0 li ul study-areas 15 0
the O the 0 1 0 0 0 0 0 li ul study-areas 15 0
Prevention O prevention 0 0 0 0 0 0 1 li ul study-areas 15 0
of O of 0 1 0 0 0 0 0 li ul study-areas 15 0
Chronic O chronic 0 0 0 0 0 0 1 li ul study-areas 15 0
Conditions O conditions 0 0 0 0 0 0 1 li ul study-areas 15 0
in O in 0 1 0 0 0 0 0 li ul study-areas 15 0
Rural O rural 0 1 0 0 0 0 1 li ul study-areas 15 0
and O and 0 1 0 0 0 0 0 li ul study-areas 15 0
Remote O remote 0 0 0 0 0 0 1 li ul study-areas 15 0
High O high 0 1 0 0 0 0 1 li ul study-areas 15 0
Risk O risk 0 1 0 0 0 0 1 li ul study-areas 15 0
Populations O populations 0 0 0 0 0 0 1 li ul study-areas 15 0

Centre O centre 0 1 0 0 0 0 1 li ul study-areas 15 0
for O for 0 1 0 0 0 0 0 li ul study-areas 15 0
Sleep O sleep 0 1 0 0 0 0 1 li ul study-areas 15 0
Research O research 0 1 0 0 0 0 1 li ul study-areas 15 0

International O international 0 0 0 0 0 0 1 li ul study-areas 15 0
Centre O centre 0 1 0 0 0 0 1 li ul study-areas 15 0
for O for 0 1 0 0 0 0 0 li ul study-areas 15 0
Allied O allied 0 0 0 0 0 0 1 li ul study-areas 15 0
Health O health 0 1 0 0 0 0 1 li ul study-areas 15 0
Evidence O evidence 0 0 0 0 0 0 1 li ul study-areas 15 0

Medicine O medicine 0 0 0 0 0 0 1 li ul study-areas 15 0
and O and 0 1 0 0 0 0 0 li ul study-areas 15 0
Device O device 0 0 0 0 0 0 1 li ul study-areas 15 0
Surveillance O surveillance 0 0 0 0 0 0 1 li ul study-areas 15 0
CRE O cre 0 0 0 0 0 0 1 li ul study-areas 15 0

Quality O quality 0 0 0 0 0 0 1 li ul study-areas 15 0
Use O use 0 1 0 0 0 0 1 li ul study-areas 15 0
of O of 0 1 0 0 0 0 0 li ul study-areas 15 0
Medicines O medicines 0 0 0 0 0 0 1 li ul study-areas 15 0
and O and 0 1 0 0 0 0 0 li ul study-areas 15 0
Pharmacy O pharmacy 0 0 0 0 0 0 1 li ul study-areas 15 0
Research O research 0 1 0 0 0 0 1 li ul study-areas 15 0
Centre O centre 0 1 0 0 0 0 1 li ul study-areas 15 0

UniSA O unisa 0 0 0 0 0 0 1 li ul sctn 12 0

Business O business 0 0 0 0 0 0 1 li ul sctn 12 0
School O school 0 1 0 0 0 0 1 li ul sctn 12 0

Schools O schools 0 0 0 0 0 0 1 li ul heading 15 0

Commerce O commerce 0 0 0 0 0 0 1 li ul study-areas 15 0

Law O law 0 1 0 0 0 0 1 li ul study-areas 15 0

Management O management 0 1 0 0 0 0 1 li ul study-areas 15 0

Marketing O marketing 0 0 0 0 0 0 1 li ul study-areas 15 0

Research O research 0 1 0 0 0 0 1 li ul heading 15 0
institutes O institutes 0 0 0 0 0 0 0 li ul heading 15 0

Ehrenberg O ehrenberg 0 1 0 0 0 0 1 li ul study-areas 15 0
- O - 0 0 0 0 0 0 0 li ul study-areas 15 0
Bass O bass 0 1 0 0 0 0 1 li ul study-areas 15 0
Institute O institute 0 0 0 0 0 0 1 li ul study-areas 15 0
for O for 0 1 0 0 0 0 0 li ul study-areas 15 0
Marketing O marketing 0 0 0 0 0 0 1 li ul study-areas 15 0
Science O science 0 0 0 0 0 0 1 li ul study-areas 15 0

Research O research 0 1 0 0 0 0 1 li ul heading 15 0
centres O centres 0 0 0 0 0 0 0 li ul heading 15 0

Centre O centre 0 1 0 0 0 0 1 li ul study-areas 15 0
for O for 0 1 0 0 0 0 0 li ul study-areas 15 0
Tourism O tourism 0 0 0 0 0 0 1 li ul study-areas 15 0
and O and 0 1 0 0 0 0 0 li ul study-areas 15 0
Leisure O leisure 0 0 0 0 0 0 1 li ul study-areas 15 0
Management O management 0 1 0 0 0 0 1 li ul study-areas 15 0

Centre O centre 0 1 0 0 0 0 1 li ul study-areas 15 0
for O for 0 1 0 0 0 0 0 li ul study-areas 15 0
Workplace O workplace 0 0 0 0 0 0 1 li ul study-areas 15 0
Excellence O excellence 0 0 0 0 0 0 1 li ul study-areas 15 0

Institute O institute 0 0 0 0 0 0 1 li ul study-areas 15 0
for O for 0 1 0 0 0 0 0 li ul study-areas 15 0
Choice O choice 0 0 0 0 0 0 1 li ul study-areas 15 0

Education O education 0 0 0 0 0 0 1 li ul sctn 12 0
, O , 0 0 0 0 0 0 0 li ul sctn 12 0
Arts O arts 0 1 0 0 0 0 1 li ul sctn 12 0

and O and 0 1 0 0 0 0 0 li ul sctn 12 0
Social O social 0 0 0 0 0 0 1 li ul sctn 12 0
Sciences O sciences 0 0 0 0 0 0 1 li ul sctn 12 0

Schools O schools 0 0 0 0 0 0 1 li ul heading 15 0

Art O art 0 1 0 0 0 0 1 li ul study-areas 15 0
, O , 0 0 0 0 0 0 0 li ul study-areas 15 0
Architecture O architecture 0 0 0 0 0 0 1 li ul study-areas 15 0
and O and 0 1 0 0 0 0 0 li ul study-areas 15 0
Design O design 0 0 0 0 0 0 1 li ul study-areas 15 0

Communication O communication 0 0 0 0 0 0 1 li ul study-areas 15 0
, O , 0 0 0 0 0 0 0 li ul study-areas 15 0
International O international 0 0 0 0 0 0 1 li ul study-areas 15 0
Studies O studies 0 0 0 0 0 0 1 li ul study-areas 15 0
and O and 0 1 0 0 0 0 0 li ul study-areas 15 0
Languages O languages 0 0 0 0 0 0 1 li ul study-areas 15 0

Education O education 0 0 0 0 0 0 1 li ul study-areas 15 0

Psychology O psychology 0 0 0 0 0 0 1 li ul study-areas 15 0
, O , 0 0 0 0 0 0 0 li ul study-areas 15 0
Social O social 0 0 0 0 0 0 1 li ul study-areas 15 0
Work O work 0 1 0 0 0 0 1 li ul study-areas 15 0
and O and 0 1 0 0 0 0 0 li ul study-areas 15 0
Social O social 0 0 0 0 0 0 1 li ul study-areas 15 0
Policy O policy 0 0 0 0 0 0 1 li ul study-areas 15 0

Research O research 0 1 0 0 0 0 1 li ul heading 15 0
institutes O institutes 0 0 0 0 0 0 0 li ul heading 15 0

Hawke O hawke 0 1 0 0 0 0 1 li ul study-areas 15 0
Research O research 0 1 0 0 0 0 1 li ul study-areas 15 0
Institute O institute 0 0 0 0 0 0 1 li ul study-areas 15 0

Research O research 0 1 0 0 0 0 1 li ul heading 15 0
centres O centres 0 0 0 0 0 0 0 li ul heading 15 0

Asia O asia 0 1 0 0 0 0 1 li ul study-areas 15 0
Pacific O pacific 0 1 0 0 0 0 1 li ul study-areas 15 0
Centre O centre 0 1 0 0 0 0 1 li ul study-areas 15 0
for O for 0 1 0 0 0 0 0 li ul study-areas 15 0
Work O work 0 1 0 0 0 0 1 li ul study-areas 15 0
Health O health 0 1 0 0 0 0 1 li ul study-areas 15 0
and O and 0 1 0 0 0 0 0 li ul study-areas 15 0
Safety O safety 0 0 0 0 0 0 1 li ul study-areas 15 0

Australian O australian 0 0 0 0 0 0 1 li ul study-areas 15 0
Centre O centre 0 1 0 0 0 0 1 li ul study-areas 15 0
for O for 0 1 0 0 0 0 0 li ul study-areas 15 0
Child O child 0 1 0 0 0 0 1 li ul study-areas 15 0
Protection O protection 0 0 0 0 0 0 1 li ul study-areas 15 0

Barbara O barbara 0 1 0 0 0 0 1 li ul study-areas 15 0
Hardy O hardy 0 1 0 0 0 0 1 li ul study-areas 15 0
Institute O institute 0 0 0 0 0 0 1 li ul study-areas 15 0

Centre O centre 0 1 0 0 0 0 1 li ul study-areas 15 0
for O for 0 1 0 0 0 0 0 li ul study-areas 15 0
Research O research 0 1 0 0 0 0 1 li ul study-areas 15 0
in O in 0 1 0 0 0 0 0 li ul study-areas 15 0
Education O education 0 0 0 0 0 0 1 li ul study-areas 15 0

Hawke O hawke 0 1 0 0 0 0 1 li ul study-areas 15 0
EU O eu 0 0 0 0 0 0 1 li ul study-areas 15 0
Centre O centre 0 1 0 0 0 0 1 li ul study-areas 15 0
for O for 0 1 0 0 0 0 0 li ul study-areas 15 0
Mobilities O mobilities 0 0 0 0 0 0 1 li ul study-areas 15 0
, O , 0 0 0 0 0 0 0 li ul study-areas 15 0
Migrations O migrations 0 0 0 0 0 0 1 li ul study-areas 15 0
and O and 0 1 0 0 0 0 0 li ul study-areas 15 0
Cultural O cultural 0 0 0 0 0 0 1 li ul study-areas 15 0
Transformations O transformations 0 0 0 0 0 0 1 li ul study-areas 15 0

Centre O centre 0 1 0 0 0 0 1 li ul study-areas 15 0
for O for 0 1 0 0 0 0 0 li ul study-areas 15 0
Islamic O islamic 0 0 0 0 0 0 1 li ul study-areas 15 0
Thought O thought 0 0 0 0 0 0 1 li ul study-areas 15 0
and O and 0 1 0 0 0 0 0 li ul study-areas 15 0
Education O education 0 0 0 0 0 0 1 li ul study-areas 15 0

International O international 0 0 0 0 0 0 1 li ul study-areas 15 0
Centre O centre 0 1 0 0 0 0 1 li ul study-areas 15 0
for O for 0 1 0 0 0 0 0 li ul study-areas 15 0
Muslim O muslim 0 1 0 0 1 0 1 li ul study-areas 15 0
and O and 0 1 0 0 0 0 0 li ul study-areas 15 0
non O non 0 0 0 0 0 0 0 li ul study-areas 15 0
- O - 0 0 0 0 0 0 0 li ul study-areas 15 0
Muslim O muslim 0 1 0 0 1 0 1 li ul study-areas 15 0
Understanding O understanding 0 0 0 0 0 0 1 li ul study-areas 15 0

Research O research 0 1 0 0 0 0 1 li ul study-areas 15 0
Centre O centre 0 1 0 0 0 0 1 li ul study-areas 15 0
for O for 0 1 0 0 0 0 0 li ul study-areas 15 0
Languages O languages 0 0 0 0 0 0 1 li ul study-areas 15 0
and O and 0 1 0 0 0 0 0 li ul study-areas 15 0
Cultures O cultures 0 0 0 0 0 0 1 li ul study-areas 15 0

Zero O zero 0 1 0 0 0 0 1 li ul study-areas 15 0
Waste O waste 0 0 0 0 0 0 1 li ul study-areas 15 0
SA O sa 0 0 0 0 0 0 1 li ul study-areas 15 0
Research O research 0 1 0 0 0 0 1 li ul study-areas 15 0
Centre O centre 0 1 0 0 0 0 1 li ul study-areas 15 0
for O for 0 1 0 0 0 0 0 li ul study-areas 15 0
Sustainable O sustainable 0 0 0 0 0 0 1 li ul study-areas 15 0
Design O design 0 0 0 0 0 0 1 li ul study-areas 15 0
and O and 0 1 0 0 0 0 0 li ul study-areas 15 0
Behaviour O behaviour 0 0 0 0 0 0 1 li ul study-areas 15 0
( O ( 0 0 0 0 0 0 0 li ul study-areas 15 0
sd+b O sd+b 0 0 0 0 0 0 0 li ul study-areas 15 0
) O ) 0 0 0 0 0 0 0 li ul study-areas 15 0

IT O it 0 0 0 0 0 0 1 li ul sctn 12 0
, O , 0 0 0 0 0 0 0 li ul sctn 12 0
Engineering O engineering 0 0 0 0 0 0 1 li ul sctn 12 0
and O and 0 1 0 0 0 0 0 li ul sctn 12 0

the O the 0 1 0 0 0 0 0 li ul sctn 12 0
Environment O environment 0 0 0 0 0 0 1 li ul sctn 12 0

Schools O schools 0 0 0 0 0 0 1 li ul heading 15 0

Engineering O engineering 0 0 0 0 0 0 1 li ul study-areas 15 0

Information O information 0 1 0 0 0 0 1 li ul study-areas 15 0
Technology O technology 0 0 0 0 0 0 1 li ul study-areas 15 0
& O & 0 0 0 0 0 0 0 li ul study-areas 15 0
Mathematical O mathematical 0 0 0 0 0 0 1 li ul study-areas 15 0
Sciences O sciences 0 0 0 0 0 0 1 li ul study-areas 15 0

Natural O natural 0 0 0 0 0 0 1 li ul study-areas 15 0
and O and 0 1 0 0 0 0 0 li ul study-areas 15 0
Built O built 0 0 0 0 0 0 1 li ul study-areas 15 0
Environments O environments 0 0 0 0 0 0 1 li ul study-areas 15 0

Research O research 0 1 0 0 0 0 1 li ul heading 15 0
institutes O institutes 0 0 0 0 0 0 0 li ul heading 15 0

Future O future 0 0 0 0 0 0 1 li ul study-areas 15 0
Industries O industries 0 0 0 0 0 0 1 li ul study-areas 15 0
Institute O institute 0 0 0 0 0 0 1 li ul study-areas 15 0

Research O research 0 1 0 0 0 0 1 li ul heading 15 0
centres O centres 0 0 0 0 0 0 0 li ul heading 15 0

Advanced O advanced 0 0 0 0 0 0 1 li ul study-areas 15 0
Computing O computing 0 0 0 0 0 0 1 li ul study-areas 15 0
Research O research 0 1 0 0 0 0 1 li ul study-areas 15 0
Centre O centre 0 1 0 0 0 0 1 li ul study-areas 15 0

Centre O centre 0 1 0 0 0 0 1 li ul study-areas 15 0
for O for 0 1 0 0 0 0 0 li ul study-areas 15 0
Industrial O industrial 0 0 0 0 0 0 1 li ul study-areas 15 0
and O and 0 1 0 0 0 0 0 li ul study-areas 15 0
Applied O applied 0 0 0 0 0 0 1 li ul study-areas 15 0
Mathematics O mathematics 0 0 0 0 0 0 1 li ul study-areas 15 0

Defence O defence 0 0 0 0 0 0 1 li ul study-areas 15 0
and O and 0 1 0 0 0 0 0 li ul study-areas 15 0
Systems O systems 0 0 0 0 0 0 1 li ul study-areas 15 0
Institute O institute 0 0 0 0 0 0 1 li ul study-areas 15 0

Natural O natural 0 0 0 0 0 0 1 li ul study-areas 15 0
and O and 0 1 0 0 0 0 0 li ul study-areas 15 0
Built O built 0 0 0 0 0 0 1 li ul study-areas 15 0
Environments O environments 0 0 0 0 0 0 1 li ul study-areas 15 0
Research O research 0 1 0 0 0 0 1 li ul study-areas 15 0
Centre O centre 0 1 0 0 0 0 1 li ul study-areas 15 0

Institute O institute 0 0 0 0 0 0 1 li ul study-areas 15 0
for O for 0 1 0 0 0 0 0 li ul study-areas 15 0
Telecommunications O telecommunications 0 0 0 0 0 0 1 li ul study-areas 15 0
Research O research 0 1 0 0 0 0 1 li ul study-areas 15 0

Phenomics O phenomics 0 0 0 0 0 0 1 li ul study-areas 15 0
and O and 0 1 0 0 0 0 0 li ul study-areas 15 0
Bioinformatics O bioinformatics 0 0 0 0 0 0 1 li ul study-areas 15 0
Research O research 0 1 0 0 0 0 1 li ul study-areas 15 0
Centre O centre 0 1 0 0 0 0 1 li ul study-areas 15 0

UniSA O unisa 0 0 0 0 0 0 1 li ul sctn 12 0

College O college 0 0 0 0 0 0 1 li ul sctn 12 0

Schools O schools 0 0 0 0 0 0 1 li ul heading 15 0

UniSA O unisa 0 0 0 0 0 0 1 li ul study-areas 15 0
College O college 0 0 0 0 0 0 1 li ul study-areas 15 0

Research O research 0 1 0 0 0 0 1 li ul heading 15 0
institutes O institutes 0 0 0 0 0 0 0 li ul heading 15 0

Research O research 0 1 0 0 0 0 1 li ul heading 15 0
centres O centres 0 0 0 0 0 0 0 li ul heading 15 0

Contact O contact 0 0 0 0 0 0 1 div div col12-12-12-12 11 0
us O us 0 1 0 0 0 0 0 div div col12-12-12-12 11 0

Enquire O enquire 0 0 0 0 0 0 1 li ul nav-list 13 0
online O online 0 0 0 0 0 0 0 li ul nav-list 13 0

International O international 0 0 0 0 0 0 1 h4 div col12-12-12-12 12 0
Students O students 0 0 0 0 0 0 1 h4 div col12-12-12-12 12 0

+618 O +618 0 0 0 1 0 0 0 li ul nav-list 13 0
8302 O 8302 0 0 0 1 0 0 0 li ul nav-list 13 0
0114 O 0114 0 0 0 1 0 0 0 li ul nav-list 13 0

Further O further 0 0 0 0 0 0 1 li ul nav-list 13 0
contact O contact 0 0 0 0 0 0 0 li ul nav-list 13 0
details O details 0 0 0 0 0 0 0 li ul nav-list 13 0

Australian O australian 0 0 0 0 0 0 1 h4 div col12-12-12-12 12 0
Students O students 0 0 0 0 0 0 1 h4 div col12-12-12-12 12 0

08 O 08 0 0 0 1 0 0 0 li ul nav-list 13 0
8302 O 8302 0 0 0 1 0 0 0 li ul nav-list 13 0
2376 O 2376 0 0 0 1 0 0 0 li ul nav-list 13 0

General O general 0 1 0 0 0 0 1 div div col12-12-12-12 11 0
Enquiries O enquiries 0 0 0 0 0 0 1 div div col12-12-12-12 11 0

08 O 08 0 0 0 1 0 0 0 li ul nav-list 13 0
8302 O 8302 0 0 0 1 0 0 0 li ul nav-list 13 0
6611 O 6611 0 0 0 1 0 0 0 li ul nav-list 13 0

Further O further 0 0 0 0 0 0 1 li ul nav-list 13 0
contact O contact 0 0 0 0 0 0 0 li ul nav-list 13 0
details O details 0 0 0 0 0 0 0 li ul nav-list 13 0

Links O links 0 1 0 0 0 0 1 div div col12-12-12-12 11 0
& O & 0 0 0 0 0 0 0 div div col12-12-12-12 11 0
legal O legal 0 0 0 0 0 0 0 div div col12-12-12-12 11 0

CRICOS O cricos 0 0 0 0 0 0 1 li ul nav-list 13 0
Provider O provider 0 0 0 0 0 0 1 li ul nav-list 13 0
no O no 0 1 0 0 0 0 0 li ul nav-list 13 0
00121B O 00121b 0 0 0 1 0 0 0 li ul nav-list 13 0

Web O web 0 1 0 0 0 0 1 li ul nav-list 13 0
accessibility O accessibility 0 0 0 0 0 0 0 li ul nav-list 13 0

Disclaimers O disclaimers 0 0 0 0 0 0 1 li ul nav-list 13 0

Privacy O privacy 0 0 0 0 0 0 1 li ul nav-list 13 0
Statement O statement 0 0 0 0 0 0 1 li ul nav-list 13 0

Copyright O copyright 0 0 0 0 0 0 1 li ul nav-list 13 0

Connect O connect 0 0 0 0 0 0 1 li ul nav-bar 12 0
with O with 0 0 0 0 0 0 0 li ul nav-bar 12 0
UniSA O unisa 0 0 0 0 0 0 1 li ul nav-bar 12 0

Facebook O facebook 0 0 0 0 0 0 1 a li visuallyhidden 13 0

Twitter O twitter 0 0 0 0 0 0 1 a li visuallyhidden 13 0

LinkedIn O linkedin 0 0 0 0 0 0 1 a li visuallyhidden 13 0

YouTube O youtube 0 0 0 0 0 0 1 a li visuallyhidden 13 0

Instagram O instagram 0 0 0 0 0 0 1 a li visuallyhidden 13 0

UniSA O unisa 0 0 0 0 0 0 1 p div col12-12-6-6 11 2
respects O respects 0 0 0 0 0 0 0 p div col12-12-6-6 11 2
the O the 0 1 0 0 0 0 0 p div col12-12-6-6 11 2
Kaurna O kaurna 0 0 0 0 0 0 1 p div col12-12-6-6 11 2
, O , 0 0 0 0 0 0 0 p div col12-12-6-6 11 2
Boandik O boandik 0 0 0 0 0 0 1 p div col12-12-6-6 11 2
and O and 0 1 0 0 0 0 0 p div col12-12-6-6 11 2
Barngarla O barngarla 0 0 0 0 0 0 1 p div col12-12-6-6 11 2
peoples’ O peoples’ 0 0 0 0 0 0 0 p div col12-12-6-6 11 2
spiritual O spiritual 0 0 0 0 0 0 0 p div col12-12-6-6 11 2
relationship O relationship 0 0 0 0 0 0 0 p div col12-12-6-6 11 2
with O with 0 0 0 0 0 0 0 p div col12-12-6-6 11 2
their O their 0 0 0 0 0 0 0 p div col12-12-6-6 11 2
country. O country. 0 0 0 0 0 0 0 p div col12-12-6-6 11 2
