People O people 0 1 0 0 0 0 1 head html no-js 5 0
| O | 0 0 0 0 0 0 0 head html no-js 5 0
IC O ic 0 0 0 0 0 0 1 head html no-js 5 0

Skip O skip 0 1 0 0 0 0 1 nav div focusable 7 0
to O to 0 0 0 0 0 0 0 nav div focusable 7 0
content O content 0 0 0 0 0 0 0 nav div focusable 7 0
Skip O skip 0 1 0 0 0 0 1 nav div focusable 7 1
to O to 0 0 0 0 0 0 0 nav div focusable 7 1
navigation O navigation 0 0 0 0 0 0 0 nav div focusable 7 1

EPFL O epfl 0 0 0 0 0 0 1 a div visuallyhidden 10 0
Homepage O homepage 0 0 0 0 0 0 1 a div visuallyhidden 10 0

Search O search 0 0 0 0 0 0 1 a div visuallyhidden 10 0

Search O search 0 0 0 0 0 0 1 div form visuallyhidden 12 0
query O query 0 0 0 0 0 0 0 div form visuallyhidden 12 0

Search O search 0 0 0 0 0 0 1 button div visuallyhidden 13 1

School O school 0 1 0 0 0 0 1 span a adjustSize 11 0
of O of 0 1 0 0 0 0 0 span a adjustSize 11 0
Computer O computer 0 0 0 0 0 0 1 span a adjustSize 11 0
and O and 0 1 0 0 0 0 0 span a adjustSize 11 0
Communication O communication 0 0 0 0 0 0 1 span a adjustSize 11 0
Sciences O sciences 0 0 0 0 0 0 1 span a adjustSize 11 0

IC O ic 0 0 0 0 0 0 1 span a visuallyhidden-xxs 11 1

EPFL O epfl 0 0 0 0 0 0 1 a li nav-link 12 0

School O school 0 1 0 0 0 0 1 li ol nav-link 11 0
of O of 0 1 0 0 0 0 0 li ol nav-link 11 0
Computer O computer 0 0 0 0 0 0 1 li ol nav-link 11 0
and O and 0 1 0 0 0 0 0 li ol nav-link 11 0
Communication O communication 0 0 0 0 0 0 1 li ol nav-link 11 0
Sciences O sciences 0 0 0 0 0 0 1 li ol nav-link 11 0

IC O ic 0 0 0 0 0 0 1 li ol nav-link 11 0
School O school 0 1 0 0 0 0 1 li ol nav-link 11 0

People O people 0 1 0 0 0 0 1 li ol nav-link 11 0

29178 O 29178 0 0 0 1 0 0 0 nav header bcnav 9 10

English O english 0 1 0 0 0 0 1 a li visuallyhidden-xs 12 0

français O francais 0 0 0 0 0 0 0 a li visuallyhidden-xs 12 0

Go O go 0 1 0 0 0 0 1 div header visible-xs 9 0
to O to 0 0 0 0 0 0 0 div header visible-xs 9 0

Homepage O homepage 0 0 0 0 0 0 1 a li visuallyhidden 13 1

Computer O computer 0 0 0 0 0 0 1 li ul first-element 12 0
Science O science 0 0 0 0 0 0 1 li ul first-element 12 0

Computer O computer 0 0 0 0 0 0 1 li ul double-first-element 14 0
Science O science 0 0 0 0 0 0 1 li ul double-first-element 14 0

High O high 0 1 0 0 0 0 1 li ul  14 0
School O school 0 1 0 0 0 0 1 li ul  14 0
visits O visits 0 0 0 0 0 0 0 li ul  14 0
2017 O 2017 0 0 0 1 0 0 0 li ul  14 0

Student O student 0 1 0 0 0 0 1 li ul  14 0
Achievements O achievements 0 0 0 0 0 0 1 li ul  14 0

Description O description 0 0 0 0 0 0 1 li ul  14 0
of O of 0 1 0 0 0 0 0 li ul  14 0
the O the 0 1 0 0 0 0 0 li ul  14 0
Studies O studies 0 0 0 0 0 0 1 li ul  14 0

Contacts O contacts 0 0 0 0 0 0 1 li ul  14 0
and O and 0 1 0 0 0 0 0 li ul  14 0
organization O organization 0 0 0 0 0 0 0 li ul  14 0

Computer O computer 0 0 0 0 0 0 1 li ul  16 0
Science O science 0 0 0 0 0 0 1 li ul  16 0
teachers O teachers 0 0 0 0 0 0 0 li ul  16 0

Student O student 0 1 0 0 0 0 1 li ul  16 0
representatives O representatives 0 0 0 0 0 0 0 li ul  16 0

Teaching O teaching 0 0 0 0 0 0 1 li ul  16 0
committee O committee 0 0 0 0 0 0 0 li ul  16 0

Council O council 0 1 0 0 0 0 1 li ul  16 0
members O members 0 0 0 0 0 0 0 li ul  16 0

Bachelor O bachelor 0 1 0 0 0 0 1 li ul  14 0

1st O 1st 0 0 0 1 0 0 0 li ul  16 0
preparatory O preparatory 0 0 0 0 0 0 0 li ul  16 0
year O year 0 0 0 0 0 0 0 li ul  16 0

Study O study 0 1 0 0 0 0 1 li ul  16 0
plan O plan 0 0 0 0 0 0 0 li ul  16 0
1st O 1st 0 0 0 1 0 0 0 li ul  16 0
year O year 0 0 0 0 0 0 0 li ul  16 0

Study O study 0 1 0 0 0 0 1 li ul  16 0
plan O plan 0 0 0 0 0 0 0 li ul  16 0
2nd O 2nd 0 0 0 1 0 0 0 li ul  16 0
- O - 0 0 0 0 0 0 0 li ul  16 0
3rd O 3rd 0 0 0 1 0 0 0 li ul  16 0
years O years 0 0 0 0 0 0 0 li ul  16 0

Mandatory O mandatory 0 0 0 0 0 0 1 li ul  18 0
and O and 0 1 0 0 0 0 0 li ul  18 0
optional O optional 0 0 0 0 0 0 0 li ul  18 0
Tracks O tracks 0 0 0 0 0 0 1 li ul  18 0

Semester O semester 0 0 0 0 0 0 1 li ul  16 0
project O project 0 0 0 0 0 0 0 li ul  16 0

Projects O projects 0 0 0 0 0 0 1 li ul  18 0
by O by 0 1 0 0 0 0 0 li ul  18 0
laboratory O laboratory 0 0 0 0 0 0 0 li ul  18 0

Main O main 0 1 0 0 0 0 1 li ul  16 0
prerequisite O prerequisite 0 0 0 0 0 0 0 li ul  16 0
courses O courses 0 0 0 0 0 0 0 li ul  16 0

While O while 0 1 0 0 0 0 1 li ul  16 0
studying O studying 0 0 0 0 0 0 0 li ul  16 0

Recommendations O recommendations 0 0 0 0 0 0 1 li ul  18 0
for O for 0 1 0 0 0 0 0 li ul  18 0
Your O your 0 0 0 0 0 0 1 li ul  18 0
Personal O personal 0 1 0 0 0 0 1 li ul  18 0
Computer O computer 0 0 0 0 0 0 1 li ul  18 0

Master O master 0 1 0 0 1 0 1 li ul  14 0

Study O study 0 1 0 0 0 0 1 li ul  16 0
plan O plan 0 0 0 0 0 0 0 li ul  16 0

Changing O changing 0 0 0 0 0 0 1 li ul  16 0
Master O master 0 1 0 0 1 0 1 li ul  16 0
program O program 0 0 0 0 0 0 0 li ul  16 0

UAS/HES O uas/hes 0 0 0 0 0 0 1 li ul  16 0
Pathway O pathway 0 0 0 0 0 0 1 li ul  16 0

Main O main 0 1 0 0 0 0 1 li ul  16 0
prerequisite O prerequisite 0 0 0 0 0 0 0 li ul  16 0
courses O courses 0 0 0 0 0 0 0 li ul  16 0

While O while 0 1 0 0 0 0 1 li ul  16 0
studying O studying 0 0 0 0 0 0 0 li ul  16 0

Specializations O specializations 0 0 0 0 0 0 1 li ul  16 0

Minors O minors 0 1 0 0 0 0 1 li ul  16 0

Semester O semester 0 0 0 0 0 0 1 li ul  16 0
project O project 0 0 0 0 0 0 0 li ul  16 0

Projects O projects 0 0 0 0 0 0 1 li ul  18 0
by O by 0 1 0 0 0 0 0 li ul  18 0
laboratory O laboratory 0 0 0 0 0 0 0 li ul  18 0

Master O master 0 1 0 0 1 0 1 li ul  16 0
projects O projects 0 0 0 0 0 0 0 li ul  16 0

Projects O projects 0 0 0 0 0 0 1 li ul  18 0
by O by 0 1 0 0 0 0 0 li ul  18 0
laboratory O laboratory 0 0 0 0 0 0 0 li ul  18 0

Master O master 0 1 0 0 1 0 1 li ul  18 0
' O ' 0 0 0 0 0 0 0 li ul  18 0
s O s 0 0 0 0 0 0 0 li ul  18 0
project O project 0 0 0 0 0 0 0 li ul  18 0
expectations O expectations 0 0 0 0 0 0 0 li ul  18 0

Research O research 0 1 0 0 0 0 1 li ul  16 0
Scholars O scholars 0 0 0 0 0 0 1 li ul  16 0
MSc O msc 0 0 0 0 0 0 1 li ul  16 0
Program O program 0 0 0 0 0 0 1 li ul  16 0

Internships O internships 0 0 0 0 0 0 1 li ul  14 0

Summer@EPFL O summer@epfl 0 0 0 0 0 0 1 li ul  14 0

Communication O communication 0 0 0 0 0 0 1 li ul first-element 12 0
Systems O systems 0 0 0 0 0 0 1 li ul first-element 12 0

Communication O communication 0 0 0 0 0 0 1 li ul double-first-element 14 0
Systems O systems 0 0 0 0 0 0 1 li ul double-first-element 14 0

High O high 0 1 0 0 0 0 1 li ul  14 0
School O school 0 1 0 0 0 0 1 li ul  14 0
visits O visits 0 0 0 0 0 0 0 li ul  14 0
2017 O 2017 0 0 0 1 0 0 0 li ul  14 0

Student O student 0 1 0 0 0 0 1 li ul  14 0
Achievements O achievements 0 0 0 0 0 0 1 li ul  14 0

Description O description 0 0 0 0 0 0 1 li ul  14 0
of O of 0 1 0 0 0 0 0 li ul  14 0
the O the 0 1 0 0 0 0 0 li ul  14 0
Studies O studies 0 0 0 0 0 0 1 li ul  14 0

Contacts O contacts 0 0 0 0 0 0 1 li ul  14 0
and O and 0 1 0 0 0 0 0 li ul  14 0
organization O organization 0 0 0 0 0 0 0 li ul  14 0

Communication O communication 0 0 0 0 0 0 1 li ul  16 0
Systems O systems 0 0 0 0 0 0 1 li ul  16 0
teachers O teachers 0 0 0 0 0 0 0 li ul  16 0

Students O students 0 0 0 0 0 0 1 li ul  16 0
representatives O representatives 0 0 0 0 0 0 0 li ul  16 0

Teaching O teaching 0 0 0 0 0 0 1 li ul  16 0
committee O committee 0 0 0 0 0 0 0 li ul  16 0

Program O program 0 0 0 0 0 0 1 li ul  16 0
council O council 0 0 0 0 0 0 0 li ul  16 0
members O members 0 0 0 0 0 0 0 li ul  16 0

Bachelor O bachelor 0 1 0 0 0 0 1 li ul  14 0

1st O 1st 0 0 0 1 0 0 0 li ul  16 0
preparatory O preparatory 0 0 0 0 0 0 0 li ul  16 0
year O year 0 0 0 0 0 0 0 li ul  16 0

Study O study 0 1 0 0 0 0 1 li ul  16 0
plan O plan 0 0 0 0 0 0 0 li ul  16 0
1st O 1st 0 0 0 1 0 0 0 li ul  16 0
year O year 0 0 0 0 0 0 0 li ul  16 0

Study O study 0 1 0 0 0 0 1 li ul  16 0
plan O plan 0 0 0 0 0 0 0 li ul  16 0
2nd O 2nd 0 0 0 1 0 0 0 li ul  16 0
- O - 0 0 0 0 0 0 0 li ul  16 0
3rd O 3rd 0 0 0 1 0 0 0 li ul  16 0
years O years 0 0 0 0 0 0 0 li ul  16 0

Mandatory O mandatory 0 0 0 0 0 0 1 li ul  18 0
and O and 0 1 0 0 0 0 0 li ul  18 0
optional O optional 0 0 0 0 0 0 0 li ul  18 0
Tracks O tracks 0 0 0 0 0 0 1 li ul  18 0

Semester O semester 0 0 0 0 0 0 1 li ul  16 0
project O project 0 0 0 0 0 0 0 li ul  16 0

Project O project 0 1 0 0 0 0 1 li ul  18 0
by O by 0 1 0 0 0 0 0 li ul  18 0
laboratory O laboratory 0 0 0 0 0 0 0 li ul  18 0

Main O main 0 1 0 0 0 0 1 li ul  16 0
prerequisite O prerequisite 0 0 0 0 0 0 0 li ul  16 0
courses O courses 0 0 0 0 0 0 0 li ul  16 0

While O while 0 1 0 0 0 0 1 li ul  16 0
studying O studying 0 0 0 0 0 0 0 li ul  16 0

Recommendations O recommendations 0 0 0 0 0 0 1 li ul  18 0
for O for 0 1 0 0 0 0 0 li ul  18 0
Your O your 0 0 0 0 0 0 1 li ul  18 0
Personal O personal 0 1 0 0 0 0 1 li ul  18 0
Computer O computer 0 0 0 0 0 0 1 li ul  18 0

Master O master 0 1 0 0 1 0 1 li ul  14 0

Study O study 0 1 0 0 0 0 1 li ul  16 0
plan O plan 0 0 0 0 0 0 0 li ul  16 0

Changing O changing 0 0 0 0 0 0 1 li ul  16 0
Master O master 0 1 0 0 1 0 1 li ul  16 0
program O program 0 0 0 0 0 0 0 li ul  16 0

UAS/HES O uas/hes 0 0 0 0 0 0 1 li ul  16 0
Pathway O pathway 0 0 0 0 0 0 1 li ul  16 0

Main O main 0 1 0 0 0 0 1 li ul  16 0
prerequisite O prerequisite 0 0 0 0 0 0 0 li ul  16 0
courses O courses 0 0 0 0 0 0 0 li ul  16 0

While O while 0 1 0 0 0 0 1 li ul  16 0
studying O studying 0 0 0 0 0 0 0 li ul  16 0

Specializations O specializations 0 0 0 0 0 0 1 li ul  16 0

Minors O minors 0 1 0 0 0 0 1 li ul  16 0

Semester O semester 0 0 0 0 0 0 1 li ul  16 0
project O project 0 0 0 0 0 0 0 li ul  16 0

Project O project 0 1 0 0 0 0 1 li ul  18 0
by O by 0 1 0 0 0 0 0 li ul  18 0
laboratory O laboratory 0 0 0 0 0 0 0 li ul  18 0

Master O master 0 1 0 0 1 0 1 li ul  16 0
projects O projects 0 0 0 0 0 0 0 li ul  16 0

Project O project 0 1 0 0 0 0 1 li ul  18 0
by O by 0 1 0 0 0 0 0 li ul  18 0
laboratory O laboratory 0 0 0 0 0 0 0 li ul  18 0

Master O master 0 1 0 0 1 0 1 li ul  18 0
' O ' 0 0 0 0 0 0 0 li ul  18 0
s O s 0 0 0 0 0 0 0 li ul  18 0
project O project 0 0 0 0 0 0 0 li ul  18 0
expectations O expectations 0 0 0 0 0 0 0 li ul  18 0

Research O research 0 1 0 0 0 0 1 li ul  16 0
Scholars O scholars 0 0 0 0 0 0 1 li ul  16 0
MSc O msc 0 0 0 0 0 0 1 li ul  16 0
Program O program 0 0 0 0 0 0 1 li ul  16 0

Internships O internships 0 0 0 0 0 0 1 li ul  14 0

Summer@EPFL O summer@epfl 0 0 0 0 0 0 1 li ul  14 0

Master O master 0 1 0 0 1 0 1 li ul first-element 12 0
in O in 0 1 0 0 0 0 0 li ul first-element 12 0
Data O data 0 1 0 0 0 0 1 li ul first-element 12 0
Science O science 0 0 0 0 0 0 1 li ul first-element 12 0

Master O master 0 1 0 0 1 0 1 li ul double-first-element 14 0
in O in 0 1 0 0 0 0 0 li ul double-first-element 14 0
Data O data 0 1 0 0 0 0 1 li ul double-first-element 14 0
Science O science 0 0 0 0 0 0 1 li ul double-first-element 14 0

How O how 0 1 0 0 0 0 1 li ul  14 0
to O to 0 0 0 0 0 0 0 li ul  14 0
apply O apply 0 0 0 0 0 0 0 li ul  14 0

If O if 0 1 0 0 0 0 1 li ul  16 0
you O you 0 0 0 0 0 0 0 li ul  16 0
hold O hold 0 0 0 0 0 0 0 li ul  16 0
an O an 0 1 0 0 0 0 0 li ul  16 0
EPFL O epfl 0 0 0 0 0 0 1 li ul  16 0
Bachelor O bachelor 0 1 0 0 0 0 1 li ul  16 0
from O from 0 0 0 0 0 0 0 li ul  16 0
IC O ic 0 0 0 0 0 0 1 li ul  16 0
School O school 0 1 0 0 0 0 1 li ul  16 0

If O if 0 1 0 0 0 0 1 li ul  16 0
you O you 0 0 0 0 0 0 0 li ul  16 0
hold O hold 0 0 0 0 0 0 0 li ul  16 0
an O an 0 1 0 0 0 0 0 li ul  16 0
EPFL O epfl 0 0 0 0 0 0 1 li ul  16 0
Bachelor O bachelor 0 1 0 0 0 0 1 li ul  16 0

If O if 0 1 0 0 0 0 1 li ul  16 0
you O you 0 0 0 0 0 0 0 li ul  16 0
hold O hold 0 0 0 0 0 0 0 li ul  16 0
a O a 0 1 0 0 0 0 0 li ul  16 0
Bachelor O bachelor 0 1 0 0 0 0 1 li ul  16 0
from O from 0 0 0 0 0 0 0 li ul  16 0
any O any 0 1 0 0 0 0 0 li ul  16 0
other O other 0 0 0 0 0 0 0 li ul  16 0
university O university 0 0 0 0 0 0 0 li ul  16 0

Study O study 0 1 0 0 0 0 1 li ul  14 0
plan O plan 0 0 0 0 0 0 0 li ul  14 0

While O while 0 1 0 0 0 0 1 li ul  14 0
studying O studying 0 0 0 0 0 0 0 li ul  14 0

Minors O minors 0 1 0 0 0 0 1 li ul  14 0

Semester O semester 0 0 0 0 0 0 1 li ul  14 0
projects O projects 0 0 0 0 0 0 0 li ul  14 0

Project O project 0 1 0 0 0 0 1 li ul  16 0
by O by 0 1 0 0 0 0 0 li ul  16 0
laboratory O laboratory 0 0 0 0 0 0 0 li ul  16 0

Master O master 0 1 0 0 1 0 1 li ul  14 0
projects O projects 0 0 0 0 0 0 0 li ul  14 0

Project O project 0 1 0 0 0 0 1 li ul  16 0
by O by 0 1 0 0 0 0 0 li ul  16 0
laboratory O laboratory 0 0 0 0 0 0 0 li ul  16 0

Master O master 0 1 0 0 1 0 1 li ul  16 0
' O ' 0 0 0 0 0 0 0 li ul  16 0
s O s 0 0 0 0 0 0 0 li ul  16 0
project O project 0 0 0 0 0 0 0 li ul  16 0
expectations O expectations 0 0 0 0 0 0 0 li ul  16 0

Contacts O contacts 0 0 0 0 0 0 1 li ul  14 0

Internships O internships 0 0 0 0 0 0 1 li ul  14 0

Research O research 0 1 0 0 0 0 1 li ul first-element 12 0

Research O research 0 1 0 0 0 0 1 li ul double-first-element 14 0

Algorithms O algorithms 0 0 0 0 0 0 1 li ul  14 0
& O & 0 0 0 0 0 0 0 li ul  14 0
Theoretical O theoretical 0 0 0 0 0 0 1 li ul  14 0
Computer O computer 0 0 0 0 0 0 1 li ul  14 0
Science O science 0 0 0 0 0 0 1 li ul  14 0

Artificial O artificial 0 0 0 0 0 0 1 li ul  14 0
Intelligence O intelligence 0 0 0 0 0 0 1 li ul  14 0
& O & 0 0 0 0 0 0 0 li ul  14 0
Machine O machine 0 1 0 0 0 0 1 li ul  14 0
Learning O learning 0 1 0 0 0 0 1 li ul  14 0

Computational O computational 0 0 0 0 0 0 1 li ul  14 0
Biology O biology 0 0 0 0 0 0 1 li ul  14 0

Computer O computer 0 0 0 0 0 0 1 li ul  14 0
Architecture O architecture 0 0 0 0 0 0 1 li ul  14 0
& O & 0 0 0 0 0 0 0 li ul  14 0
Integrated O integrated 0 0 0 0 0 0 1 li ul  14 0
Systems O systems 0 0 0 0 0 0 1 li ul  14 0

Data O data 0 1 0 0 0 0 1 li ul  14 0
Management O management 0 1 0 0 0 0 1 li ul  14 0
& O & 0 0 0 0 0 0 0 li ul  14 0
Information O information 0 1 0 0 0 0 1 li ul  14 0
Retrieval O retrieval 0 0 0 0 0 0 1 li ul  14 0

Graphics O graphics 0 0 0 0 0 0 1 li ul  14 0
& O & 0 0 0 0 0 0 0 li ul  14 0
Vision O vision 0 1 0 0 0 0 1 li ul  14 0

Human O human 0 1 0 0 0 0 1 li ul  14 0
- O - 0 0 0 0 0 0 0 li ul  14 0
Computer O computer 0 0 0 0 0 0 1 li ul  14 0
Interaction O interaction 0 0 0 0 0 0 1 li ul  14 0

Information O information 0 1 0 0 0 0 1 li ul  14 0
& O & 0 0 0 0 0 0 0 li ul  14 0
Communication O communication 0 0 0 0 0 0 1 li ul  14 0
Theory O theory 0 0 0 0 0 0 1 li ul  14 0

Networking O networking 0 0 0 0 0 0 1 li ul  14 0

Programming O programming 0 1 0 0 0 0 1 li ul  14 0
Languages O languages 0 0 0 0 0 0 1 li ul  14 0
& O & 0 0 0 0 0 0 0 li ul  14 0
Formal O formal 0 0 0 0 0 0 1 li ul  14 0
Methods O methods 0 0 0 0 0 0 1 li ul  14 0

Security O security 0 0 0 0 0 0 1 li ul  14 0
& O & 0 0 0 0 0 0 0 li ul  14 0
Cryptography O cryptography 0 0 0 0 0 0 1 li ul  14 0

Signal O signal 0 1 0 0 0 0 1 li ul  14 0
& O & 0 0 0 0 0 0 0 li ul  14 0
Image O image 0 0 0 0 0 0 1 li ul  14 0
Processing O processing 0 0 0 0 0 0 1 li ul  14 0

Systems O systems 0 0 0 0 0 0 1 li ul  14 0

IC O ic 0 0 0 0 0 0 1 li ul first-element 12 0
School O school 0 1 0 0 0 0 1 li ul first-element 12 0

IC O ic 0 0 0 0 0 0 1 li ul double-first-element 14 0
School O school 0 1 0 0 0 0 1 li ul double-first-element 14 0

Dean O dean 0 1 0 0 0 0 1 li ul  14 0
' O ' 0 0 0 0 0 0 0 li ul  14 0
s O s 0 0 0 0 0 0 0 li ul  14 0
Office O office 0 0 0 0 0 0 1 li ul  14 0

Committees O committees 0 0 0 0 0 0 1 li ul  14 0

Section O section 0 1 0 0 0 0 1 li ul  14 0
Directors O directors 0 0 0 0 0 0 1 li ul  14 0

Alumni O alumni 0 0 0 0 0 0 1 li ul  14 0
in O in 0 1 0 0 0 0 0 li ul  14 0
Academia O academia 0 0 0 0 0 0 1 li ul  14 0

People O people 0 1 0 0 0 0 1 li ul  14 0

Recently O recently 0 0 0 0 0 0 1 li ul  16 0
nominated/hired O nominated/hired 0 0 0 0 0 0 0 li ul  16 0
people O people 0 0 0 0 0 0 0 li ul  16 0

Sabbaticals O sabbaticals 0 0 0 0 0 0 1 li ul  16 0
and O and 0 1 0 0 0 0 0 li ul  16 0
academic O academic 0 0 0 0 0 0 0 li ul  16 0
leaves O leaves 0 0 0 0 0 0 0 li ul  16 0

Visiting O visiting 0 0 0 0 0 0 1 li ul  16 0
Professors O professors 0 0 0 0 1 0 1 li ul  16 0

Awards O awards 0 0 0 0 0 0 1 li ul  16 0
and O and 0 1 0 0 0 0 0 li ul  16 0
Medals O medals 0 0 0 0 0 0 1 li ul  16 0

European O european 0 0 0 0 0 0 1 li ul  18 0
Research O research 0 1 0 0 0 0 1 li ul  18 0
Council O council 0 1 0 0 0 0 1 li ul  18 0
( O ( 0 0 0 0 0 0 0 li ul  18 0
ERC O erc 0 0 0 0 0 0 1 li ul  18 0
) O ) 0 0 0 0 0 0 0 li ul  18 0
Grants O grants 0 0 0 0 0 0 1 li ul  18 0

Books O books 0 0 0 0 0 0 1 li ul  16 0
by O by 0 1 0 0 0 0 0 li ul  16 0
IC O ic 0 0 0 0 0 0 1 li ul  16 0
School O school 0 1 0 0 0 0 1 li ul  16 0
members O members 0 0 0 0 0 0 0 li ul  16 0

Student O student 0 1 0 0 0 0 1 li ul  14 0
Achievements O achievements 0 0 0 0 0 0 1 li ul  14 0

Tech O tech 0 1 0 0 0 0 1 li ul  14 0
transfer O transfer 0 0 0 0 0 0 0 li ul  14 0

Advisory O advisory 0 0 0 0 0 0 1 li ul  14 0
Board O board 0 1 0 0 0 0 1 li ul  14 0

School O school 0 1 0 0 0 0 1 li ul  14 0
Council O council 0 1 0 0 0 0 1 li ul  14 0

IC O ic 0 0 0 0 0 0 1 li ul  14 0
Associations O associations 0 0 0 0 0 0 1 li ul  14 0

IC O ic 0 0 0 0 0 0 1 li ul  14 0
Contacts O contacts 0 0 0 0 0 0 1 li ul  14 0

IC O ic 0 0 0 0 0 0 1 li ul  14 0
Intranet O intranet 0 0 0 0 0 0 1 li ul  14 0
( O ( 0 0 0 0 0 0 0 li ul  14 0
restricted O restricted 0 0 0 0 0 0 0 li ul  14 0
access O access 0 0 0 0 0 0 0 li ul  14 0
) O ) 0 0 0 0 0 0 0 li ul  14 0

Events O events 0 0 0 0 0 0 1 li ul first-element 12 0

Events O events 0 0 0 0 0 0 1 li ul double-first-element 14 0

Honorary O honorary 0 0 0 0 1 0 1 li ul  14 0
lecture O lecture 0 0 0 0 0 0 0 li ul  14 0
of O of 0 1 0 0 0 0 0 li ul  14 0
Eduardo B-PER eduardo 1 1 0 0 0 0 1 li ul  14 0
Sanchez I-PER sanchez 1 1 0 0 0 0 1 li ul  14 0

IC O ic 0 0 0 0 0 0 1 li ul  14 0
Research O research 0 1 0 0 0 0 1 li ul  14 0
Day O day 0 1 0 0 0 0 1 li ul  14 0
2017 O 2017 0 0 0 1 0 0 0 li ul  14 0

Guest O guest 0 1 0 0 0 0 1 li ul  16 0
Speakers O speakers 0 0 0 0 0 0 1 li ul  16 0
and O and 0 1 0 0 0 0 0 li ul  16 0
Abstracts O abstracts 0 0 0 0 0 0 1 li ul  16 0

Maneesh O maneesh 1 1 0 0 0 0 1 li ul  18 0
Agrawala O agrawala 1 1 0 0 0 0 1 li ul  18 0

Sylvain O sylvain 1 1 0 0 0 0 1 li ul  18 0
Paris O paris 1 1 0 0 0 0 1 li ul  18 0

Wenzel B-PER wenzel 1 1 0 0 0 0 1 li ul  18 0
Jakob I-PER jakob 1 1 0 0 0 0 1 li ul  18 0

Program O program 0 0 0 0 0 0 1 li ul  16 0
, O , 0 0 0 0 0 0 0 li ul  16 0
Location O location 0 0 0 0 0 0 1 li ul  16 0
and O and 0 1 0 0 0 0 0 li ul  16 0
Registration O registration 0 0 0 0 0 0 1 li ul  16 0

Useful O useful 0 0 0 0 0 0 1 li ul  16 0
Information O information 0 1 0 0 0 0 1 li ul  16 0

Posters O posters 0 0 0 0 0 0 1 li ul  16 0

Videos O videos 0 0 0 0 0 0 1 li ul  16 0

IC O ic 0 0 0 0 0 0 1 li ul  14 0
Colloquia O colloquia 0 0 0 0 0 0 1 li ul  14 0
& O & 0 0 0 0 0 0 0 li ul  14 0
Seminars O seminars 0 0 0 0 0 0 1 li ul  14 0

Ateliers O ateliers 0 0 0 0 0 0 1 li ul  14 0
Déclic O declic 0 0 0 0 0 0 1 li ul  14 0
pour O pour 0 0 0 0 0 0 0 li ul  14 0
les O les 0 1 0 0 0 0 0 li ul  14 0
jeunes O jeunes 0 0 0 0 0 0 0 li ul  14 0

Atelier O atelier 0 0 0 0 0 0 1 li ul  16 0
d O d 0 0 0 0 0 0 0 li ul  16 0
' O ' 0 0 0 0 0 0 0 li ul  16 0
été O ete 0 0 0 0 0 0 0 li ul  16 0
13 O 13 0 0 0 1 0 0 0 li ul  16 0
- O - 0 0 0 0 0 0 0 li ul  16 0
15 O 15 0 0 0 1 0 0 0 li ul  16 0
ans O ans 0 0 0 0 0 0 0 li ul  16 0

Description O description 0 0 0 0 0 0 1 li ul  18 0
des O des 0 1 0 0 0 0 0 li ul  18 0
modules O modules 0 0 0 0 0 0 0 li ul  18 0

Ateliers O ateliers 0 0 0 0 0 0 1 li ul  16 0
précédents O precedents 0 0 0 0 0 0 0 li ul  16 0

Bolo O bolo 0 0 0 0 0 0 1 li ul  14 0
Museum O museum 0 0 0 0 1 0 1 li ul  14 0

SuRI O suri 0 0 0 0 0 0 1 li ul  14 0

Past O past 0 0 0 0 0 0 1 li ul  14 0
Events O events 0 0 0 0 0 0 1 li ul  14 0

IC O ic 0 0 0 0 0 0 1 li ul  16 0
Research O research 0 1 0 0 0 0 1 li ul  16 0
Day O day 0 1 0 0 0 0 1 li ul  16 0
2016 O 2016 0 0 0 1 0 0 0 li ul  16 0

Guest O guest 0 1 0 0 0 0 1 li ul  18 0
Speakers O speakers 0 0 0 0 0 0 1 li ul  18 0
and O and 0 1 0 0 0 0 0 li ul  18 0
Abstracts O abstracts 0 0 0 0 0 0 1 li ul  18 0

Nick O nick 1 1 0 0 0 0 1 li ul  20 0
Goldman O goldman 1 1 0 0 0 0 1 li ul  20 0

Frank O frank 1 1 0 0 0 0 1 li ul  20 0
Kschischang O kschischang 0 1 0 0 0 0 1 li ul  20 0

Alon O alon 1 1 0 0 0 0 1 li ul  20 0
Orlitsky O orlitsky 1 1 0 0 0 0 1 li ul  20 0

Program O program 0 0 0 0 0 0 1 li ul  18 0
, O , 0 0 0 0 0 0 0 li ul  18 0
Location O location 0 0 0 0 0 0 1 li ul  18 0
and O and 0 1 0 0 0 0 0 li ul  18 0
Registration O registration 0 0 0 0 0 0 1 li ul  18 0

Useful O useful 0 0 0 0 0 0 1 li ul  18 0
Information O information 0 1 0 0 0 0 1 li ul  18 0

Posters O posters 0 0 0 0 0 0 1 li ul  18 0

IC O ic 0 0 0 0 0 0 1 li ul  16 0
School O school 0 1 0 0 0 0 1 li ul  16 0
Open O open 0 0 0 0 0 0 1 li ul  16 0
House O house 0 1 0 0 0 0 1 li ul  16 0

Le O le 0 1 0 0 0 0 1 li ul  18 0
film O film 0 0 0 0 0 0 0 li ul  18 0
et O et 0 1 0 0 0 0 0 li ul  18 0
les O les 0 1 0 0 0 0 0 li ul  18 0
photos O photos 0 0 0 0 0 0 0 li ul  18 0
de O de 0 1 0 0 0 0 0 li ul  18 0
l O l 0 1 0 0 0 0 0 li ul  18 0
' O ' 0 0 0 0 0 0 0 li ul  18 0
événement O evenement 0 0 0 0 0 0 0 li ul  18 0

Un O un 0 1 0 0 0 0 1 li ul  18 0
événement O evenement 0 0 0 0 0 0 0 li ul  18 0
anniversaire O anniversaire 0 0 0 0 0 0 0 li ul  18 0

L O l 0 1 0 0 0 0 1 li ul  18 0
' O ' 0 0 0 0 0 0 0 li ul  18 0
affiche O affiche 0 0 0 0 0 0 0 li ul  18 0
s O s 0 0 0 0 0 0 0 li ul  18 0
' O ' 0 0 0 0 0 0 0 li ul  18 0
anime O anime 0 0 0 0 0 0 0 li ul  18 0

Démos O demos 0 0 0 0 0 0 1 li ul  18 0

Conférences O conferences 0 0 0 0 0 0 1 li ul  18 0

Ateliers O ateliers 0 0 0 0 0 0 1 li ul  18 0

LAN O lan 0 0 0 0 0 0 1 li ul  18 0

De O de 0 1 0 0 0 0 1 li ul  18 0
l O l 0 1 0 0 0 0 0 li ul  18 0
' O ' 0 0 0 0 0 0 0 li ul  18 0
art... O art... 0 0 0 0 0 0 0 li ul  18 0

Informations O informations 0 0 0 0 0 0 1 li ul  18 0
pratiques O pratiques 0 0 0 0 0 0 0 li ul  18 0

Inscription O inscription 0 0 0 0 0 0 1 li ul  18 0
( O ( 0 0 0 0 0 0 0 li ul  18 0
obligatoire O obligatoire 0 0 0 0 0 0 0 li ul  18 0
) O ) 0 0 0 0 0 0 0 li ul  18 0

Toute O toute 0 0 0 0 0 0 1 li ul  18 0
l O l 0 1 0 0 0 0 0 li ul  18 0
' O ' 0 0 0 0 0 0 0 li ul  18 0
équipe O equipe 0 0 0 0 0 0 0 li ul  18 0
des O des 0 1 0 0 0 0 0 li ul  18 0
Portes O portes 0 1 0 0 0 0 1 li ul  18 0
Ouvertes O ouvertes 0 0 0 0 0 0 1 li ul  18 0

Research O research 0 1 0 0 0 0 1 li ul  16 0
Days O days 0 0 0 0 0 0 1 li ul  16 0

2015 O 2015 0 0 0 1 0 0 0 li ul  18 0
Edition O edition 0 0 0 0 0 0 1 li ul  18 0

Guest O guest 0 1 0 0 0 0 1 li ul  20 0
Speakers O speakers 0 0 0 0 0 0 1 li ul  20 0
and O and 0 1 0 0 0 0 0 li ul  20 0
Abstracts O abstracts 0 0 0 0 0 0 1 li ul  20 0

Avi O avi 1 1 0 0 0 0 1 li ul  22 0
Wigderson O wigderson 1 1 0 0 0 0 1 li ul  22 0

Muthu O muthu 1 1 0 0 0 0 1 li ul  22 0
Muthukrishnan O muthukrishnan 1 1 0 0 0 0 1 li ul  22 0

Christos O christos 0 1 0 0 0 0 1 li ul  22 0
Papadimitriou O papadimitriou 0 1 0 0 0 0 1 li ul  22 0

Poster O poster 0 1 0 0 0 0 1 li ul  20 0
Session O session 0 0 0 0 0 0 1 li ul  20 0
and O and 0 1 0 0 0 0 0 li ul  20 0
Demos O demos 0 1 0 0 0 0 1 li ul  20 0

Program O program 0 0 0 0 0 0 1 li ul  20 0
, O , 0 0 0 0 0 0 0 li ul  20 0
Locations O locations 0 0 0 0 0 0 1 li ul  20 0
and O and 0 1 0 0 0 0 0 li ul  20 0
Registration O registration 0 0 0 0 0 0 1 li ul  20 0

Useful O useful 0 0 0 0 0 0 1 li ul  20 0
Information O information 0 1 0 0 0 0 1 li ul  20 0

Event O event 0 1 0 0 0 0 1 li ul  20 0
Poster O poster 0 1 0 0 0 0 1 li ul  20 0

2014 O 2014 0 0 0 1 0 0 0 li ul  18 0
Edition O edition 0 0 0 0 0 0 1 li ul  18 0

Guest O guest 0 1 0 0 0 0 1 li ul  20 0
Speakers O speakers 0 0 0 0 0 0 1 li ul  20 0
and O and 0 1 0 0 0 0 0 li ul  20 0
Abstracts O abstracts 0 0 0 0 0 0 1 li ul  20 0

Christopher O christopher 1 1 0 0 0 0 1 li ul  22 0
Re O re 1 1 0 0 0 0 1 li ul  22 0

Martin O martin 0 1 0 0 0 0 1 li ul  22 0
Rehak O rehak 0 1 0 0 0 0 1 li ul  22 0

Anastasia B-PER anastasia 1 1 0 0 0 0 1 li ul  22 0
Ailamaki I-PER ailamaki 1 1 0 0 0 0 1 li ul  22 0

Poster O poster 0 1 0 0 0 0 1 li ul  20 0
Session O session 0 0 0 0 0 0 1 li ul  20 0
and O and 0 1 0 0 0 0 0 li ul  20 0
Demos O demos 0 1 0 0 0 0 1 li ul  20 0

Program O program 0 0 0 0 0 0 1 li ul  20 0
, O , 0 0 0 0 0 0 0 li ul  20 0
Locations O locations 0 0 0 0 0 0 1 li ul  20 0
and O and 0 1 0 0 0 0 0 li ul  20 0
Registration O registration 0 0 0 0 0 0 1 li ul  20 0

Useful O useful 0 0 0 0 0 0 1 li ul  20 0
Information O information 0 1 0 0 0 0 1 li ul  20 0

Event O event 0 1 0 0 0 0 1 li ul  20 0
Poster O poster 0 1 0 0 0 0 1 li ul  20 0

2013 O 2013 0 0 0 1 0 0 0 li ul  18 0
Edition O edition 0 0 0 0 0 0 1 li ul  18 0

Guest O guest 0 1 0 0 0 0 1 li ul  20 0
Speakers O speakers 0 0 0 0 0 0 1 li ul  20 0
and O and 0 1 0 0 0 0 0 li ul  20 0
Abstracts O abstracts 0 0 0 0 0 0 1 li ul  20 0

Jure O jure 1 1 0 0 0 0 1 li ul  22 0
Leskovec O leskovec 1 1 0 0 0 0 1 li ul  22 0
, O , 0 0 0 0 0 0 0 li ul  22 0
Stanford O stanford 0 1 0 0 0 0 1 li ul  22 0
University O university 0 1 0 0 0 0 1 li ul  22 0

Jeff O jeff 1 1 0 0 0 0 1 li ul  22 0
W. O w. 1 1 0 0 0 0 1 li ul  22 0
Lichtman O lichtman 1 1 0 0 0 0 1 li ul  22 0
, O , 0 0 0 0 0 0 0 li ul  22 0
Harvard O harvard 0 1 0 0 0 0 1 li ul  22 0
University O university 0 1 0 0 0 0 1 li ul  22 0

Patrick B-PER patrick 1 1 0 0 0 0 1 li ul  22 0
Thiran I-PER thiran 1 1 0 0 0 0 1 li ul  22 0
, O , 0 0 0 0 0 0 0 li ul  22 0
École O ecole 0 0 0 0 0 0 1 li ul  22 0
Polytechnique O polytechnique 0 0 0 0 0 0 1 li ul  22 0
Fédérale O federale 0 0 0 0 0 0 1 li ul  22 0
de O de 0 1 0 0 0 0 0 li ul  22 0
Lausanne O lausanne 0 0 0 0 0 0 1 li ul  22 0

Poster O poster 0 1 0 0 0 0 1 li ul  20 0
Session O session 0 0 0 0 0 0 1 li ul  20 0
and O and 0 1 0 0 0 0 0 li ul  20 0
Demos O demos 0 1 0 0 0 0 1 li ul  20 0

Program O program 0 0 0 0 0 0 1 li ul  20 0
, O , 0 0 0 0 0 0 0 li ul  20 0
Locations O locations 0 0 0 0 0 0 1 li ul  20 0
and O and 0 1 0 0 0 0 0 li ul  20 0
Registration O registration 0 0 0 0 0 0 1 li ul  20 0

Useful O useful 0 0 0 0 0 0 1 li ul  20 0
Information O information 0 1 0 0 0 0 1 li ul  20 0

Event O event 0 1 0 0 0 0 1 li ul  20 0
Poster O poster 0 1 0 0 0 0 1 li ul  20 0

Mobile O mobile 0 0 0 0 0 0 1 li ul  20 0
Device O device 0 0 0 0 0 0 1 li ul  20 0
Sidekick O sidekick 0 0 0 0 0 0 1 li ul  20 0

2012 O 2012 0 0 0 1 0 0 0 li ul  18 0
Edition O edition 0 0 0 0 0 0 1 li ul  18 0

Theme O theme 0 0 0 0 0 0 1 li ul  20 0

Guest O guest 0 1 0 0 0 0 1 li ul  20 0
speakers O speakers 0 0 0 0 0 0 0 li ul  20 0
and O and 0 1 0 0 0 0 0 li ul  20 0
abstracts O abstracts 0 0 0 0 0 0 0 li ul  20 0

Hari O hari 1 1 0 0 0 0 1 li ul  22 0
Balakrishnan O balakrishnan 1 1 0 0 0 0 1 li ul  22 0
, O , 0 0 0 0 0 0 0 li ul  22 0
Massachusetts O massachusetts 0 0 0 0 1 0 1 li ul  22 0
Institute O institute 0 0 0 0 0 0 1 li ul  22 0
of O of 0 1 0 0 0 0 0 li ul  22 0
Technology O technology 0 0 0 0 0 0 1 li ul  22 0

Alberto O alberto 0 1 0 0 0 0 1 li ul  22 0
Sangiovanni O sangiovanni 0 1 0 0 0 0 1 li ul  22 0
, O , 0 0 0 0 0 0 0 li ul  22 0
University O university 0 1 0 0 0 0 1 li ul  22 0
of O of 0 1 0 0 0 0 0 li ul  22 0
California O california 0 0 0 0 0 0 1 li ul  22 0
at O at 0 0 0 0 0 0 0 li ul  22 0
Berkeley O berkeley 0 1 0 0 0 0 1 li ul  22 0

Josef O josef 0 1 0 0 0 0 1 li ul  22 0
Sifakis O sifakis 0 1 0 0 0 0 1 li ul  22 0
, O , 0 0 0 0 0 0 0 li ul  22 0
École O ecole 0 0 0 0 0 0 1 li ul  22 0
Polytechnique O polytechnique 0 0 0 0 0 0 1 li ul  22 0
Fédérale O federale 0 0 0 0 0 0 1 li ul  22 0
de O de 0 1 0 0 0 0 0 li ul  22 0
Lausanne O lausanne 0 0 0 0 0 0 1 li ul  22 0

Program O program 0 0 0 0 0 0 1 li ul  20 0
and O and 0 1 0 0 0 0 0 li ul  20 0
registration O registration 0 0 0 0 0 0 0 li ul  20 0

Poster O poster 0 1 0 0 0 0 1 li ul  20 0
session O session 0 0 0 0 0 0 0 li ul  20 0
and O and 0 1 0 0 0 0 0 li ul  20 0
demos O demos 0 0 0 0 0 0 0 li ul  20 0

Venue O venue 0 0 0 0 0 0 1 li ul  20 0
, O , 0 0 0 0 0 0 0 li ul  20 0
contacts O contacts 0 0 0 0 0 0 0 li ul  20 0
and O and 0 1 0 0 0 0 0 li ul  20 0
map O map 0 0 0 0 0 0 0 li ul  20 0

Theme O theme 0 0 0 0 0 0 1 li ul  18 0

Guest O guest 0 1 0 0 0 0 1 li ul  18 0
speakers O speakers 0 0 0 0 0 0 0 li ul  18 0
and O and 0 1 0 0 0 0 0 li ul  18 0
abstracts O abstracts 0 0 0 0 0 0 0 li ul  18 0

Steve O steve 1 1 0 0 0 0 1 li ul  20 0
Seitz O seitz 1 1 0 0 0 0 1 li ul  20 0
, O , 0 0 0 0 0 0 0 li ul  20 0
University O university 0 1 0 0 0 0 1 li ul  20 0
of O of 0 1 0 0 0 0 0 li ul  20 0
Washington O washington 0 1 0 0 0 0 1 li ul  20 0

Pat O pat 1 1 0 0 0 0 1 li ul  20 0
Hanrahan O hanrahan 1 1 0 0 0 0 1 li ul  20 0
, O , 0 0 0 0 0 0 0 li ul  20 0
Stanford O stanford 0 1 0 0 0 0 1 li ul  20 0

Luc O luc 1 1 0 0 0 0 1 li ul  20 0
Van O van 1 1 0 0 0 0 1 li ul  20 0
Gool O gool 1 1 0 0 0 0 1 li ul  20 0
, O , 0 0 0 0 0 0 0 li ul  20 0
ETH O eth 0 0 0 0 0 0 1 li ul  20 0
Zurich O zurich 0 0 0 0 0 0 1 li ul  20 0

Program O program 0 0 0 0 0 0 1 li ul  18 0
& O & 0 0 0 0 0 0 0 li ul  18 0
registration O registration 0 0 0 0 0 0 0 li ul  18 0

Poster O poster 0 1 0 0 0 0 1 li ul  18 0
session O session 0 0 0 0 0 0 0 li ul  18 0
and O and 0 1 0 0 0 0 0 li ul  18 0
demos O demos 0 0 0 0 0 0 0 li ul  18 0
by O by 0 1 0 0 0 0 0 li ul  18 0
start O start 0 0 0 0 0 0 0 li ul  18 0
- O - 0 0 0 0 0 0 0 li ul  18 0
ups O ups 0 0 0 0 0 0 0 li ul  18 0

Venue O venue 0 0 0 0 0 0 1 li ul  18 0
, O , 0 0 0 0 0 0 0 li ul  18 0
contacts O contacts 0 0 0 0 0 0 0 li ul  18 0
and O and 0 1 0 0 0 0 0 li ul  18 0
maps O maps 0 0 0 0 0 0 0 li ul  18 0

Program O program 0 0 0 0 0 0 1 li ul  16 0
and O and 0 1 0 0 0 0 0 li ul  16 0
Practical O practical 0 0 0 0 0 0 1 li ul  16 0
Information O information 0 1 0 0 0 0 1 li ul  16 0

Poster O poster 0 1 0 0 0 0 1 li ul  16 0
of O of 0 1 0 0 0 0 0 li ul  16 0
the O the 0 1 0 0 0 0 0 li ul  16 0
Event O event 0 1 0 0 0 0 1 li ul  16 0

Turing O turing 0 1 0 0 0 0 1 li ul  16 0
' O ' 0 0 0 0 0 0 0 li ul  16 0
s O s 0 0 0 0 0 0 0 li ul  16 0
work O work 0 0 0 0 0 0 0 li ul  16 0
& O & 0 0 0 0 0 0 0 li ul  16 0
beyond O beyond 0 0 0 0 0 0 0 li ul  16 0

Poster O poster 0 1 0 0 0 0 1 li ul  18 0
Session O session 0 0 0 0 0 0 1 li ul  18 0

Turing O turing 0 1 0 0 0 0 1 li ul  16 0
for O for 0 1 0 0 0 0 0 li ul  16 0
families O families 0 0 0 0 0 0 0 li ul  16 0

Exhibition O exhibition 0 0 0 0 0 0 1 li ul  16 0
: O : 0 0 0 0 0 0 0 li ul  16 0
Computer O computer 0 0 0 0 0 0 1 li ul  16 0
Science O science 0 0 0 0 0 0 1 li ul  16 0
from O from 0 0 0 0 0 0 0 li ul  16 0
A O a 0 1 0 0 0 0 1 li ul  16 0
to O to 0 0 0 0 0 0 0 li ul  16 0
Z O z 0 1 0 0 0 0 1 li ul  16 0

Prof. O prof. 0 1 0 0 1 0 1 li ul  16 0
Viktor B-PER viktor 1 1 0 0 0 0 1 li ul  16 0
Kuncak I-PER kuncak 1 1 0 0 0 0 1 li ul  16 0

Abstract O abstract 0 1 0 0 0 0 1 li ul  18 0
& O & 0 0 0 0 0 0 0 li ul  18 0
biography O biography 0 0 0 0 0 0 0 li ul  18 0

Pictures O pictures 0 0 0 0 0 0 1 li ul  18 0

Prof. O prof. 0 1 0 0 1 0 1 li ul  16 0
Michael B-PER michael 1 1 0 0 0 0 1 li ul  16 0
C. I-PER c. 1 1 0 0 0 0 1 li ul  16 0
Gastpar I-PER gastpar 1 1 0 0 0 0 1 li ul  16 0

Abstract O abstract 0 1 0 0 0 0 1 li ul  18 0
& O & 0 0 0 0 0 0 0 li ul  18 0
biography O biography 0 0 0 0 0 0 0 li ul  18 0

Prof. O prof. 0 1 0 0 1 0 1 li ul  16 0
G. O g. 0 1 0 0 0 0 1 li ul  16 0
Candea O candea 0 1 0 0 0 0 1 li ul  16 0
| O | 0 0 0 0 0 0 0 li ul  16 0
Prof. O prof. 0 1 0 0 1 0 1 li ul  16 0
M. O m. 0 1 0 0 0 0 1 li ul  16 0
Grossglauser O grossglauser 0 1 0 0 0 0 1 li ul  16 0

Prof. O prof. 0 1 0 0 1 0 1 li ul  18 0
George B-PER george 1 1 0 0 0 0 1 li ul  18 0
Candea I-PER candea 1 1 0 0 0 0 1 li ul  18 0

Prof. O prof. 0 1 0 0 1 0 1 li ul  18 0
Matthias B-PER matthias 1 1 0 0 0 0 1 li ul  18 0
Grossglauser I-PER grossglauser 1 1 0 0 0 0 1 li ul  18 0

Prof. O prof. 0 1 0 0 1 0 1 li ul  16 0
André B-PER andre 1 1 0 0 1 0 1 li ul  16 0
Schiper I-PER schiper 1 1 0 0 0 0 1 li ul  16 0

Prof. O prof. 0 1 0 0 1 0 1 li ul  16 0
Claude B-PER claude 1 1 0 0 0 0 1 li ul  16 0
Petitpierre I-PER petitpierre 1 1 0 0 0 0 1 li ul  16 0

Abstract O abstract 0 1 0 0 0 0 1 li ul  18 0
& O & 0 0 0 0 0 0 0 li ul  18 0
biography O biography 0 0 0 0 0 0 0 li ul  18 0

Prof. O prof. 0 1 0 0 1 0 1 li ul  16 0
Roger B-PER roger 1 1 0 0 0 0 1 li ul  16 0
D. I-PER d. 1 1 0 0 0 0 1 li ul  16 0
Hersch I-PER hersch 1 1 0 0 0 0 1 li ul  16 0

Open O open 0 0 0 0 0 0 1 li ul  16 0
House O house 0 1 0 0 0 0 1 li ul  16 0
2016 O 2016 0 0 0 1 0 0 0 li ul  16 0
- O - 0 0 0 0 0 0 0 li ul  16 0
IC O ic 0 0 0 0 0 0 1 li ul  16 0
demos O demos 0 0 0 0 0 0 0 li ul  16 0

IC O ic 0 0 0 0 0 0 1 li ul  16 0
Students O students 0 0 0 0 0 0 1 li ul  16 0
meet O meet 0 0 0 0 0 0 0 li ul  16 0
IC O ic 0 0 0 0 0 0 1 li ul  16 0
Alumni O alumni 0 0 0 0 0 0 1 li ul  16 0

ICC O icc 0 0 0 0 0 0 1 li ul first-element 12 0

Share O share 0 1 0 0 0 0 1 div div secondary-content 10 0
: O : 0 0 0 0 0 0 0 div div secondary-content 10 0

Professors O professors 0 0 0 0 1 0 1 header div page-title 10 0
and O and 0 1 0 0 0 0 0 header div page-title 10 0
Senior O senior 0 1 0 0 0 0 1 header div page-title 10 0
Scientists O scientists 0 0 0 0 0 0 1 header div page-title 10 0

Professors O professors 0 0 0 0 1 0 1 div div htmlBox 11 0

Karl B-PER karl 1 1 0 0 0 0 1 a h2 media-header-full 16 0
Aberer I-PER aberer 1 1 0 0 0 0 1 a h2 media-header-full 16 1

LSIR O lsir 0 0 0 0 0 0 1 a span media-info 16 0

karl.aberer@epfl.ch O karl.aberer@epfl.ch 0 0 1 0 0 0 0 a div visible-xxs 16 1
BC O bc 0 0 0 0 0 0 1 a span visible-xxs 17 1
108 O 108 0 0 0 1 0 0 0 a span visible-xxs 17 1

Anastasia B-PER anastasia 1 1 0 0 0 0 1 a h2 media-header-full 16 0
Ailamaki I-PER ailamaki 1 1 0 0 0 0 1 a h2 media-header-full 16 1

DIAS O dias 0 0 0 0 0 0 1 a span media-info 16 0

anastasia.ailamaki@epfl.ch O anastasia.ailamaki@epfl.ch 0 0 1 0 0 0 0 a div visible-xxs 16 1
INN O inn 0 0 0 0 0 0 1 a span visible-xxs 17 1
310 O 310 0 0 0 1 0 0 0 a span visible-xxs 17 1

Katerina B-PER katerina 0 1 0 0 0 0 1 a h2 media-header-full 16 0
Argyraki I-PER argyraki 0 1 0 0 0 0 1 a h2 media-header-full 16 1

NAL O nal 0 0 0 0 0 0 1 a span media-info 16 0

katerina.argyraki@epfl.ch O katerina.argyraki@epfl.ch 0 0 1 0 0 0 0 a div visible-xxs 16 1
BC O bc 0 0 0 0 0 0 1 a span visible-xxs 17 1
120 O 120 0 0 0 1 0 0 0 a span visible-xxs 17 1

Edouard B-PER edouard 1 1 0 0 0 0 1 a h2 media-header-full 16 0
Bugnion I-PER bugnion 1 1 0 0 0 0 1 a h2 media-header-full 16 1

DCSL O dcsl 0 0 0 0 0 0 1 a span media-info 16 0

edouard.bugnion@epfl.ch O edouard.bugnion@epfl.ch 0 0 1 0 0 0 0 a div visible-xxs 16 1
INN O inn 0 0 0 0 0 0 1 a span visible-xxs 17 1
311 O 311 0 0 0 1 0 0 0 a span visible-xxs 17 1

George B-PER george 1 1 0 0 0 0 1 a h2 media-header-full 16 0
Candea I-PER candea 1 1 0 0 0 0 1 a h2 media-header-full 16 1

DSLAB O dslab 0 0 0 0 0 0 1 a span media-info 16 0

george.candea@epfl.ch O george.candea@epfl.ch 0 0 1 0 0 0 0 a div visible-xxs 16 1
BC O bc 0 0 0 0 0 0 1 a span visible-xxs 17 1
407 O 407 0 0 0 1 0 0 0 a span visible-xxs 17 1

Giovanni B-PER giovanni 1 1 0 0 0 0 1 a h2 media-header-full 16 0
De I-PER de 1 1 0 0 0 0 1 a h2 media-header-full 16 1
Micheli I-PER micheli 1 1 0 0 0 0 1 a h2 media-header-full 16 1

LSI1 O lsi1 0 0 0 1 0 0 1 a span media-info 16 0

giovanni.demicheli@epfl.ch O giovanni.demicheli@epfl.ch 0 0 1 0 0 0 0 a div visible-xxs 16 1
INF O inf 0 0 0 0 0 0 1 a span visible-xxs 17 1
341 O 341 0 0 0 1 0 0 0 a span visible-xxs 17 1

Pierre B-PER pierre 1 1 0 0 0 0 1 a h2 media-header-full 16 0
Dillenbourg I-PER dillenbourg 1 1 0 0 0 0 1 a h2 media-header-full 16 1

CHILI O chili 0 0 0 0 0 0 1 a span media-info 16 0

pierre.dillenbourg@epfl.ch O pierre.dillenbourg@epfl.ch 0 0 1 0 0 0 0 a div visible-xxs 16 1
CE O ce 0 0 0 0 0 0 1 a span visible-xxs 17 1
1 O 1 0 0 0 1 0 0 0 a span visible-xxs 17 1
625 O 625 0 0 0 1 0 0 0 a span visible-xxs 17 1

Babak B-PER babak 1 1 0 0 0 0 1 a h2 media-header-full 16 0
Falsafi I-PER falsafi 1 1 0 0 0 0 1 a h2 media-header-full 16 1

PARSA O parsa 0 0 0 0 0 0 1 a span media-info 16 0

babak.falsafi@epfl.ch O babak.falsafi@epfl.ch 0 0 1 0 0 0 0 a div visible-xxs 16 1
INF O inf 0 0 0 0 0 0 1 a span visible-xxs 17 1
141 O 141 0 0 0 1 0 0 0 a span visible-xxs 17 1

Boi B-PER boi 1 1 0 0 0 0 1 a h2 media-header-full 16 0
Faltings I-PER faltings 1 1 0 0 0 0 1 a h2 media-header-full 16 1

LIA O lia 0 0 0 0 0 0 1 a span media-info 16 0

boi.faltings@epfl.ch O boi.faltings@epfl.ch 0 0 1 0 0 0 0 a div visible-xxs 16 1
INR O inr 0 0 0 0 0 0 1 a span visible-xxs 17 1
211 O 211 0 0 0 1 0 0 0 a span visible-xxs 17 1

Bryan B-PER bryan 1 1 0 0 0 0 1 a h2 media-header-full 16 0
Ford I-PER ford 1 1 0 0 0 0 1 a h2 media-header-full 16 1

DEDIS O dedis 0 0 0 0 0 0 1 a span media-info 16 0

bryan.ford@epfl.ch O bryan.ford@epfl.ch 0 0 1 0 0 0 0 a div visible-xxs 16 1
BC O bc 0 0 0 0 0 0 1 a span visible-xxs 17 1
210 O 210 0 0 0 1 0 0 0 a span visible-xxs 17 1

Pascal B-PER pascal 1 1 0 0 0 0 1 a h2 media-header-full 16 0
Fua I-PER fua 1 1 0 0 0 0 1 a h2 media-header-full 16 1

CVLAB O cvlab 0 0 0 0 0 0 1 a span media-info 16 0

pascal.fua@epfl.ch O pascal.fua@epfl.ch 0 0 1 0 0 0 0 a div visible-xxs 16 1
BC O bc 0 0 0 0 0 0 1 a span visible-xxs 17 1
310 O 310 0 0 0 1 0 0 0 a span visible-xxs 17 1

Michael B-PER michael 1 1 0 0 0 0 1 a h2 media-header-full 16 0
C. I-PER c. 1 1 0 0 0 0 1 a h2 media-header-full 16 0
Gastpar I-PER gastpar 1 1 0 0 0 0 1 a h2 media-header-full 16 1

LINX O linx 0 0 0 0 0 0 1 a span media-info 16 0

michael.gastpar@epfl.ch O michael.gastpar@epfl.ch 0 0 1 0 0 0 0 a div visible-xxs 16 1
BC O bc 0 0 0 0 0 0 1 a span visible-xxs 17 1
106 O 106 0 0 0 1 0 0 0 a span visible-xxs 17 1

Wulfram B-PER wulfram 1 1 0 0 0 0 1 a h2 media-header-full 16 0
Gerstner I-PER gerstner 1 1 0 0 0 0 1 a h2 media-header-full 16 1

LCN O lcn 0 0 0 0 0 0 1 a span media-info 16 0

wulfram.gerstner@epfl.ch O wulfram.gerstner@epfl.ch 0 0 1 0 0 0 0 a div visible-xxs 16 1
AAB O aab 0 0 0 0 0 0 1 a span visible-xxs 17 1
1 O 1 0 0 0 1 0 0 0 a span visible-xxs 17 1
23 O 23 0 0 0 1 0 0 0 a span visible-xxs 17 1

Matthias B-PER matthias 1 1 0 0 0 0 1 a h2 media-header-full 16 0
Grossglauser I-PER grossglauser 1 1 0 0 0 0 1 a h2 media-header-full 16 1

LCA4 O lca4 0 0 0 1 0 0 1 a span media-info 16 0

matthias.grossglauser@epfl.ch O matthias.grossglauser@epfl.ch 0 0 1 0 0 0 0 a div visible-xxs 16 1
BC O bc 0 0 0 0 0 0 1 a span visible-xxs 17 1
209 O 209 0 0 0 1 0 0 0 a span visible-xxs 17 1

Rachid B-PER rachid 1 1 0 0 0 0 1 a h2 media-header-full 16 0
Guerraoui I-PER guerraoui 1 1 0 0 0 0 1 a h2 media-header-full 16 1

LPD O lpd 0 0 0 0 0 0 1 a span media-info 16 0

rachid.guerraoui@epfl.ch O rachid.guerraoui@epfl.ch 0 0 1 0 0 0 0 a div visible-xxs 16 1
INR O inr 0 0 0 0 0 0 1 a span visible-xxs 17 1
310 O 310 0 0 0 1 0 0 0 a span visible-xxs 17 1

Jeffrey B-PER jeffrey 1 1 0 0 0 0 1 a h2 media-header-full 16 0
Huang I-PER huang 1 1 0 0 0 0 1 a h2 media-header-full 16 1

LDM1 O ldm1 0 0 0 1 0 0 1 a span media-info 16 0

jeffrey.huang@epfl.ch O jeffrey.huang@epfl.ch 0 0 1 0 0 0 0 a div visible-xxs 16 1
BC O bc 0 0 0 0 0 0 1 a span visible-xxs 17 1
104 O 104 0 0 0 1 0 0 0 a span visible-xxs 17 1

Jean B-PER jean 0 1 0 0 0 0 1 a h2 media-header-full 16 0
- I-PER - 0 0 0 0 0 0 0 a h2 media-header-full 16 0
Pierre I-PER pierre 0 1 0 0 0 0 1 a h2 media-header-full 16 0
Hubaux I-PER hubaux 0 1 0 0 0 0 1 a h2 media-header-full 16 1

LCA1 O lca1 0 0 0 1 0 0 1 a span media-info 16 0

jean O jean 0 0 0 0 0 0 0 a div visible-xxs 16 1
- O - 0 0 0 0 0 0 0 a div visible-xxs 16 1
pierre.hubaux@epfl.ch O pierre.hubaux@epfl.ch 0 0 1 0 0 0 0 a div visible-xxs 16 1
BC O bc 0 0 0 0 0 0 1 a span visible-xxs 17 1
207 O 207 0 0 0 1 0 0 0 a span visible-xxs 17 1

Paolo B-PER paolo 1 1 0 0 0 0 1 a h2 media-header-full 16 0
Ienne I-PER ienne 1 1 0 0 0 0 1 a h2 media-header-full 16 1

LAP O lap 0 0 0 0 0 0 1 a span media-info 16 0

paolo.ienne@epfl.ch O paolo.ienne@epfl.ch 0 0 1 0 0 0 0 a div visible-xxs 16 1
INF O inf 0 0 0 0 0 0 1 a span visible-xxs 17 1
137 O 137 0 0 0 1 0 0 0 a span visible-xxs 17 1

Martin B-PER martin 1 1 0 0 0 0 1 a h2 media-header-full 16 0
Jaggi I-PER jaggi 1 1 0 0 0 0 1 a h2 media-header-full 16 1

MLO O mlo 0 0 0 0 0 0 1 a span media-info 16 0

martin.jaggi@epfl.ch O martin.jaggi@epfl.ch 0 0 1 0 0 0 0 a div visible-xxs 16 1
INJ O inj 0 0 0 0 0 0 1 a span visible-xxs 17 1
339 O 339 0 0 0 1 0 0 0 a span visible-xxs 17 1

Wenzel B-PER wenzel 1 1 0 0 0 0 1 a h2 media-header-full 16 0
Jakob I-PER jakob 1 1 0 0 0 0 1 a h2 media-header-full 16 1

REALISTIC O realistic 0 0 0 0 0 0 1 a span media-info 16 0
GRAPHICS O graphics 0 0 0 0 0 0 1 a span media-info 16 0
LAB O lab 0 0 0 0 0 0 1 a span media-info 16 0

wenzel.jakob@epfl.ch O wenzel.jakob@epfl.ch 0 0 1 0 0 0 0 a div visible-xxs 16 1
BC O bc 0 0 0 0 0 0 1 a span visible-xxs 17 1
345 O 345 0 0 0 1 0 0 0 a span visible-xxs 17 1

Michael B-PER michael 1 1 0 0 0 0 1 a h2 media-header-full 16 0
Kapralov I-PER kapralov 1 1 0 0 0 0 1 a h2 media-header-full 16 1

THL4 O thl4 0 0 0 1 0 0 1 a span media-info 16 0

Christoph B-PER christoph 1 1 0 0 0 0 1 a h2 media-header-full 16 0
Koch I-PER koch 1 1 0 0 0 0 1 a h2 media-header-full 16 1

DATA O data 0 0 0 0 0 0 1 a span media-info 16 0

christoph.koch@epfl.ch O christoph.koch@epfl.ch 0 0 1 0 0 0 0 a div visible-xxs 16 1
BC O bc 0 0 0 0 0 0 1 a span visible-xxs 17 1
260 O 260 0 0 0 1 0 0 0 a span visible-xxs 17 1

Viktor B-PER viktor 1 1 0 0 0 0 1 a h2 media-header-full 16 0
Kuncak I-PER kuncak 1 1 0 0 0 0 1 a h2 media-header-full 16 1

LARA O lara 0 0 0 0 0 0 1 a span media-info 16 0

viktor.kuncak@epfl.ch O viktor.kuncak@epfl.ch 0 0 1 0 0 0 0 a div visible-xxs 16 1
INR O inr 0 0 0 0 0 0 1 a span visible-xxs 17 1
318 O 318 0 0 0 1 0 0 0 a span visible-xxs 17 1

James B-PER james 0 1 0 0 0 0 1 a h2 media-header-full 16 0
Larus I-PER larus 0 1 0 0 0 0 1 a h2 media-header-full 16 1

VLSC O vlsc 0 0 0 0 0 0 1 a span media-info 16 0

james.larus@epfl.ch O james.larus@epfl.ch 0 0 1 0 0 0 0 a div visible-xxs 16 1
BC O bc 0 0 0 0 0 0 1 a span visible-xxs 17 1
408 O 408 0 0 0 1 0 0 0 a span visible-xxs 17 1

Jean B-PER jean 0 1 0 0 0 0 1 a h2 media-header-full 16 0
- I-PER - 0 0 0 0 0 0 0 a h2 media-header-full 16 0
Yves I-PER yves 0 1 0 0 0 0 1 a h2 media-header-full 16 0
Le I-PER le 0 1 0 0 0 0 1 a h2 media-header-full 16 1
Boudec I-PER boudec 0 1 0 0 0 0 1 a h2 media-header-full 16 1

LCA2 O lca2 0 0 0 1 0 0 1 a span media-info 16 0

jean O jean 0 0 0 0 0 0 0 a div visible-xxs 16 1
- O - 0 0 0 0 0 0 0 a div visible-xxs 16 1
yves.leboudec@epfl.ch O yves.leboudec@epfl.ch 0 0 1 0 0 0 0 a div visible-xxs 16 1
BC O bc 0 0 0 0 0 0 1 a span visible-xxs 17 1
205 O 205 0 0 0 1 0 0 0 a span visible-xxs 17 1

Arjen B-PER arjen 1 1 0 0 0 0 1 a h2 media-header-full 16 0
K. I-PER k. 1 1 0 0 0 0 1 a h2 media-header-full 16 0
Lenstra I-PER lenstra 1 1 0 0 0 0 1 a h2 media-header-full 16 1

LACAL O lacal 0 0 0 0 0 0 1 a span media-info 16 0

arjen.lenstra@epfl.ch O arjen.lenstra@epfl.ch 0 0 1 0 0 0 0 a div visible-xxs 16 1
INJ O inj 0 0 0 0 0 0 1 a span visible-xxs 17 1
330 O 330 0 0 0 1 0 0 0 a span visible-xxs 17 1

Martin B-PER martin 1 1 0 0 0 0 1 a h2 media-header-full 16 0
Odersky I-PER odersky 1 1 0 0 0 0 1 a h2 media-header-full 16 1

LAMP1 O lamp1 0 0 0 1 0 0 1 a span media-info 16 0

martin.odersky@epfl.ch O martin.odersky@epfl.ch 0 0 1 0 0 0 0 a div visible-xxs 16 1
INR O inr 0 0 0 0 0 0 1 a span visible-xxs 17 1
319 O 319 0 0 0 1 0 0 0 a span visible-xxs 17 1

Mark B-PER mark 1 1 0 0 0 0 1 a h2 media-header-full 16 0
Pauly I-PER pauly 1 1 0 0 0 0 1 a h2 media-header-full 16 1

LGG O lgg 0 0 0 0 0 0 1 a span media-info 16 0

mark.pauly@epfl.ch O mark.pauly@epfl.ch 0 0 1 0 0 0 0 a div visible-xxs 16 1
BC O bc 0 0 0 0 0 0 1 a span visible-xxs 17 1
350 O 350 0 0 0 1 0 0 0 a span visible-xxs 17 1

Bixio B-PER bixio 1 1 0 0 0 0 1 a h2 media-header-full 16 0
Rimoldi I-PER rimoldi 1 1 0 0 0 0 1 a h2 media-header-full 16 1

LCM O lcm 0 0 0 0 0 0 1 a span media-info 16 0

bixio.rimoldi@epfl.ch O bixio.rimoldi@epfl.ch 0 0 1 0 0 0 0 a div visible-xxs 16 1
INR O inr 0 0 0 0 0 0 1 a span visible-xxs 17 1
111 O 111 0 0 0 1 0 0 0 a span visible-xxs 17 1

Marcel B-PER marcel 1 1 0 0 0 0 1 a h2 media-header-full 16 0
Salathé I-PER salathe 1 1 0 0 0 0 1 a h2 media-header-full 16 1

UPSALATHE O upsalathe 0 0 0 0 0 0 1 a span media-info 16 0

marcel.salathe@epfl.ch O marcel.salathe@epfl.ch 0 0 1 0 0 0 0 a div visible-xxs 16 1
AAB O aab 0 0 0 0 0 0 1 a span visible-xxs 17 1
1 O 1 0 0 0 1 0 0 0 a span visible-xxs 17 1
05 O 05 0 0 0 1 0 0 0 a span visible-xxs 17 1

Amin B-PER amin 1 1 0 0 0 0 1 a h2 media-header-full 16 0
Shokrollahi I-PER shokrollahi 1 1 0 0 0 0 1 a h2 media-header-full 16 1

ALGO O algo 0 0 0 0 0 0 1 a span media-info 16 0

amin.shokrollahi@epfl.ch O amin.shokrollahi@epfl.ch 0 0 1 0 0 0 0 a div visible-xxs 16 1
BC O bc 0 0 0 0 0 0 1 a span visible-xxs 17 1
110 O 110 0 0 0 1 0 0 0 a span visible-xxs 17 1

Sabine B-PER sabine 1 1 0 0 0 0 1 a h2 media-header-full 16 0
Süsstrunk I-PER susstrunk 1 1 0 0 0 0 1 a h2 media-header-full 16 1

IVRL O ivrl 0 0 0 0 0 0 1 a span media-info 16 0

sabine.susstrunk@epfl.ch O sabine.susstrunk@epfl.ch 0 0 1 0 0 0 0 a div visible-xxs 16 1
BC O bc 0 0 0 0 0 0 1 a span visible-xxs 17 1
328 O 328 0 0 0 1 0 0 0 a span visible-xxs 17 1

Ola B-PER ola 1 1 0 0 0 0 1 a h2 media-header-full 16 0
Svensson I-PER svensson 1 1 0 0 0 0 1 a h2 media-header-full 16 1

THL2 O thl2 0 0 0 1 0 0 1 a span media-info 16 0

ola.svensson@epfl.ch O ola.svensson@epfl.ch 0 0 1 0 0 0 0 a div visible-xxs 16 1
INJ O inj 0 0 0 0 0 0 1 a span visible-xxs 17 1
112 O 112 0 0 0 1 0 0 0 a span visible-xxs 17 1

Emre B-PER emre 1 1 0 0 1 0 1 a h2 media-header-full 16 0
Telatar I-PER telatar 1 1 0 0 0 0 1 a h2 media-header-full 16 1

LTHI O lthi 0 0 0 0 0 0 1 a span media-info 16 0

emre.telatar@epfl.ch O emre.telatar@epfl.ch 0 0 1 0 1 0 0 a div visible-xxs 16 1
INR O inr 0 0 0 0 0 0 1 a span visible-xxs 17 1
117 O 117 0 0 0 1 0 0 0 a span visible-xxs 17 1

Patrick B-PER patrick 1 1 0 0 0 0 1 a h2 media-header-full 16 0
Thiran I-PER thiran 1 1 0 0 0 0 1 a h2 media-header-full 16 1

LCA3 O lca3 0 0 0 1 0 0 1 a span media-info 16 0

patrick.thiran@epfl.ch O patrick.thiran@epfl.ch 0 0 1 0 0 0 0 a div visible-xxs 16 1
BC O bc 0 0 0 0 0 0 1 a span visible-xxs 17 1
208 O 208 0 0 0 1 0 0 0 a span visible-xxs 17 1

Rüdiger B-PER rudiger 0 1 0 0 0 0 1 a h2 media-header-full 16 0
Urbanke I-PER urbanke 0 1 0 0 0 0 1 a h2 media-header-full 16 1

LTHC O lthc 0 0 0 0 0 0 1 a span media-info 16 0

rudiger.urbanke@epfl.ch O rudiger.urbanke@epfl.ch 0 0 1 0 0 0 0 a div visible-xxs 16 1
INR O inr 0 0 0 0 0 0 1 a span visible-xxs 17 1
116 O 116 0 0 0 1 0 0 0 a span visible-xxs 17 1

Serge B-PER serge 1 1 0 0 0 0 1 a h2 media-header-full 16 0
Vaudenay I-PER vaudenay 1 1 0 0 0 0 1 a h2 media-header-full 16 1

LASEC O lasec 0 0 0 0 0 0 1 a span media-info 16 0

serge.vaudenay@epfl.ch O serge.vaudenay@epfl.ch 0 0 1 0 0 0 0 a div visible-xxs 16 1
INF O inf 0 0 0 0 0 0 1 a span visible-xxs 17 1
241 O 241 0 0 0 1 0 0 0 a span visible-xxs 17 1

Martin B-PER martin 1 1 0 0 0 0 1 a h2 media-header-full 16 0
Vetterli I-PER vetterli 1 1 0 0 0 0 1 a h2 media-header-full 16 1

LCAV1 O lcav1 0 0 0 1 0 0 1 a span media-info 16 0

martin.vetterli@epfl.ch O martin.vetterli@epfl.ch 0 0 1 0 0 0 0 a div visible-xxs 16 1
BC O bc 0 0 0 0 0 0 1 a span visible-xxs 17 1
332 O 332 0 0 0 1 0 0 0 a span visible-xxs 17 1

Nisheeth B-PER nisheeth 0 1 0 0 0 0 1 a h2 media-header-full 16 0
Vishnoi I-PER vishnoi 0 1 0 0 0 0 1 a h2 media-header-full 16 1

THL3 O thl3 0 0 0 1 0 0 1 a span media-info 16 0

nisheeth.vishnoi@epfl.ch O nisheeth.vishnoi@epfl.ch 0 0 1 0 0 0 0 a div visible-xxs 16 1
INJ O inj 0 0 0 0 0 0 1 a span visible-xxs 17 1
130 O 130 0 0 0 1 0 0 0 a span visible-xxs 17 1

Alain B-PER alain 1 1 0 0 0 0 1 a h2 media-header-full 16 0
Wegmann I-PER wegmann 1 1 0 0 0 0 1 a h2 media-header-full 16 1

LAMS O lams 0 0 0 0 0 0 1 a span media-info 16 0

alain.wegmann@epfl.ch O alain.wegmann@epfl.ch 0 0 1 0 0 0 0 a div visible-xxs 16 1
BC O bc 0 0 0 0 0 0 1 a span visible-xxs 17 1
103 O 103 0 0 0 1 0 0 0 a span visible-xxs 17 1

Robert B-PER robert 1 1 0 0 0 0 1 a h2 media-header-full 16 0
West I-PER west 1 1 0 0 0 0 1 a h2 media-header-full 16 1

DLAB O dlab 0 0 0 0 0 0 1 a span media-info 16 0

robert.west@epfl.ch O robert.west@epfl.ch 0 0 1 0 0 0 0 a div visible-xxs 16 1
INN O inn 0 0 0 0 0 0 1 a span visible-xxs 17 1
239 O 239 0 0 0 1 0 0 0 a span visible-xxs 17 1

Willy B-PER willy 1 1 0 0 0 0 1 a h2 media-header-full 16 0
Zwaenepoel I-PER zwaenepoel 1 1 0 0 0 0 1 a h2 media-header-full 16 1

LABOS O labos 0 0 0 0 0 0 1 a span media-info 16 0

willy.zwaenepoel@epfl.ch O willy.zwaenepoel@epfl.ch 0 0 1 0 0 0 0 a div visible-xxs 16 1
BC O bc 0 0 0 0 0 0 1 a span visible-xxs 17 1
408 O 408 0 0 0 1 0 0 0 a span visible-xxs 17 1

Courtesy O courtesy 0 1 0 0 0 0 1 div div htmlBox 11 0
Appointments O appointments 0 0 0 0 0 0 1 div div htmlBox 11 0

Friedrich B-PER friedrich 1 1 0 0 0 0 1 a h2 media-header-full 16 0
Eisenbrand I-PER eisenbrand 1 1 0 0 0 0 1 a h2 media-header-full 16 1

DISOPT O disopt 0 0 0 0 0 0 1 a span media-info 16 0

friedrich.eisenbrand@epfl.ch O friedrich.eisenbrand@epfl.ch 0 0 1 0 0 0 0 a div visible-xxs 16 1
MA O ma 0 0 0 0 0 0 1 a span visible-xxs 17 1
C1 O c1 0 0 0 1 0 0 1 a span visible-xxs 17 1
573 O 573 0 0 0 1 0 0 0 a span visible-xxs 17 1

Frédéric B-PER frederic 1 1 0 0 0 0 1 a h2 media-header-full 16 0
Kaplan I-PER kaplan 1 1 0 0 0 0 1 a h2 media-header-full 16 1

DHLAB O dhlab 0 0 0 0 0 0 1 a span media-info 16 0

frederic.kaplan@epfl.ch O frederic.kaplan@epfl.ch 0 0 1 0 0 0 0 a div visible-xxs 16 1
GC O gc 0 0 0 0 0 0 1 a span visible-xxs 17 1
D2 O d2 0 0 0 1 0 0 1 a span visible-xxs 17 1
386 O 386 0 0 0 1 0 0 0 a span visible-xxs 17 1

Pierre B-PER pierre 1 1 0 0 0 0 1 a h2 media-header-full 16 0
Vandergheynst I-PER vandergheynst 1 1 0 0 0 0 1 a h2 media-header-full 16 1

LTS2 O lts2 0 0 0 1 0 0 1 a span media-info 16 0

pierre.vandergheynst@epfl.ch O pierre.vandergheynst@epfl.ch 0 0 1 0 0 0 0 a div visible-xxs 16 1
ELE O ele 0 0 0 0 0 0 1 a span visible-xxs 17 1
235 O 235 0 0 0 1 0 0 0 a span visible-xxs 17 1

Senior O senior 0 1 0 0 0 0 1 div div htmlBox 11 0
Scientists O scientists 0 0 0 0 0 0 1 div div htmlBox 11 0

Ronan B-PER ronan 1 1 0 0 0 0 1 a h2 media-header-full 16 0
Boulic I-PER boulic 1 1 0 0 0 0 1 a h2 media-header-full 16 1

IIG O iig 0 0 0 0 0 0 1 a span media-info 16 0

ronan.boulic@epfl.ch O ronan.boulic@epfl.ch 0 0 1 0 0 0 0 a div visible-xxs 16 1
INJ O inj 0 0 0 0 0 0 1 a span visible-xxs 17 1
141 O 141 0 0 0 1 0 0 0 a span visible-xxs 17 1

Sandro B-PER sandro 1 1 0 0 0 0 1 a h2 media-header-full 16 0
Carrara I-PER carrara 1 1 0 0 0 0 1 a h2 media-header-full 16 1

LSI1 O lsi1 0 0 0 1 0 0 1 a span media-info 16 0

sandro.carrara@epfl.ch O sandro.carrara@epfl.ch 0 0 1 0 0 0 0 a div visible-xxs 16 1
INF O inf 0 0 0 0 0 0 1 a span visible-xxs 17 1
338 O 338 0 0 0 1 0 0 0 a span visible-xxs 17 1

Bertrand B-PER bertrand 0 1 0 0 0 0 1 a h2 media-header-full 16 0
Dutoit I-PER dutoit 0 1 0 0 0 0 1 a h2 media-header-full 16 1

SCI O sci 0 0 0 0 0 0 1 a span media-info 16 0
- O - 0 0 0 0 0 0 0 a span media-info 16 0
IC O ic 0 0 0 0 0 0 1 a span media-info 16 0
- O - 0 0 0 0 0 0 0 a span media-info 16 0
BD O bd 0 0 0 0 0 0 1 a span media-info 16 0

bertrand.dutoit@epfl.ch O bertrand.dutoit@epfl.ch 0 0 1 0 0 0 0 a div visible-xxs 16 1
BC O bc 0 0 0 0 0 0 1 a span visible-xxs 17 1
224 O 224 0 0 0 1 0 0 0 a span visible-xxs 17 1

Olivier B-PER olivier 1 1 0 0 0 0 1 a h2 media-header-full 16 0
Lévêque I-PER leveque 1 1 0 0 0 0 1 a h2 media-header-full 16 1

LTHI O lthi 0 0 0 0 0 0 1 a span media-info 16 0

olivier.leveque@epfl.ch O olivier.leveque@epfl.ch 0 0 1 0 0 0 0 a div visible-xxs 16 1
INR O inr 0 0 0 0 0 0 1 a span visible-xxs 17 1
132 O 132 0 0 0 1 0 0 0 a span visible-xxs 17 1

Nicolas B-PER nicolas 1 1 0 0 0 0 1 a h2 media-header-full 16 0
Macris I-PER macris 1 1 0 0 0 0 1 a h2 media-header-full 16 1

EPFL O epfl 0 0 0 0 0 0 1 a span media-info 16 0
- O - 0 0 0 0 0 0 0 a span media-info 16 0
IC O ic 0 0 0 0 0 0 1 a span media-info 16 0
- O - 0 0 0 0 0 0 0 a span media-info 16 0
ISC O isc 0 0 0 0 0 0 1 a span media-info 16 0
- O - 0 0 0 0 0 0 0 a span media-info 16 0
LTHC O lthc 0 0 0 0 0 0 1 a span media-info 16 0

nicolas.macris@epfl.ch O nicolas.macris@epfl.ch 0 0 1 0 0 0 0 a div visible-xxs 16 1
INR O inr 0 0 0 0 0 0 1 a span visible-xxs 17 1
134 O 134 0 0 0 1 0 0 0 a span visible-xxs 17 1

Pearl B-PER pearl 1 1 0 0 0 0 1 a h2 media-header-full 16 0
Pu I-PER pu 1 1 0 0 0 0 1 a h2 media-header-full 16 1
Faltings I-PER faltings 0 1 0 0 0 0 1 a h2 media-header-full 16 1

HCI O hci 0 0 0 0 0 0 1 a span media-info 16 0

pearl.pu@epfl.ch O pearl.pu@epfl.ch 0 0 1 0 0 0 0 a div visible-xxs 16 1
BC O bc 0 0 0 0 0 0 1 a span visible-xxs 17 1
107 O 107 0 0 0 1 0 0 0 a span visible-xxs 17 1

Martin B-PER martin 1 1 0 0 0 0 1 a h2 media-header-full 16 0
Rajman I-PER rajman 1 1 0 0 0 0 1 a h2 media-header-full 16 1

NANO O nano 0 0 0 0 0 0 1 a span media-info 16 0
- O - 0 0 0 0 0 0 0 a span media-info 16 0
TERA O tera 0 0 0 0 0 0 1 a span media-info 16 0

martin.rajman@epfl.ch O martin.rajman@epfl.ch 0 0 1 0 0 0 0 a div visible-xxs 16 1
INR O inr 0 0 0 0 0 0 1 a span visible-xxs 17 1
233 O 233 0 0 0 1 0 0 0 a span visible-xxs 17 1

External O external 0 0 0 0 0 0 1 div div htmlBox 11 0
adjunct O adjunct 0 0 0 0 0 0 0 div div htmlBox 11 0
Professors O professors 0 0 0 0 1 0 1 div div htmlBox 11 0

Jean B-PER jean 0 1 0 0 0 0 1 a h2 media-header-full 16 0
- I-PER - 0 0 0 0 0 0 0 a h2 media-header-full 16 0
Dominique I-PER dominique 0 1 0 0 0 0 1 a h2 media-header-full 16 0
Decotignie I-PER decotignie 0 1 0 0 0 0 1 a h2 media-header-full 16 1

LAMS O lams 0 0 0 0 0 0 1 a span media-info 16 0

jean O jean 0 0 0 0 0 0 0 a div visible-xxs 16 1
- O - 0 0 0 0 0 0 0 a div visible-xxs 16 1
dominique.decotignie@epfl.ch O dominique.decotignie@epfl.ch 0 0 1 0 0 0 0 a div visible-xxs 16 1
BC O bc 0 0 0 0 0 0 1 a span visible-xxs 17 1
140 O 140 0 0 0 1 0 0 0 a span visible-xxs 17 1

Christian B-PER christian 1 1 0 0 0 0 1 a h2 media-header-full 16 0
Piguet I-PER piguet 1 1 0 0 0 0 1 a h2 media-header-full 16 1

LAP O lap 0 0 0 0 0 0 1 a span media-info 16 0

christian.piguet@epfl.ch O christian.piguet@epfl.ch 0 0 1 0 0 0 0 a div visible-xxs 16 1
INF O inf 0 0 0 0 0 0 1 a span visible-xxs 17 1
131 O 131 0 0 0 1 0 0 0 a span visible-xxs 17 1

Honorary O honorary 0 0 0 0 1 0 1 div div htmlBox 11 0
Professors O professors 0 0 0 0 1 0 1 div div htmlBox 11 0

Pierre B-PER pierre 0 1 0 0 0 0 1 a h2 media-header-full 16 0
Bremaud I-PER bremaud 0 0 0 0 0 0 1 a h2 media-header-full 16 1

pierre.bremaud@epfl.ch O pierre.bremaud@epfl.ch 0 0 1 0 0 0 0 a div visible-xxs 16 1

Giovanni B-PER giovanni 1 1 0 0 0 0 1 a h2 media-header-full 16 0
Coray I-PER coray 1 1 0 0 0 0 1 a h2 media-header-full 16 1

Martin B-PER martin 1 1 0 0 0 0 1 a h2 media-header-full 16 0
Hasler I-PER hasler 1 1 0 0 0 0 1 a h2 media-header-full 16 1

DYNNET O dynnet 0 0 0 0 0 0 1 a span media-info 16 0

martin.hasler@epfl.ch O martin.hasler@epfl.ch 0 0 1 0 0 0 0 a div visible-xxs 16 1
BC O bc 0 0 0 0 0 0 1 a span visible-xxs 17 1
220 O 220 0 0 0 1 0 0 0 a span visible-xxs 17 1

Roger B-PER roger 1 1 0 0 0 0 1 a h2 media-header-full 16 0
D. I-PER d. 1 1 0 0 0 0 1 a h2 media-header-full 16 0
Hersch I-PER hersch 1 1 0 0 0 0 1 a h2 media-header-full 16 1

LSP O lsp 0 0 0 0 0 0 1 a span media-info 16 0

rd.hersch@epfl.ch O rd.hersch@epfl.ch 0 0 1 0 0 0 0 a div visible-xxs 16 1
INF O inf 0 0 0 0 0 0 1 a span visible-xxs 17 1
013 O 013 0 0 0 1 0 0 0 a span visible-xxs 17 1

Philippe B-PER philippe 0 1 0 0 0 0 1 a h2 media-header-full 16 0
Janson I-PER janson 0 1 0 0 0 0 1 a h2 media-header-full 16 1

LACAL O lacal 0 0 0 0 0 0 1 a span media-info 16 0

philippe.janson@epfl.ch O philippe.janson@epfl.ch 0 0 1 0 0 0 0 a div visible-xxs 16 1
INJ O inj 0 0 0 0 0 0 1 a span visible-xxs 17 1
334 O 334 0 0 0 1 0 0 0 a span visible-xxs 17 1

Hubert B-PER hubert 0 1 0 0 0 0 1 a h2 media-header-full 16 0
Kirrmann I-PER kirrmann 0 1 0 0 0 0 1 a h2 media-header-full 16 1

LAMS O lams 0 0 0 0 0 0 1 a span media-info 16 0

hubert.kirrmann@epfl.ch O hubert.kirrmann@epfl.ch 0 0 1 0 0 0 0 a div visible-xxs 16 1
BC O bc 0 0 0 0 0 0 1 a span visible-xxs 17 1
140 O 140 0 0 0 1 0 0 0 a span visible-xxs 17 1

Daniel B-PER daniel 1 1 0 0 0 0 1 a h2 media-header-full 16 0
Mange I-PER mange 1 1 0 0 0 0 1 a h2 media-header-full 16 1

RDSG O rdsg 0 0 0 0 0 0 1 a span media-info 16 0

daniel.mange@epfl.ch O daniel.mange@epfl.ch 0 0 1 0 0 0 0 a div visible-xxs 16 1
INM O inm 0 0 0 0 0 0 1 a span visible-xxs 17 1
016 O 016 0 0 0 1 0 0 0 a span visible-xxs 17 1

Bernard B-PER bernard 0 1 0 0 0 0 1 a h2 media-header-full 16 0
Moret I-PER moret 0 1 0 0 0 0 1 a h2 media-header-full 16 1

LCBB O lcbb 0 0 0 0 0 0 1 a span media-info 16 0

bernard.moret@epfl.ch O bernard.moret@epfl.ch 0 0 1 0 0 0 0 a div visible-xxs 16 1
INJ O inj 0 0 0 0 0 0 1 a span visible-xxs 17 1
230 O 230 0 0 0 1 0 0 0 a span visible-xxs 17 1

Jean B-PER jean 0 1 0 0 0 0 1 a h2 media-header-full 16 0
- I-PER - 0 0 0 0 0 0 0 a h2 media-header-full 16 0
Daniel I-PER daniel 0 1 0 0 0 0 1 a h2 media-header-full 16 0
Nicoud I-PER nicoud 0 1 0 0 0 0 1 a h2 media-header-full 16 1

LAP O lap 0 0 0 0 0 0 1 a span media-info 16 0

jean O jean 0 0 0 0 0 0 0 a div visible-xxs 16 1
- O - 0 0 0 0 0 0 0 a div visible-xxs 16 1
daniel.nicoud@epfl.ch O daniel.nicoud@epfl.ch 0 0 1 0 0 0 0 a div visible-xxs 16 1

Henri B-PER henri 0 1 0 0 0 0 1 a h2 media-header-full 16 0
Nussbaumer I-PER nussbaumer 0 1 0 0 0 0 1 a h2 media-header-full 16 1

PH O ph 0 0 0 0 0 0 1 a span media-info 16 0
- O - 0 0 0 0 0 0 0 a span media-info 16 0
IC O ic 0 0 0 0 0 0 1 a span media-info 16 0

henri.nussbaumer@epfl.ch O henri.nussbaumer@epfl.ch 0 0 1 0 0 0 0 a div visible-xxs 16 1

Claude B-PER claude 1 1 0 0 0 0 1 a h2 media-header-full 16 0
Petitpierre I-PER petitpierre 1 1 0 0 0 0 1 a h2 media-header-full 16 1

LTI O lti 0 0 0 0 0 0 1 a span media-info 16 0

claude.petitpierre@epfl.ch O claude.petitpierre@epfl.ch 0 0 1 0 0 0 0 a div visible-xxs 16 1
INN O inn 0 0 0 0 0 0 1 a span visible-xxs 17 1
314 O 314 0 0 0 1 0 0 0 a span visible-xxs 17 1

Eduardo B-PER eduardo 1 1 0 0 0 0 1 a h2 media-header-full 16 0
Sanchez I-PER sanchez 1 1 0 0 0 0 1 a h2 media-header-full 16 1

RDSG O rdsg 0 0 0 0 0 0 1 a span media-info 16 0

eduardo.sanchez@epfl.ch O eduardo.sanchez@epfl.ch 0 0 1 0 0 0 0 a div visible-xxs 16 1
INN O inn 0 0 0 0 0 0 1 a span visible-xxs 17 1
236 O 236 0 0 0 1 0 0 0 a span visible-xxs 17 1

André B-PER andre 1 1 0 0 1 0 1 a h2 media-header-full 16 0
Schiper I-PER schiper 1 1 0 0 0 0 1 a h2 media-header-full 16 1

LSR O lsr 0 0 0 0 0 0 1 a span media-info 16 0

andre.schiper@epfl.ch O andre.schiper@epfl.ch 0 0 1 0 1 0 0 a div visible-xxs 16 1
INF O inf 0 0 0 0 0 0 1 a span visible-xxs 17 1
236 O 236 0 0 0 1 0 0 0 a span visible-xxs 17 1

Stefano B-PER stefano 1 1 0 0 0 0 1 a h2 media-header-full 16 0
Spaccapietra I-PER spaccapietra 1 1 0 0 0 0 1 a h2 media-header-full 16 1

LSIR O lsir 0 0 0 0 0 0 1 a span media-info 16 0

stefano.spaccapietra@epfl.ch O stefano.spaccapietra@epfl.ch 0 0 1 0 0 0 0 a div visible-xxs 16 1

Alfred B-PER alfred 1 1 0 0 0 0 1 a h2 media-header-full 16 0
Strohmeier I-PER strohmeier 1 1 0 0 0 0 1 a h2 media-header-full 16 1

Daniel B-PER daniel 1 1 0 0 0 0 1 a h2 media-header-full 16 0
Thalmann I-PER thalmann 1 1 0 0 0 0 1 a h2 media-header-full 16 1

VRLAB O vrlab 0 0 0 0 0 0 1 a span media-info 16 0

daniel.thalmann@epfl.ch O daniel.thalmann@epfl.ch 0 0 1 0 0 0 0 a div visible-xxs 16 1
INJ O inj 0 0 0 0 0 0 1 a span visible-xxs 17 1
136 O 136 0 0 0 1 0 0 0 a span visible-xxs 17 1

Dean O dean 0 1 0 0 0 0 1 li ul nav-link 14 0
' O ' 0 0 0 0 0 0 0 li ul nav-link 14 0
s O s 0 0 0 0 0 0 0 li ul nav-link 14 0
Office O office 0 0 0 0 0 0 1 li ul nav-link 14 0

Committees O committees 0 0 0 0 0 0 1 li ul nav-link 14 0

Section O section 0 1 0 0 0 0 1 li ul nav-link 14 0
Directors O directors 0 0 0 0 0 0 1 li ul nav-link 14 0

Alumni O alumni 0 0 0 0 0 0 1 li ul nav-link 14 0
in O in 0 1 0 0 0 0 0 li ul nav-link 14 0
Academia O academia 0 0 0 0 0 0 1 li ul nav-link 14 0

People O people 0 1 0 0 0 0 1 li ul nav-link 14 0

Recently O recently 0 0 0 0 0 0 1 li ul nav-link 16 0
nominated/hired O nominated/hired 0 0 0 0 0 0 0 li ul nav-link 16 0
people O people 0 0 0 0 0 0 0 li ul nav-link 16 0

Sabbaticals O sabbaticals 0 0 0 0 0 0 1 li ul nav-link 16 0
and O and 0 1 0 0 0 0 0 li ul nav-link 16 0
academic O academic 0 0 0 0 0 0 0 li ul nav-link 16 0
leaves O leaves 0 0 0 0 0 0 0 li ul nav-link 16 0

Visiting O visiting 0 0 0 0 0 0 1 li ul nav-link 16 0
Professors O professors 0 0 0 0 1 0 1 li ul nav-link 16 0

Awards O awards 0 0 0 0 0 0 1 li ul nav-link 16 0
and O and 0 1 0 0 0 0 0 li ul nav-link 16 0
Medals O medals 0 0 0 0 0 0 1 li ul nav-link 16 0

European O european 0 0 0 0 0 0 1 li ul nav-link 18 0
Research O research 0 1 0 0 0 0 1 li ul nav-link 18 0
Council O council 0 1 0 0 0 0 1 li ul nav-link 18 0
( O ( 0 0 0 0 0 0 0 li ul nav-link 18 0
ERC O erc 0 0 0 0 0 0 1 li ul nav-link 18 0
) O ) 0 0 0 0 0 0 0 li ul nav-link 18 0
Grants O grants 0 0 0 0 0 0 1 li ul nav-link 18 0

Books O books 0 0 0 0 0 0 1 li ul nav-link 16 0
by O by 0 1 0 0 0 0 0 li ul nav-link 16 0
IC O ic 0 0 0 0 0 0 1 li ul nav-link 16 0
School O school 0 1 0 0 0 0 1 li ul nav-link 16 0
members O members 0 0 0 0 0 0 0 li ul nav-link 16 0

Student O student 0 1 0 0 0 0 1 li ul nav-link 14 0
Achievements O achievements 0 0 0 0 0 0 1 li ul nav-link 14 0

Tech O tech 0 1 0 0 0 0 1 li ul nav-link 14 0
transfer O transfer 0 0 0 0 0 0 0 li ul nav-link 14 0

Advisory O advisory 0 0 0 0 0 0 1 li ul nav-link 14 0
Board O board 0 1 0 0 0 0 1 li ul nav-link 14 0

School O school 0 1 0 0 0 0 1 li ul nav-link 14 0
Council O council 0 1 0 0 0 0 1 li ul nav-link 14 0

IC O ic 0 0 0 0 0 0 1 li ul nav-link 14 0
Associations O associations 0 0 0 0 0 0 1 li ul nav-link 14 0

IC O ic 0 0 0 0 0 0 1 li ul nav-link 16 0
Students O students 0 0 0 0 0 0 1 li ul nav-link 16 0
Association O association 0 0 0 0 0 0 1 li ul nav-link 16 0
( O ( 0 0 0 0 0 0 0 li ul nav-link 16 0
CLIC O clic 0 0 0 0 0 0 1 li ul nav-link 16 0
) O ) 0 0 0 0 0 0 0 li ul nav-link 16 0

IC O ic 0 0 0 0 0 0 1 li ul nav-link 16 0
Graduate O graduate 1 1 0 0 0 0 1 li ul nav-link 16 0
Students O students 0 0 0 0 0 0 1 li ul nav-link 16 0
Association O association 0 0 0 0 0 0 1 li ul nav-link 16 0
( O ( 0 0 0 0 0 0 0 li ul nav-link 16 0
GSA O gsa 0 0 0 0 0 0 1 li ul nav-link 16 0
) O ) 0 0 0 0 0 0 0 li ul nav-link 16 0

EPFL O epfl 0 0 0 0 0 0 1 li ul nav-link 16 0
Alumni O alumni 0 0 0 0 0 0 1 li ul nav-link 16 0
( O ( 0 0 0 0 0 0 0 li ul nav-link 16 0
A3 O a3 0 0 0 1 0 0 1 li ul nav-link 16 0
) O ) 0 0 0 0 0 0 0 li ul nav-link 16 0

IC O ic 0 0 0 0 0 0 1 li ul nav-link 14 0
Contacts O contacts 0 0 0 0 0 0 1 li ul nav-link 14 0

Reception O reception 0 0 0 0 0 0 1 li ul nav-link 16 0
contacts O contacts 0 0 0 0 0 0 0 li ul nav-link 16 0

Media O media 0 1 0 0 0 0 1 li ul nav-link 16 0
contacts O contacts 0 0 0 0 0 0 0 li ul nav-link 16 0

IT O it 0 0 0 0 0 0 1 li ul nav-link 16 0
contacts O contacts 0 0 0 0 0 0 0 li ul nav-link 16 0

IC O ic 0 0 0 0 0 0 1 li ul nav-link 14 0
Intranet O intranet 0 0 0 0 0 0 1 li ul nav-link 14 0
( O ( 0 0 0 0 0 0 0 li ul nav-link 14 0
restricted O restricted 0 0 0 0 0 0 0 li ul nav-link 14 0
access O access 0 0 0 0 0 0 0 li ul nav-link 14 0
) O ) 0 0 0 0 0 0 0 li ul nav-link 14 0

Find O find 0 1 0 0 0 0 1 h1 div panel-content 13 0
a O a 0 1 0 0 0 0 0 h1 div panel-content 13 0
person O person 0 0 0 0 0 0 0 h1 div panel-content 13 0

Wiki O wiki 0 0 0 0 0 0 1 section aside panel-header 11 0

Wiki O wiki 0 0 0 0 0 0 1 h4 div panel-content 13 0
for O for 0 1 0 0 0 0 0 h4 div panel-content 13 0
IC O ic 0 0 0 0 0 0 1 h4 div panel-content 13 0
professors O professors 0 0 0 0 1 0 0 h4 div panel-content 13 0
( O ( 0 0 0 0 0 0 0 div section panel-content 12 0
restricted O restricted 0 0 0 0 0 0 0 div section panel-content 12 0
access O access 0 0 0 0 0 0 0 div section panel-content 12 0
) O ) 0 0 0 0 0 0 0 div section panel-content 12 0

Top O top 0 1 0 0 0 0 1 li ul nav-link 12 0
of O of 0 1 0 0 0 0 0 li ul nav-link 12 0
the O the 0 1 0 0 0 0 0 li ul nav-link 12 0
page O page 0 0 0 0 0 0 0 li ul nav-link 12 0

Sitemap O sitemap 0 0 0 0 0 0 1 li ul nav-link 12 0

Accessibility O accessibility 0 0 0 0 0 0 1 li ul nav-link 12 0

Legal O legal 0 1 0 0 0 0 1 li ul nav-link 12 0
notice O notice 0 0 0 0 0 0 0 li ul nav-link 12 0

Webmaster O webmaster 0 0 0 0 0 0 1 li ul nav-link 12 0

Updated O updated 0 0 0 0 0 0 1 ul nav secondary-content 11 11
26.08.2017 O 26.08.2017 0 0 0 1 0 0 0 ul nav secondary-content 11 11

© O © 0 0 0 0 0 0 0 ul nav secondary-content 11 13
EPFL O epfl 0 0 0 0 0 0 1 li ul secondary-content 12 0
2016 O 2016 0 0 0 1 0 0 0 li ul secondary-content 12 1

Login O login 0 0 0 0 0 0 1 li ul nav-link 12 0
